person_age,person_income,person_home_ownership,person_emp_length,loan_intent,loan_grade,loan_amnt,loan_int_rate,loan_percent_income,cb_person_default_on_file,cb_person_cred_hist_length
25,107000,MORTGAGE,0.0,MEDICAL,C,7000,12.87,0.07,0,2
29,75000,MORTGAGE,2.0,MEDICAL,C,8000,12.99,0.11,0,10
23,72000,OWN,4.0,PERSONAL,A,15000,6.99,0.21,0,2
22,29000,RENT,6.0,MEDICAL,A,10000,7.29,0.34,0,3
23,28000,RENT,0.0,DEBTCONSOLIDATION,B,3000,10.25,0.11,0,4
22,63000,MORTGAGE,6.0,MEDICAL,A,10800,5.99,0.17,0,2
26,48000,MORTGAGE,7.0,HOMEIMPROVEMENT,C,16750,14.26,0.35,1,3
41,33150,RENT,5.0,EDUCATION,C,11500,12.98,0.35,0,15
25,66252,OWN,10.0,MEDICAL,C,5000,12.53,0.08,1,4
30,40750,RENT,2.0,DEBTCONSOLIDATION,D,3000,15.28,0.07,0,10
22,13440,RENT,1.0,MEDICAL,B,4800,12.53,0.36,0,4
24,28000,RENT,9.0,DEBTCONSOLIDATION,C,8000,12.84,0.29,0,4
36,65000,RENT,7.0,MEDICAL,C,15000,13.72,0.23,0,11
22,36000,RENT,4.0,DEBTCONSOLIDATION,B,5075,10.99,0.14,0,2
25,38400,RENT,9.0,VENTURE,B,8500,10.99,0.22,0,2
22,65000,RENT,3.0,EDUCATION,A,5300,6.62,0.08,0,3
23,68000,RENT,3.0,MEDICAL,B,15700,11.49,0.23,0,2
30,75600,RENT,0.0,PERSONAL,B,25000,9.99,0.33,0,8
23,78504,RENT,7.0,VENTURE,B,25000,10.74,0.32,0,3
27,95800,RENT,1.0,DEBTCONSOLIDATION,B,2500,11.58,0.03,0,9
32,120000,MORTGAGE,7.0,PERSONAL,D,28250,16.77,0.24,1,9
33,114000,MORTGAGE,2.0,DEBTCONSOLIDATION,C,21000,13.16,0.18,0,9
25,45000,RENT,4.0,DEBTCONSOLIDATION,C,15000,13.48,0.33,0,3
23,42000,RENT,7.0,VENTURE,C,15000,13.49,0.36,0,3
30,200000,RENT,5.0,DEBTCONSOLIDATION,B,10000,11.36,0.05,0,9
30,54000,RENT,14.0,PERSONAL,D,4425,17.49,0.08,1,9
37,408000,RENT,14.0,EDUCATION,C,6000,12.61,0.01,0,13
23,37700,MORTGAGE,4.0,EDUCATION,D,8000,15.62,0.21,1,3
35,85000,RENT,1.0,VENTURE,A,3600,7.51,0.04,0,7
22,14400,OWN,2.0,MEDICAL,B,4000,10.99,0.28,0,3
26,63000,RENT,2.0,VENTURE,B,8000,12.53,0.13,0,2
26,51500,OWN,10.0,HOMEIMPROVEMENT,A,15000,6.92,0.29,0,2
24,49000,RENT,2.0,VENTURE,D,7800,15.62,0.16,0,2
30,90000,RENT,3.0,MEDICAL,C,12000,12.29,0.13,0,5
22,57996,MORTGAGE,4.0,VENTURE,A,21250,6.91,0.37,0,4
44,48000,MORTGAGE,12.0,DEBTCONSOLIDATION,B,17500,12.18,0.36,0,15
22,48000,MORTGAGE,6.0,DEBTCONSOLIDATION,C,10000,13.49,0.21,1,4
25,63000,MORTGAGE,3.0,EDUCATION,C,3000,13.47,0.05,0,2
21,27000,RENT,4.0,DEBTCONSOLIDATION,C,4800,13.49,0.18,0,4
23,30000,RENT,2.0,VENTURE,A,3000,7.49,0.1,0,2
28,56000,OWN,10.0,HOMEIMPROVEMENT,C,12000,14.72,0.21,1,7
23,20400,RENT,2.0,MEDICAL,A,1200,7.9,0.06,0,2
31,250000,MORTGAGE,2.0,MEDICAL,C,4000,14.22,0.02,1,10
23,38896,RENT,2.0,PERSONAL,C,7200,13.48,0.19,1,3
26,70000,MORTGAGE,0.0,DEBTCONSOLIDATION,A,8000,7.49,0.11,0,2
25,162000,RENT,5.0,EDUCATION,A,14500,7.9,0.09,0,4
47,69000,MORTGAGE,19.0,VENTURE,A,20000,6.54,0.29,0,12
23,64000,MORTGAGE,7.0,EDUCATION,A,2100,6.03,0.03,0,2
21,15600,RENT,0.0,MEDICAL,A,2800,7.4,0.18,0,4
41,60000,MORTGAGE,5.0,MEDICAL,C,3850,13.35,0.06,0,13
30,45000,RENT,0.0,MEDICAL,B,3000,10.62,0.07,0,10
22,81000,MORTGAGE,5.0,EDUCATION,B,9100,12.42,0.11,0,3
29,99000,MORTGAGE,1.0,HOMEIMPROVEMENT,B,6000,10.25,0.06,0,5
23,80000,MORTGAGE,7.0,PERSONAL,A,4000,7.51,0.05,0,3
24,37000,RENT,3.0,PERSONAL,B,5500,9.2,0.15,0,2
21,65004,MORTGAGE,5.0,DEBTCONSOLIDATION,B,5000,9.99,0.08,0,3
28,39000,RENT,3.0,PERSONAL,B,5000,10.25,0.13,0,7
28,42000,RENT,9.0,EDUCATION,A,2500,8.49,0.06,0,8
22,45000,RENT,1.0,PERSONAL,C,2800,13.49,0.06,1,2
37,72000,MORTGAGE,9.0,PERSONAL,C,1600,13.92,0.02,0,12
33,44400,MORTGAGE,3.0,VENTURE,C,2000,14.22,0.05,1,9
24,40000,RENT,2.0,PERSONAL,A,8000,6.17,0.2,0,2
24,112500,MORTGAGE,3.0,DEBTCONSOLIDATION,C,8600,13.11,0.08,0,4
22,59000,OTHER,1.0,DEBTCONSOLIDATION,D,15000,15.31,0.25,1,2
35,62500,OWN,2.0,MEDICAL,A,1600,5.42,0.03,0,5
27,94500,MORTGAGE,2.0,PERSONAL,C,10000,14.26,0.11,0,5
28,35328,MORTGAGE,12.0,DEBTCONSOLIDATION,A,13000,7.49,0.37,0,9
21,30067,RENT,5.0,VENTURE,C,10750,12.68,0.36,0,3
25,80000,MORTGAGE,4.0,PERSONAL,A,11000,6.62,0.14,0,3
26,50000,MORTGAGE,10.0,MEDICAL,C,13000,11.97,0.26,1,3
29,64548,MORTGAGE,3.0,MEDICAL,B,15000,10.99,0.23,0,7
23,31000,RENT,1.0,PERSONAL,D,1000,14.96,0.03,1,3
23,80000,RENT,2.0,MEDICAL,C,16000,13.85,0.2,0,3
26,75000,RENT,0.0,HOMEIMPROVEMENT,A,3600,8.94,0.05,0,4
22,42000,RENT,3.0,EDUCATION,B,8500,12.53,0.2,0,4
24,64656,MORTGAGE,8.0,EDUCATION,B,14500,10.99,0.22,0,4
29,56500,MORTGAGE,13.0,MEDICAL,A,14750,7.49,0.26,0,8
25,48000,MORTGAGE,0.0,MEDICAL,C,23500,13.49,0.49,1,4
25,115000,MORTGAGE,3.0,DEBTCONSOLIDATION,C,7000,13.48,0.06,1,4
22,30000,RENT,4.0,EDUCATION,C,6500,13.85,0.22,1,3
34,25200,RENT,6.0,PERSONAL,C,12000,13.48,0.48,0,10
27,31200,RENT,0.0,VENTURE,C,6000,13.49,0.19,1,7
23,48000,RENT,3.0,EDUCATION,B,6600,11.11,0.14,0,2
35,74984,RENT,2.0,VENTURE,A,13500,7.29,0.18,0,9
23,70560,RENT,1.0,VENTURE,A,9600,7.9,0.14,0,4
32,35000,MORTGAGE,9.0,VENTURE,A,12000,9.63,0.34,0,8
23,69000,RENT,1.0,EDUCATION,D,9000,14.09,0.13,1,3
22,62050,MORTGAGE,1.0,MEDICAL,C,2000,13.35,0.03,1,4
24,87500,MORTGAGE,8.0,MEDICAL,A,10000,6.17,0.11,0,4
33,92259,RENT,2.0,EDUCATION,B,11500,10.0,0.12,0,7
23,75000,MORTGAGE,7.0,VENTURE,B,15000,10.38,0.2,0,3
33,97000,RENT,4.0,HOMEIMPROVEMENT,C,7000,12.98,0.07,0,5
29,55000,MORTGAGE,11.0,MEDICAL,B,4000,10.99,0.07,0,6
36,30000,OWN,4.0,VENTURE,B,8000,9.99,0.27,0,15
23,80000,RENT,4.0,PERSONAL,A,6475,6.99,0.08,0,3
25,50000,MORTGAGE,2.0,PERSONAL,A,10000,7.9,0.2,0,4
30,50000,OWN,5.0,EDUCATION,A,5000,7.14,0.1,0,7
23,60000,MORTGAGE,6.0,EDUCATION,C,7000,12.99,0.12,1,2
33,24000,RENT,4.0,DEBTCONSOLIDATION,D,1000,14.91,0.04,1,10
28,25200,RENT,2.0,EDUCATION,B,3700,9.62,0.15,0,8
26,37225,RENT,4.0,PERSONAL,C,2500,13.48,0.07,0,3
51,28000,RENT,3.0,VENTURE,B,8000,11.86,0.29,0,26
24,80000,MORTGAGE,4.0,VENTURE,A,3000,6.99,0.04,0,2
25,200000,MORTGAGE,3.0,VENTURE,E,35000,17.14,0.17,1,3
22,29120,RENT,1.0,VENTURE,B,6800,10.59,0.23,0,2
24,100000,MORTGAGE,8.0,VENTURE,F,30000,18.62,0.3,1,2
24,37000,RENT,8.0,MEDICAL,D,10500,15.31,0.28,0,2
55,75000,MORTGAGE,6.0,PERSONAL,D,7700,14.84,0.1,1,18
28,60000,RENT,2.0,PERSONAL,B,12000,12.18,0.2,0,10
26,100000,RENT,5.0,VENTURE,C,15000,13.49,0.15,1,4
27,36672,RENT,11.0,PERSONAL,A,8000,7.9,0.22,0,9
21,36000,RENT,5.0,MEDICAL,D,20000,15.31,0.56,1,2
25,90000,RENT,9.0,HOMEIMPROVEMENT,C,6000,13.49,0.07,0,4
27,102000,MORTGAGE,6.0,VENTURE,A,10000,9.63,0.1,0,9
26,27000,MORTGAGE,4.0,DEBTCONSOLIDATION,A,3000,5.79,0.11,0,3
35,62000,MORTGAGE,0.0,EDUCATION,A,9475,6.03,0.15,0,5
50,118000,RENT,16.0,EDUCATION,C,24250,13.92,0.21,0,12
26,50000,MORTGAGE,8.0,VENTURE,B,8000,10.59,0.16,0,2
24,100000,MORTGAGE,8.0,PERSONAL,D,17400,16.07,0.17,1,4
30,15000,RENT,2.0,HOMEIMPROVEMENT,D,4000,13.67,0.27,1,7
27,44400,RENT,7.0,VENTURE,B,7000,10.0,0.16,0,6
24,80000,MORTGAGE,8.0,HOMEIMPROVEMENT,A,18000,7.9,0.23,0,2
24,50004,OWN,2.0,MEDICAL,B,10000,11.12,0.2,0,2
26,65000,RENT,3.0,EDUCATION,A,7000,7.49,0.11,0,2
22,25000,RENT,3.0,DEBTCONSOLIDATION,D,1000,15.95,0.04,0,2
25,51500,OTHER,1.0,MEDICAL,D,13000,16.07,0.25,0,2
23,39600,RENT,7.0,PERSONAL,B,9000,11.99,0.23,0,3
26,38000,RENT,6.0,VENTURE,B,7800,12.53,0.21,0,4
29,55476,MORTGAGE,1.0,MEDICAL,D,10000,15.33,0.18,1,8
28,60000,OWN,0.0,VENTURE,B,7000,11.11,0.12,0,5
21,18000,RENT,2.0,PERSONAL,B,4500,10.38,0.25,0,3
22,57000,MORTGAGE,4.0,EDUCATION,A,12875,7.9,0.23,0,2
23,38000,RENT,7.0,VENTURE,A,10000,7.51,0.26,0,4
28,62000,RENT,0.0,HOMEIMPROVEMENT,A,15000,7.9,0.24,0,10
24,80000,OWN,8.0,VENTURE,A,12000,7.49,0.15,0,3
26,42000,MORTGAGE,4.0,MEDICAL,B,15000,11.26,0.36,0,4
23,21000,OWN,2.0,VENTURE,C,6000,15.27,0.29,0,2
36,51000,MORTGAGE,4.0,HOMEIMPROVEMENT,B,4775,11.14,0.09,0,14
41,60000,RENT,6.0,PERSONAL,A,5000,5.42,0.08,0,17
23,86250,MORTGAGE,5.0,VENTURE,A,20000,6.91,0.23,0,2
37,89532,RENT,9.0,MEDICAL,B,6600,12.53,0.07,0,12
33,83000,MORTGAGE,14.0,DEBTCONSOLIDATION,A,18000,8.49,0.22,0,6
29,18000,RENT,3.0,VENTURE,B,1700,11.12,0.09,0,8
22,38000,MORTGAGE,5.0,EDUCATION,B,4200,9.25,0.11,0,2
24,44000,MORTGAGE,4.0,HOMEIMPROVEMENT,A,2200,8.9,0.05,0,4
31,22000,RENT,6.0,EDUCATION,B,4800,10.65,0.22,0,10
24,28800,RENT,3.0,DEBTCONSOLIDATION,C,9250,13.57,0.32,0,3
34,28880,RENT,2.0,VENTURE,C,3000,11.78,0.1,0,9
22,35000,RENT,0.0,VENTURE,C,2000,12.99,0.06,1,2
21,26400,RENT,4.0,PERSONAL,D,7000,14.84,0.27,1,3
30,60000,MORTGAGE,5.0,HOMEIMPROVEMENT,A,7000,7.49,0.12,0,8
22,28800,RENT,6.0,EDUCATION,B,8000,11.49,0.28,0,2
23,95000,RENT,2.0,VENTURE,B,13600,11.11,0.14,0,2
23,32000,MORTGAGE,4.0,EDUCATION,A,1200,7.68,0.04,0,2
29,75000,RENT,0.0,PERSONAL,C,17200,14.27,0.23,1,8
22,50000,MORTGAGE,4.0,EDUCATION,A,12000,7.29,0.24,0,3
25,41508,MORTGAGE,9.0,EDUCATION,C,1600,13.11,0.04,1,3
29,17000,RENT,0.0,EDUCATION,C,1450,13.48,0.09,0,6
24,50000,RENT,8.0,HOMEIMPROVEMENT,D,2000,15.31,0.04,0,2
26,26400,RENT,6.0,MEDICAL,C,6000,6.0,0.23,0,4
23,48996,RENT,2.0,MEDICAL,D,15000,15.99,0.31,0,4
28,77000,MORTGAGE,4.0,DEBTCONSOLIDATION,B,2600,11.71,0.03,0,5
24,38000,RENT,8.0,MEDICAL,B,8000,11.49,0.21,0,2
24,52800,RENT,2.0,VENTURE,A,9000,7.9,0.17,0,2
31,96000,MORTGAGE,15.0,EDUCATION,B,4000,10.99,0.04,0,8
30,79820,RENT,4.0,EDUCATION,C,14400,13.49,0.18,0,6
42,38000,MORTGAGE,9.0,MEDICAL,A,6500,7.49,0.17,0,14
23,60000,MORTGAGE,7.0,EDUCATION,A,10000,6.03,0.17,0,3
24,27500,RENT,0.0,PERSONAL,E,5000,15.07,0.18,1,4
21,30000,RENT,5.0,MEDICAL,C,9000,12.99,0.3,1,2
25,48600,RENT,0.0,MEDICAL,A,12000,7.49,0.25,0,4
25,32000,RENT,3.0,DEBTCONSOLIDATION,A,3000,8.94,0.09,0,3
33,105000,MORTGAGE,12.0,HOMEIMPROVEMENT,A,7000,7.74,0.07,0,10
24,77000,MORTGAGE,1.0,HOMEIMPROVEMENT,B,4000,11.99,0.05,0,2
22,30000,RENT,2.0,DEBTCONSOLIDATION,C,15000,11.66,0.5,1,3
29,218000,MORTGAGE,1.0,DEBTCONSOLIDATION,F,25000,19.04,0.11,1,9
26,56700,MORTGAGE,3.0,DEBTCONSOLIDATION,A,6000,9.63,0.11,0,4
31,70000,RENT,0.0,PERSONAL,C,10000,13.48,0.14,1,8
24,42000,MORTGAGE,4.0,MEDICAL,A,19000,6.99,0.45,0,3
25,43000,RENT,9.0,MEDICAL,D,15000,15.57,0.35,0,3
30,85000,MORTGAGE,2.0,EDUCATION,C,25000,12.84,0.29,1,8
29,120000,OWN,5.0,MEDICAL,B,8000,11.11,0.07,0,10
27,109000,MORTGAGE,7.0,EDUCATION,A,3950,6.03,0.04,0,7
27,85000,MORTGAGE,8.0,VENTURE,B,7500,10.99,0.09,0,10
24,100000,MORTGAGE,5.0,VENTURE,A,7000,6.76,0.07,0,3
31,50000,RENT,5.0,MEDICAL,A,8800,6.17,0.18,0,9
22,42000,RENT,2.0,EDUCATION,C,7000,14.27,0.17,0,2
24,12480,RENT,1.0,VENTURE,A,7350,6.92,0.59,0,2
25,85000,MORTGAGE,10.0,VENTURE,B,16000,10.99,0.19,0,2
27,112921,MORTGAGE,11.0,HOMEIMPROVEMENT,E,19000,16.35,0.17,0,10
23,44064,RENT,0.0,EDUCATION,B,9500,11.26,0.22,0,2
30,60000,RENT,11.0,DEBTCONSOLIDATION,A,5500,7.51,0.09,0,10
28,40000,RENT,12.0,PERSONAL,B,1000,9.88,0.03,0,9
27,75000,MORTGAGE,1.0,PERSONAL,C,18000,13.57,0.24,1,9
22,70000,RENT,3.0,EDUCATION,B,22000,11.36,0.31,0,4
24,95000,MORTGAGE,8.0,VENTURE,D,16000,15.33,0.17,0,3
29,140000,MORTGAGE,12.0,MEDICAL,B,24250,11.12,0.17,0,8
23,86000,RENT,4.0,MEDICAL,A,14000,6.62,0.16,0,3
22,28500,RENT,3.0,VENTURE,C,3825,15.96,0.13,0,3
28,159000,MORTGAGE,3.0,PERSONAL,B,15000,11.86,0.09,0,8
22,80000,RENT,4.0,PERSONAL,A,7000,7.51,0.09,0,2
27,90000,MORTGAGE,11.0,VENTURE,D,21000,15.62,0.23,0,9
27,113000,MORTGAGE,5.0,DEBTCONSOLIDATION,A,6425,6.03,0.06,0,7
25,115000,MORTGAGE,4.0,VENTURE,A,20000,6.91,0.17,0,2
21,25200,RENT,1.0,PERSONAL,A,4000,8.49,0.16,0,4
34,28800,RENT,0.0,EDUCATION,B,7200,11.99,0.25,0,10
24,60000,RENT,1.0,MEDICAL,B,10000,10.99,0.17,0,3
31,40000,MORTGAGE,4.0,DEBTCONSOLIDATION,B,4625,12.42,0.12,0,5
29,50000,MORTGAGE,4.0,MEDICAL,A,10000,6.03,0.2,0,5
30,148000,RENT,0.0,EDUCATION,D,25000,15.95,0.17,0,8
22,65004,MORTGAGE,5.0,VENTURE,A,12500,6.03,0.19,0,4
24,135000,MORTGAGE,3.0,VENTURE,B,21000,10.38,0.16,0,4
29,77367,OWN,12.0,EDUCATION,A,1000,7.37,0.01,0,9
34,67392,MORTGAGE,0.0,DEBTCONSOLIDATION,C,15000,13.85,0.22,1,8
31,78504,RENT,2.0,EDUCATION,C,10000,11.41,0.13,0,7
28,43200,OWN,5.0,PERSONAL,B,12250,9.99,0.28,0,6
23,48000,OWN,7.0,MEDICAL,A,2500,5.42,0.05,0,3
25,60000,MORTGAGE,9.0,PERSONAL,C,10200,13.92,0.17,1,4
27,150000,RENT,2.0,EDUCATION,B,8000,10.99,0.05,0,7
28,60000,RENT,4.0,HOMEIMPROVEMENT,A,10000,6.54,0.17,0,9
27,60000,OWN,0.0,MEDICAL,D,7500,15.37,0.13,1,5
25,45996,RENT,2.0,VENTURE,G,5000,20.16,0.11,1,2
52,33996,RENT,5.0,MEDICAL,B,8000,9.25,0.24,0,25
35,52000,OWN,3.0,VENTURE,B,10400,9.99,0.2,0,7
25,73000,MORTGAGE,9.0,DEBTCONSOLIDATION,B,9000,11.86,0.12,0,4
24,54996,RENT,8.0,EDUCATION,B,7200,10.99,0.13,0,3
37,43000,RENT,2.0,MEDICAL,B,8500,8.88,0.2,0,11
26,36636,MORTGAGE,4.0,MEDICAL,A,5000,6.03,0.14,0,2
31,68000,RENT,4.0,DEBTCONSOLIDATION,A,12000,7.66,0.18,0,8
22,39300,MORTGAGE,5.0,EDUCATION,D,5325,14.59,0.14,1,3
31,44000,RENT,4.0,DEBTCONSOLIDATION,D,12000,17.27,0.27,0,7
26,63180,OWN,4.0,HOMEIMPROVEMENT,C,5825,13.43,0.09,1,2
26,29000,RENT,6.0,MEDICAL,C,5000,12.99,0.17,1,2
22,32112,MORTGAGE,4.0,PERSONAL,C,15000,13.98,0.47,0,3
22,36000,RENT,6.0,DEBTCONSOLIDATION,B,10500,10.74,0.29,0,2
29,21424,MORTGAGE,1.0,EDUCATION,A,7750,7.51,0.36,0,10
28,81996,MORTGAGE,12.0,EDUCATION,B,3000,12.42,0.04,0,5
23,54000,MORTGAGE,7.0,DEBTCONSOLIDATION,A,3000,7.49,0.06,0,3
38,72000,MORTGAGE,8.0,DEBTCONSOLIDATION,A,6000,5.99,0.08,0,11
31,29000,MORTGAGE,3.0,EDUCATION,B,3500,12.53,0.12,0,5
25,68000,OWN,8.0,HOMEIMPROVEMENT,B,6000,12.42,0.09,0,4
24,123000,RENT,8.0,PERSONAL,D,15000,15.37,0.12,0,4
25,80004,RENT,4.0,HOMEIMPROVEMENT,B,12000,10.36,0.15,0,3
23,92004,RENT,2.0,DEBTCONSOLIDATION,B,8000,11.49,0.09,0,4
24,40000,RENT,4.0,PERSONAL,C,6000,13.99,0.15,1,3
23,125000,RENT,7.0,VENTURE,B,20000,11.11,0.16,0,4
43,60000,RENT,1.0,MEDICAL,B,8000,10.37,0.13,0,16
30,200000,MORTGAGE,0.0,MEDICAL,B,24250,11.48,0.12,0,8
24,100000,MORTGAGE,6.0,MEDICAL,A,20000,6.17,0.2,0,4
24,47000,RENT,3.0,PERSONAL,A,6000,7.66,0.13,0,2
31,26010,MORTGAGE,2.0,HOMEIMPROVEMENT,B,6500,9.99,0.25,0,9
30,50000,RENT,0.0,HOMEIMPROVEMENT,B,10000,10.36,0.2,0,7
25,85000,OWN,1.0,HOMEIMPROVEMENT,C,5000,13.79,0.06,1,2
27,17000,RENT,2.0,VENTURE,D,4000,14.42,0.24,0,8
24,35000,RENT,1.0,MEDICAL,C,4500,12.87,0.13,1,3
28,60000,OWN,0.0,PERSONAL,C,16000,12.72,0.27,0,7
22,30712,RENT,3.0,DEBTCONSOLIDATION,D,10000,15.65,0.33,1,4
29,21000,RENT,2.0,EDUCATION,B,8000,11.71,0.38,0,7
22,39000,OWN,0.0,EDUCATION,F,25000,16.08,0.64,0,3
51,60000,MORTGAGE,1.0,PERSONAL,A,7500,7.49,0.13,0,23
23,40000,RENT,7.0,PERSONAL,A,15000,7.49,0.38,0,3
22,28000,RENT,0.0,EDUCATION,C,6975,12.29,0.25,0,4
33,60000,MORTGAGE,4.0,PERSONAL,B,6300,9.62,0.1,0,10
25,60000,MORTGAGE,9.0,HOMEIMPROVEMENT,B,5500,10.74,0.09,0,2
22,25000,RENT,2.0,VENTURE,B,4000,12.69,0.16,0,3
29,35000,RENT,1.0,MEDICAL,A,5000,7.49,0.14,0,9
33,54000,MORTGAGE,6.0,EDUCATION,B,2100,9.99,0.04,0,6
23,30000,MORTGAGE,3.0,EDUCATION,B,4500,10.62,0.15,0,4
24,98000,MORTGAGE,2.0,PERSONAL,C,5000,13.22,0.05,1,3
27,42996,RENT,11.0,MEDICAL,C,7500,11.91,0.17,0,7
24,72000,RENT,8.0,PERSONAL,C,3200,13.92,0.04,0,3
25,60000,MORTGAGE,4.0,VENTURE,A,14000,7.9,0.23,0,2
33,87000,MORTGAGE,17.0,VENTURE,E,9000,17.93,0.1,1,7
29,56100,RENT,0.0,MEDICAL,D,3150,15.62,0.05,0,10
24,54000,MORTGAGE,8.0,PERSONAL,A,13000,7.49,0.24,0,2
24,79200,MORTGAGE,8.0,VENTURE,C,6500,11.78,0.08,1,3
33,20988,OWN,2.0,PERSONAL,B,3600,11.71,0.17,0,5
28,50000,RENT,4.0,MEDICAL,A,8000,7.14,0.16,0,7
24,130000,OWN,8.0,VENTURE,B,22800,10.99,0.18,0,2
41,200000,MORTGAGE,2.0,VENTURE,B,1000,10.38,0.01,0,13
31,64000,RENT,9.0,HOMEIMPROVEMENT,C,8000,14.22,0.13,1,9
47,21000,RENT,9.0,DEBTCONSOLIDATION,D,5000,15.99,0.24,1,16
23,62000,RENT,0.0,MEDICAL,C,10000,14.27,0.16,0,3
23,40000,MORTGAGE,7.0,PERSONAL,B,4000,10.99,0.1,0,4
23,69996,RENT,7.0,DEBTCONSOLIDATION,C,5600,13.11,0.08,0,4
23,25480,MORTGAGE,7.0,PERSONAL,B,5000,9.99,0.2,0,3
27,30000,RENT,2.0,EDUCATION,B,2000,11.49,0.07,0,8
23,38400,RENT,7.0,PERSONAL,B,4000,10.59,0.1,0,2
35,36000,OWN,1.0,VENTURE,B,3925,9.99,0.11,0,5
27,103000,MORTGAGE,8.0,MEDICAL,A,8800,7.29,0.09,0,8
25,165000,MORTGAGE,0.0,HOMEIMPROVEMENT,F,25000,19.74,0.15,0,4
48,120000,MORTGAGE,18.0,DEBTCONSOLIDATION,C,3600,13.48,0.03,1,17
24,74900,MORTGAGE,5.0,VENTURE,B,18300,10.99,0.24,0,2
27,110000,MORTGAGE,0.0,EDUCATION,A,16000,7.9,0.15,0,7
25,59000,MORTGAGE,6.0,MEDICAL,A,5100,8.32,0.09,0,3
32,56000,MORTGAGE,5.0,VENTURE,A,10000,7.14,0.18,0,6
23,48000,MORTGAGE,2.0,EDUCATION,A,10000,9.32,0.21,0,4
26,35000,RENT,0.0,VENTURE,C,12000,10.91,0.34,1,3
28,35000,OWN,6.0,VENTURE,C,5000,14.27,0.14,1,10
26,100000,MORTGAGE,7.0,DEBTCONSOLIDATION,A,7500,8.32,0.07,0,3
24,46180,RENT,1.0,VENTURE,C,2500,13.98,0.05,1,3
22,25000,RENT,0.0,PERSONAL,A,7500,7.51,0.3,0,4
25,58000,RENT,5.0,VENTURE,A,6900,7.66,0.12,0,4
25,51600,OWN,2.0,VENTURE,D,6000,15.31,0.12,0,4
34,66996,RENT,4.0,DEBTCONSOLIDATION,D,13000,15.2,0.19,1,9
29,200000,OWN,13.0,EDUCATION,B,23000,12.18,0.12,0,9
34,35000,RENT,1.0,PERSONAL,A,8000,6.17,0.23,0,9
28,145000,MORTGAGE,9.0,MEDICAL,B,25000,10.99,0.17,0,7
25,77000,MORTGAGE,9.0,DEBTCONSOLIDATION,A,3000,7.49,0.04,0,4
22,55000,OWN,2.0,EDUCATION,A,2200,5.42,0.04,0,3
26,20004,RENT,2.0,DEBTCONSOLIDATION,B,4000,12.18,0.2,0,4
23,94000,RENT,0.0,MEDICAL,B,10000,9.45,0.11,0,3
24,80000,MORTGAGE,2.0,HOMEIMPROVEMENT,A,5000,6.99,0.06,0,4
23,45600,MORTGAGE,7.0,VENTURE,C,10000,16.11,0.22,1,4
23,27972,RENT,6.0,VENTURE,A,5000,8.94,0.18,0,3
22,60000,OWN,6.0,VENTURE,A,11500,7.88,0.19,0,2
22,18000,RENT,0.0,MEDICAL,B,3600,10.99,0.2,0,3
22,108000,RENT,6.0,EDUCATION,B,28000,10.99,0.26,0,4
24,160000,MORTGAGE,9.0,VENTURE,E,12000,16.77,0.07,0,4
27,50004,RENT,5.0,DEBTCONSOLIDATION,B,20000,10.99,0.4,0,9
26,117000,OWN,10.0,VENTURE,B,7200,10.74,0.06,0,4
33,30000,RENT,3.0,DEBTCONSOLIDATION,B,11975,9.99,0.4,0,8
32,28600,RENT,3.0,VENTURE,B,6700,10.37,0.23,0,9
24,13000,RENT,4.0,PERSONAL,B,4000,9.88,0.31,0,2
23,28000,MORTGAGE,5.0,MEDICAL,A,2500,5.99,0.09,0,2
28,100000,RENT,10.0,HOMEIMPROVEMENT,C,14400,13.85,0.14,0,9
22,89000,MORTGAGE,6.0,VENTURE,C,16000,13.22,0.18,0,2
22,52000,RENT,3.0,PERSONAL,C,12000,13.57,0.23,1,2
29,90000,MORTGAGE,14.0,HOMEIMPROVEMENT,B,15000,11.11,0.17,0,9
25,40000,RENT,0.0,EDUCATION,B,10000,12.18,0.25,0,3
22,98004,MORTGAGE,6.0,DEBTCONSOLIDATION,A,16000,7.66,0.16,0,3
26,80000,MORTGAGE,5.0,VENTURE,A,3000,8.0,0.04,0,4
21,53000,RENT,5.0,EDUCATION,A,10000,7.51,0.19,0,4
24,65000,MORTGAGE,5.0,MEDICAL,B,2000,9.62,0.03,0,3
37,48000,RENT,0.0,DEBTCONSOLIDATION,B,14725,10.99,0.31,0,11
30,51750,OWN,5.0,VENTURE,B,12000,11.14,0.23,0,10
33,57000,MORTGAGE,3.0,EDUCATION,E,10000,15.68,0.18,1,8
26,92795,MORTGAGE,10.0,MEDICAL,B,19000,10.37,0.2,0,4
23,54996,RENT,8.0,EDUCATION,D,15000,14.83,0.27,0,2
25,70000,MORTGAGE,9.0,DEBTCONSOLIDATION,A,4000,6.92,0.06,0,2
26,33227,RENT,2.0,EDUCATION,B,4000,9.88,0.12,0,3
24,300000,MORTGAGE,8.0,DEBTCONSOLIDATION,B,35000,9.99,0.12,0,3
22,86000,MORTGAGE,6.0,DEBTCONSOLIDATION,A,10000,8.94,0.12,0,4
22,45000,RENT,2.0,EDUCATION,A,10000,7.51,0.22,0,3
24,42000,OWN,7.0,VENTURE,A,12000,7.66,0.29,0,3
31,35000,RENT,3.0,VENTURE,B,5000,10.65,0.14,0,5
24,43200,RENT,3.0,EDUCATION,C,5000,14.17,0.12,1,4
28,60000,OWN,5.0,VENTURE,C,10000,13.48,0.17,0,7
27,47000,MORTGAGE,11.0,EDUCATION,A,2650,7.49,0.06,0,9
25,60000,MORTGAGE,1.0,VENTURE,A,5000,7.29,0.08,0,2
24,49000,MORTGAGE,5.0,EDUCATION,A,2700,6.92,0.06,0,3
27,75000,RENT,1.0,EDUCATION,B,14400,11.36,0.19,0,7
30,48000,RENT,1.0,EDUCATION,B,7200,10.39,0.15,0,8
21,60000,RENT,2.0,MEDICAL,A,5000,8.49,0.08,0,4
30,60000,MORTGAGE,2.0,PERSONAL,B,10000,12.69,0.17,0,5
23,57600,RENT,3.0,VENTURE,D,10000,15.58,0.17,1,4
33,24000,RENT,0.0,DEBTCONSOLIDATION,C,2000,14.35,0.08,1,8
37,14400,RENT,4.0,VENTURE,C,3000,13.61,0.21,0,17
27,55000,RENT,11.0,EDUCATION,C,10000,14.27,0.18,0,7
22,43000,MORTGAGE,1.0,DEBTCONSOLIDATION,A,4000,7.88,0.09,0,4
24,54000,RENT,3.0,EDUCATION,A,4025,6.76,0.07,0,2
38,53052,RENT,0.0,MEDICAL,B,8000,10.99,0.15,0,13
21,43971,MORTGAGE,5.0,PERSONAL,A,4600,5.42,0.1,0,4
24,51630,RENT,0.0,MEDICAL,B,4900,9.99,0.09,0,3
22,52500,MORTGAGE,3.0,DEBTCONSOLIDATION,B,4000,10.65,0.08,0,4
22,45000,RENT,4.0,EDUCATION,B,10000,10.65,0.22,0,3
25,45000,MORTGAGE,0.0,DEBTCONSOLIDATION,A,4325,6.91,0.1,0,3
35,70000,MORTGAGE,0.0,MEDICAL,B,12000,11.71,0.17,0,10
21,30000,RENT,0.0,DEBTCONSOLIDATION,C,1500,13.92,0.05,0,2
24,30000,RENT,0.0,EDUCATION,C,4800,13.35,0.16,0,3
45,60000,RENT,4.0,DEBTCONSOLIDATION,B,25000,9.99,0.42,0,16
23,55000,RENT,2.0,MEDICAL,B,10800,8.88,0.2,0,2
22,75744,MORTGAGE,6.0,VENTURE,B,6700,11.83,0.09,0,2
45,75000,MORTGAGE,7.0,MEDICAL,C,10000,14.27,0.13,0,17
23,50000,MORTGAGE,4.0,EDUCATION,B,20000,10.62,0.4,0,4
25,45000,MORTGAGE,4.0,HOMEIMPROVEMENT,C,2700,13.48,0.06,1,4
33,28800,RENT,5.0,MEDICAL,B,4000,9.88,0.14,0,5
21,14400,OWN,4.0,VENTURE,C,6250,14.72,0.43,0,2
33,140000,MORTGAGE,6.0,MEDICAL,A,13000,7.51,0.09,0,6
25,109000,MORTGAGE,9.0,EDUCATION,A,14000,9.63,0.13,0,3
27,151000,MORTGAGE,11.0,DEBTCONSOLIDATION,D,20000,14.74,0.13,1,9
29,72000,MORTGAGE,6.0,EDUCATION,A,10800,6.99,0.15,0,8
31,60000,MORTGAGE,15.0,DEBTCONSOLIDATION,A,10000,9.63,0.17,0,8
26,71000,RENT,9.0,MEDICAL,B,3000,10.99,0.04,0,4
29,16800,RENT,9.0,HOMEIMPROVEMENT,D,2750,14.84,0.16,1,6
36,28800,RENT,2.0,MEDICAL,C,6000,15.96,0.21,1,13
25,44000,RENT,6.0,EDUCATION,B,17500,12.53,0.4,0,4
32,74000,MORTGAGE,5.0,VENTURE,B,15000,11.11,0.2,0,9
24,71004,MORTGAGE,8.0,DEBTCONSOLIDATION,D,5000,14.96,0.07,1,3
30,37800,RENT,4.0,MEDICAL,B,15050,9.99,0.4,0,7
22,50000,OWN,3.0,EDUCATION,A,6000,8.94,0.12,0,2
27,52000,RENT,0.0,PERSONAL,C,6225,14.35,0.12,0,7
25,30000,RENT,6.0,DEBTCONSOLIDATION,B,8000,10.74,0.27,0,3
24,50000,RENT,6.0,HOMEIMPROVEMENT,C,16000,13.99,0.32,1,2
26,100000,MORTGAGE,7.0,VENTURE,A,9200,6.03,0.09,0,3
27,72000,RENT,4.0,DEBTCONSOLIDATION,C,6000,15.96,0.08,0,10
28,30000,RENT,0.0,PERSONAL,B,8400,11.89,0.28,0,10
26,48996,RENT,8.0,DEBTCONSOLIDATION,D,2500,14.59,0.05,0,2
29,65000,RENT,1.0,MEDICAL,B,7200,11.12,0.11,0,8
23,60000,OWN,4.0,VENTURE,C,10000,13.22,0.17,0,4
34,60000,RENT,3.0,VENTURE,A,6000,8.0,0.1,0,9
30,14400,OWN,2.0,VENTURE,B,1000,10.62,0.07,0,10
24,40000,MORTGAGE,8.0,MEDICAL,A,4000,7.14,0.1,0,2
29,102000,MORTGAGE,13.0,MEDICAL,A,6000,7.88,0.06,0,9
24,65000,MORTGAGE,1.0,PERSONAL,B,6000,10.99,0.09,0,2
23,78000,MORTGAGE,4.0,PERSONAL,B,15250,10.99,0.2,0,2
23,40308,MORTGAGE,1.0,MEDICAL,A,5000,7.68,0.12,0,3
27,51267,MORTGAGE,8.0,EDUCATION,A,4000,7.68,0.08,0,10
27,76000,MORTGAGE,11.0,DEBTCONSOLIDATION,A,12000,7.49,0.16,0,6
27,22708,RENT,6.0,VENTURE,D,2500,14.84,0.11,1,8
22,45000,MORTGAGE,2.0,EDUCATION,D,8000,16.49,0.18,1,4
25,24000,RENT,1.0,DEBTCONSOLIDATION,D,12000,12.17,0.5,1,4
27,35000,RENT,0.0,DEBTCONSOLIDATION,A,3000,8.49,0.09,0,10
38,25200,RENT,0.0,DEBTCONSOLIDATION,D,6000,14.59,0.24,0,12
21,19200,OWN,0.0,MEDICAL,B,2400,9.91,0.13,0,4
23,95000,MORTGAGE,8.0,MEDICAL,C,7200,14.79,0.08,1,4
30,57000,RENT,14.0,DEBTCONSOLIDATION,A,12000,5.42,0.21,0,7
21,48000,RENT,1.0,DEBTCONSOLIDATION,A,10000,5.79,0.21,0,2
42,70000,RENT,6.0,MEDICAL,B,12000,10.99,0.17,0,12
35,50000,RENT,4.0,PERSONAL,C,17500,12.84,0.35,0,5
22,93000,MORTGAGE,6.0,MEDICAL,A,3600,7.9,0.04,0,3
25,26400,MORTGAGE,1.0,HOMEIMPROVEMENT,B,4000,10.74,0.15,0,3
43,80000,MORTGAGE,3.0,PERSONAL,A,10000,7.49,0.13,0,16
23,80000,MORTGAGE,7.0,VENTURE,A,4800,7.29,0.06,0,4
22,76000,MORTGAGE,0.0,EDUCATION,B,15000,10.99,0.2,0,3
22,90000,RENT,6.0,MEDICAL,B,10200,11.71,0.11,0,3
24,72000,RENT,8.0,MEDICAL,A,14000,7.9,0.19,0,2
23,120000,MORTGAGE,7.0,DEBTCONSOLIDATION,A,3750,5.42,0.03,0,3
29,92250,RENT,2.0,MEDICAL,B,13000,10.99,0.14,0,9
28,65025,RENT,4.0,MEDICAL,E,11000,16.35,0.14,1,8
26,60000,RENT,0.0,PERSONAL,A,24000,7.9,0.4,0,4
25,57000,RENT,2.0,PERSONAL,A,9500,6.17,0.17,0,3
23,60000,MORTGAGE,7.0,PERSONAL,B,9500,12.53,0.16,0,2
31,125000,MORTGAGE,4.0,VENTURE,B,12500,11.48,0.1,0,10
24,40000,RENT,1.0,MEDICAL,A,7800,7.49,0.2,0,2
24,46000,RENT,0.0,PERSONAL,A,4800,8.9,0.1,0,2
28,78000,MORTGAGE,12.0,MEDICAL,B,12000,10.99,0.15,0,10
37,50000,MORTGAGE,0.0,EDUCATION,A,20000,6.17,0.4,0,12
24,133000,RENT,5.0,EDUCATION,B,17400,11.71,0.13,0,4
28,56056,RENT,3.0,DEBTCONSOLIDATION,B,5600,10.37,0.1,0,6
25,50000,MORTGAGE,4.0,PERSONAL,A,6000,6.76,0.12,0,3
21,9600,RENT,4.0,HOMEIMPROVEMENT,D,2000,15.99,0.21,0,3
23,55000,RENT,7.0,PERSONAL,C,8200,13.11,0.15,1,3
37,30000,MORTGAGE,15.0,HOMEIMPROVEMENT,A,8000,7.49,0.27,0,17
25,30600,RENT,0.0,MEDICAL,E,14500,17.04,0.47,0,3
22,126000,MORTGAGE,6.0,EDUCATION,D,3600,15.99,0.03,0,3
22,98656,MORTGAGE,3.0,EDUCATION,C,7500,13.06,0.08,1,3
29,36000,RENT,1.0,VENTURE,B,12000,12.21,0.33,0,10
26,71000,MORTGAGE,10.0,DEBTCONSOLIDATION,D,6000,15.62,0.08,0,4
35,84000,MORTGAGE,5.0,DEBTCONSOLIDATION,C,15200,15.27,0.18,1,7
28,36000,RENT,2.0,HOMEIMPROVEMENT,B,7500,10.39,0.21,0,9
23,38400,RENT,7.0,DEBTCONSOLIDATION,C,3600,13.61,0.09,0,3
25,35000,RENT,4.0,DEBTCONSOLIDATION,A,1100,6.76,0.03,0,2
23,99200,MORTGAGE,7.0,DEBTCONSOLIDATION,A,23000,6.91,0.23,0,4
33,125000,OWN,17.0,PERSONAL,A,3000,7.75,0.02,0,8
27,33975,MORTGAGE,4.0,DEBTCONSOLIDATION,B,10000,9.25,0.29,0,7
22,68000,MORTGAGE,6.0,PERSONAL,B,10000,10.74,0.15,0,2
26,82000,MORTGAGE,7.0,VENTURE,B,7000,12.42,0.09,0,3
23,36000,RENT,4.0,DEBTCONSOLIDATION,A,5000,6.17,0.14,0,2
22,50000,OWN,4.0,VENTURE,B,16000,9.45,0.32,0,4
32,49268,RENT,11.0,VENTURE,A,12000,5.79,0.24,0,6
23,36000,RENT,7.0,MEDICAL,B,4000,10.99,0.11,0,4
25,54900,MORTGAGE,2.0,HOMEIMPROVEMENT,B,3000,10.99,0.05,0,2
23,40000,RENT,5.0,MEDICAL,A,6000,8.94,0.15,0,3
25,45996,OWN,9.0,PERSONAL,B,25000,12.18,0.54,0,3
23,45000,MORTGAGE,8.0,VENTURE,B,13000,10.99,0.29,0,2
35,30000,MORTGAGE,11.0,MEDICAL,B,11000,10.65,0.37,0,10
28,110244,MORTGAGE,3.0,HOMEIMPROVEMENT,D,18000,12.17,0.16,0,10
24,32000,MORTGAGE,7.0,VENTURE,A,4500,6.76,0.14,0,2
23,85000,OWN,7.0,PERSONAL,D,14000,16.29,0.16,1,4
31,82116,MORTGAGE,12.0,HOMEIMPROVEMENT,C,2800,12.68,0.03,1,9
22,55000,OWN,4.0,PERSONAL,A,2000,7.4,0.04,0,3
61,90000,RENT,1.0,MEDICAL,A,10000,5.79,0.11,0,20
27,78000,MORTGAGE,2.0,MEDICAL,B,7000,9.62,0.09,0,6
31,37584,RENT,0.0,MEDICAL,B,3900,10.99,0.1,0,10
23,80000,MORTGAGE,5.0,VENTURE,A,2000,7.9,0.03,0,4
31,41053,MORTGAGE,1.0,PERSONAL,A,12000,7.49,0.29,0,7
26,147996,MORTGAGE,10.0,DEBTCONSOLIDATION,A,7500,8.0,0.05,0,3
32,95000,RENT,1.0,DEBTCONSOLIDATION,B,19200,11.89,0.2,0,9
26,90000,MORTGAGE,0.0,DEBTCONSOLIDATION,A,10000,6.62,0.11,0,4
35,34000,RENT,7.0,EDUCATION,D,5000,16.32,0.15,0,6
32,36000,RENT,2.0,VENTURE,B,5000,11.83,0.14,0,10
34,58800,MORTGAGE,3.0,HOMEIMPROVEMENT,E,17000,17.74,0.29,0,10
31,102000,MORTGAGE,1.0,HOMEIMPROVEMENT,C,14400,13.48,0.14,0,6
29,55000,MORTGAGE,3.0,VENTURE,A,6400,7.88,0.12,0,9
38,75000,MORTGAGE,19.0,VENTURE,A,9100,6.03,0.12,0,13
23,87000,MORTGAGE,0.0,DEBTCONSOLIDATION,C,7500,11.28,0.09,1,4
24,40000,MORTGAGE,4.0,MEDICAL,B,3500,8.88,0.09,0,2
22,100000,RENT,0.0,PERSONAL,B,20000,12.21,0.2,0,3
25,73000,RENT,2.0,VENTURE,E,12000,16.82,0.16,0,2
23,38000,RENT,5.0,PERSONAL,B,8000,10.65,0.21,0,3
26,72645,OWN,5.0,VENTURE,A,12000,7.49,0.17,0,2
26,36000,RENT,4.0,MEDICAL,A,11200,7.49,0.31,0,3
21,68004,MORTGAGE,5.0,EDUCATION,B,16000,11.26,0.24,0,3
25,33000,RENT,1.0,VENTURE,C,7100,14.65,0.22,1,4
23,66500,RENT,0.0,VENTURE,A,5675,7.49,0.09,0,2
29,62400,RENT,3.0,HOMEIMPROVEMENT,A,8000,6.62,0.13,0,9
25,100000,MORTGAGE,3.0,EDUCATION,B,25000,10.75,0.25,0,4
21,45000,OWN,2.0,VENTURE,A,6000,7.49,0.13,0,2
22,24605,OWN,3.0,EDUCATION,C,10000,13.48,0.41,0,4
24,85000,RENT,5.0,MEDICAL,B,25000,10.62,0.29,0,4
21,20000,RENT,0.0,MEDICAL,A,2000,7.49,0.1,0,3
29,90000,RENT,0.0,VENTURE,B,23475,11.58,0.26,0,6
21,68000,RENT,3.0,PERSONAL,C,3000,11.78,0.04,0,2
24,42300,RENT,8.0,PERSONAL,B,15000,11.99,0.35,0,4
32,60000,RENT,7.0,HOMEIMPROVEMENT,A,7000,7.51,0.12,0,8
30,59000,RENT,4.0,PERSONAL,A,4000,8.94,0.07,0,7
24,21600,RENT,0.0,EDUCATION,E,2600,19.29,0.12,1,4
25,60000,MORTGAGE,9.0,PERSONAL,A,1800,8.49,0.03,0,4
35,34000,RENT,0.0,DEBTCONSOLIDATION,E,5000,15.45,0.15,1,6
21,35360,RENT,1.0,EDUCATION,A,2200,7.49,0.06,0,2
23,46443,RENT,7.0,EDUCATION,A,6000,7.9,0.13,0,4
25,31000,MORTGAGE,4.0,HOMEIMPROVEMENT,A,5200,5.42,0.17,0,4
24,21000,RENT,0.0,DEBTCONSOLIDATION,A,5000,8.63,0.24,0,2
22,36600,MORTGAGE,2.0,VENTURE,A,9950,7.29,0.27,0,3
38,225000,RENT,16.0,EDUCATION,D,15000,15.62,0.07,0,17
22,41000,MORTGAGE,4.0,VENTURE,A,6000,8.59,0.15,0,4
22,20000,RENT,1.0,EDUCATION,B,4000,11.89,0.2,0,3
31,24000,RENT,0.0,MEDICAL,A,3500,6.17,0.15,0,6
28,46400,RENT,6.0,DEBTCONSOLIDATION,C,14125,13.48,0.3,0,5
23,72000,MORTGAGE,7.0,MEDICAL,C,8000,13.61,0.11,1,2
33,115000,MORTGAGE,3.0,PERSONAL,A,14000,6.03,0.12,0,8
25,40000,MORTGAGE,9.0,HOMEIMPROVEMENT,B,8000,10.99,0.2,0,4
28,56000,MORTGAGE,9.0,VENTURE,D,4800,14.61,0.09,1,6
27,44000,RENT,1.0,VENTURE,D,5000,16.89,0.11,1,10
23,50000,RENT,3.0,EDUCATION,C,4000,12.61,0.08,1,2
22,54000,RENT,6.0,VENTURE,A,12000,8.49,0.22,0,4
24,69000,RENT,3.0,VENTURE,C,14000,12.61,0.2,1,2
30,240000,RENT,7.0,PERSONAL,A,18000,7.88,0.07,0,10
26,34000,RENT,3.0,VENTURE,C,15250,13.22,0.45,1,2
25,90000,RENT,5.0,PERSONAL,A,10000,7.49,0.11,0,2
32,89000,RENT,0.0,MEDICAL,A,12000,8.94,0.13,0,6
21,50000,RENT,4.0,EDUCATION,B,7300,11.71,0.15,0,3
31,31800,RENT,6.0,DEBTCONSOLIDATION,D,3000,15.62,0.09,1,9
46,192000,MORTGAGE,1.0,VENTURE,C,25000,14.79,0.13,1,14
25,48000,MORTGAGE,5.0,HOMEIMPROVEMENT,A,7800,8.94,0.16,0,2
24,40000,RENT,1.0,VENTURE,B,3825,10.0,0.1,0,3
22,46000,MORTGAGE,6.0,PERSONAL,B,4000,10.37,0.09,0,2
25,57200,MORTGAGE,1.0,EDUCATION,A,2400,7.49,0.04,0,2
26,48000,MORTGAGE,0.0,EDUCATION,A,15000,5.99,0.31,0,2
33,125004,RENT,3.0,EDUCATION,E,12000,15.68,0.1,0,8
24,27600,MORTGAGE,5.0,MEDICAL,D,6000,15.62,0.22,1,2
23,66000,RENT,7.0,MEDICAL,B,5000,10.39,0.08,0,4
51,38000,RENT,7.0,PERSONAL,B,13000,12.42,0.34,0,18
23,114000,MORTGAGE,7.0,EDUCATION,C,8000,12.68,0.07,1,3
40,250000,MORTGAGE,8.0,EDUCATION,A,28000,7.9,0.11,0,13
41,24000,RENT,24.0,PERSONAL,A,2000,7.75,0.08,0,17
22,44000,RENT,3.0,HOMEIMPROVEMENT,C,3600,13.43,0.08,1,3
24,75000,MORTGAGE,8.0,DEBTCONSOLIDATION,A,7000,7.9,0.09,0,4
24,53000,RENT,1.0,DEBTCONSOLIDATION,D,15000,16.77,0.28,0,2
28,24000,RENT,8.0,VENTURE,B,8875,10.65,0.37,0,9
31,24000,RENT,2.0,PERSONAL,C,4000,13.48,0.17,1,6
25,31200,MORTGAGE,9.0,HOMEIMPROVEMENT,D,2400,17.58,0.08,1,4
26,92500,RENT,3.0,DEBTCONSOLIDATION,B,12000,11.71,0.13,0,3
30,155000,RENT,9.0,DEBTCONSOLIDATION,A,6000,7.14,0.04,0,10
24,15000,RENT,8.0,DEBTCONSOLIDATION,C,4200,13.11,0.28,1,2
22,23000,RENT,3.0,DEBTCONSOLIDATION,B,3500,10.37,0.15,0,4
25,65000,RENT,3.0,PERSONAL,A,4000,6.62,0.06,0,2
47,59827,MORTGAGE,9.0,EDUCATION,D,6000,15.58,0.1,0,15
47,44000,OWN,3.0,HOMEIMPROVEMENT,B,4000,11.14,0.09,0,16
33,42000,RENT,4.0,MEDICAL,C,3600,12.68,0.09,1,5
24,29000,RENT,4.0,HOMEIMPROVEMENT,B,8000,12.42,0.28,0,2
32,35000,RENT,2.0,PERSONAL,B,5500,11.49,0.16,0,7
24,22000,OWN,1.0,EDUCATION,D,3000,16.0,0.14,0,2
24,120000,MORTGAGE,7.0,EDUCATION,B,2500,10.99,0.02,0,3
30,144000,MORTGAGE,2.0,VENTURE,A,6000,6.91,0.04,0,6
24,49344,MORTGAGE,6.0,DEBTCONSOLIDATION,B,8500,9.99,0.17,0,4
24,33000,RENT,1.0,DEBTCONSOLIDATION,B,20000,10.99,0.61,0,3
27,35000,RENT,1.0,VENTURE,A,4500,7.66,0.13,0,7
22,128474,MORTGAGE,6.0,DEBTCONSOLIDATION,A,30000,7.29,0.23,0,2
41,140000,MORTGAGE,2.0,EDUCATION,E,15000,17.88,0.11,0,11
28,186480,MORTGAGE,12.0,MEDICAL,C,10000,14.22,0.05,1,9
29,59000,RENT,4.0,DEBTCONSOLIDATION,D,12000,16.49,0.2,1,9
36,120000,RENT,4.0,HOMEIMPROVEMENT,C,15000,12.99,0.13,1,15
26,87300,MORTGAGE,0.0,VENTURE,C,6000,10.28,0.07,1,4
33,39000,OWN,0.0,VENTURE,B,10000,12.42,0.26,0,7
24,48000,RENT,8.0,PERSONAL,D,12000,16.77,0.25,1,3
24,54000,RENT,6.0,EDUCATION,A,12000,8.49,0.22,0,4
26,30000,OWN,3.0,VENTURE,A,1925,6.03,0.06,0,3
24,85000,MORTGAGE,2.0,PERSONAL,C,7500,13.99,0.09,1,2
36,24960,RENT,3.0,VENTURE,A,5000,6.62,0.2,0,15
22,56400,MORTGAGE,6.0,EDUCATION,D,17300,15.62,0.31,0,4
23,78000,MORTGAGE,7.0,DEBTCONSOLIDATION,C,4200,13.06,0.05,1,3
40,86000,RENT,0.0,EDUCATION,D,20000,14.54,0.23,1,13
24,25344,MORTGAGE,5.0,MEDICAL,D,4000,16.49,0.16,0,3
29,144000,MORTGAGE,11.0,MEDICAL,B,7000,10.59,0.05,0,10
27,47380,MORTGAGE,11.0,EDUCATION,C,15000,13.79,0.32,0,6
22,39580,RENT,3.0,EDUCATION,B,10000,9.99,0.25,0,2
27,25000,RENT,4.0,PERSONAL,D,8000,14.84,0.32,1,7
25,50000,RENT,5.0,VENTURE,B,4800,10.99,0.1,0,4
31,39000,MORTGAGE,6.0,DEBTCONSOLIDATION,D,4000,16.77,0.1,1,9
24,79000,MORTGAGE,4.0,HOMEIMPROVEMENT,D,5000,15.33,0.06,0,2
49,74880,RENT,6.0,MEDICAL,A,14300,7.51,0.19,0,16
38,34296,OWN,1.0,MEDICAL,C,12000,13.48,0.35,1,12
30,65000,RENT,3.0,PERSONAL,C,10000,12.73,0.15,1,6
29,120000,MORTGAGE,8.0,DEBTCONSOLIDATION,A,5000,5.42,0.04,0,9
23,35500,MORTGAGE,8.0,EDUCATION,A,9000,7.49,0.25,0,3
48,83500,RENT,7.0,EDUCATION,A,10200,5.79,0.12,0,14
23,35808,MORTGAGE,3.0,EDUCATION,A,8700,7.51,0.24,0,2
24,85000,MORTGAGE,8.0,PERSONAL,A,10400,5.79,0.12,0,4
25,115000,MORTGAGE,4.0,MEDICAL,A,4000,7.88,0.03,0,4
39,56000,MORTGAGE,14.0,PERSONAL,C,10000,12.73,0.18,1,12
54,107000,RENT,27.0,VENTURE,B,10000,9.91,0.09,0,20
34,45000,RENT,2.0,PERSONAL,E,4500,16.95,0.1,0,10
26,46000,MORTGAGE,3.0,EDUCATION,G,5000,19.16,0.11,0,3
25,50000,RENT,0.0,EDUCATION,B,11000,12.53,0.22,0,2
24,72400,MORTGAGE,4.0,HOMEIMPROVEMENT,C,35000,13.99,0.48,0,4
21,30000,RENT,3.0,VENTURE,C,5000,13.92,0.17,0,4
24,72000,MORTGAGE,6.0,EDUCATION,C,10000,12.98,0.14,0,4
23,52000,RENT,7.0,VENTURE,A,10000,6.54,0.19,0,2
26,72996,MORTGAGE,1.0,EDUCATION,B,15000,10.38,0.21,0,4
35,75000,MORTGAGE,9.0,EDUCATION,A,10000,7.29,0.13,0,9
25,35000,RENT,2.0,PERSONAL,A,7000,8.94,0.2,0,3
31,62201,RENT,2.0,DEBTCONSOLIDATION,B,9000,12.53,0.14,0,8
25,19800,RENT,9.0,MEDICAL,D,3625,16.29,0.18,0,2
24,30996,OWN,4.0,EDUCATION,A,8000,7.51,0.26,0,3
30,45000,MORTGAGE,5.0,VENTURE,B,8000,10.36,0.18,0,9
23,56000,MORTGAGE,1.0,MEDICAL,A,10000,8.59,0.18,0,3
24,37000,RENT,3.0,MEDICAL,E,5000,16.45,0.14,0,3
25,45000,MORTGAGE,2.0,MEDICAL,A,3000,6.92,0.07,0,3
24,24000,RENT,8.0,MEDICAL,B,2000,10.99,0.08,0,3
26,40000,RENT,3.0,PERSONAL,B,13250,11.71,0.33,0,2
37,40800,OWN,4.0,PERSONAL,B,2875,11.99,0.07,0,14
30,200000,MORTGAGE,14.0,DEBTCONSOLIDATION,C,21600,13.11,0.11,0,8
21,27200,RENT,0.0,EDUCATION,C,5000,13.48,0.18,0,3
23,18000,RENT,4.0,VENTURE,A,4500,7.49,0.25,0,4
25,19200,RENT,5.0,HOMEIMPROVEMENT,B,4000,10.99,0.21,0,3
39,30000,MORTGAGE,4.0,EDUCATION,A,10375,8.9,0.35,0,13
21,47208,RENT,2.0,PERSONAL,C,3000,13.92,0.06,1,2
26,66000,RENT,3.0,MEDICAL,B,12000,11.83,0.18,0,2
38,99996,OWN,22.0,HOMEIMPROVEMENT,D,25000,14.96,0.25,1,13
24,52000,MORTGAGE,3.0,VENTURE,A,3500,6.76,0.07,0,3
30,42000,RENT,1.0,PERSONAL,B,1600,10.37,0.04,0,6
23,34600,MORTGAGE,5.0,EDUCATION,B,6800,12.69,0.2,0,4
32,32004,RENT,10.0,DEBTCONSOLIDATION,C,10400,15.27,0.32,0,9
26,48996,RENT,5.0,EDUCATION,A,5000,7.88,0.1,0,3
23,45480,MORTGAGE,7.0,DEBTCONSOLIDATION,C,4400,13.16,0.1,0,3
26,63400,OWN,0.0,VENTURE,B,20000,9.62,0.32,0,3
26,58000,MORTGAGE,5.0,MEDICAL,B,31300,11.71,0.54,0,3
28,50000,MORTGAGE,8.0,EDUCATION,A,7000,8.59,0.14,0,9
29,79800,MORTGAGE,2.0,DEBTCONSOLIDATION,A,6000,7.14,0.08,0,8
25,48000,RENT,3.0,MEDICAL,A,5500,7.49,0.11,0,4
26,53000,MORTGAGE,1.0,EDUCATION,A,8000,7.49,0.15,0,3
23,95000,RENT,0.0,EDUCATION,B,14000,12.69,0.15,0,2
35,100000,RENT,0.0,MEDICAL,A,5000,7.74,0.05,0,7
34,41300,RENT,18.0,EDUCATION,C,10000,13.48,0.24,1,6
24,86400,MORTGAGE,8.0,PERSONAL,C,16200,13.48,0.19,0,4
22,33996,RENT,1.0,DEBTCONSOLIDATION,B,8000,10.51,0.24,0,3
41,92000,MORTGAGE,5.0,HOMEIMPROVEMENT,B,8000,9.63,0.09,0,13
27,24000,RENT,1.0,MEDICAL,C,2150,14.72,0.09,0,7
26,55000,RENT,2.0,EDUCATION,B,14000,9.99,0.25,0,4
22,45600,MORTGAGE,3.0,VENTURE,A,1600,7.88,0.04,0,2
23,107500,RENT,7.0,MEDICAL,A,10000,7.66,0.09,0,2
29,249999,MORTGAGE,2.0,EDUCATION,A,25000,6.62,0.1,0,9
21,28800,RENT,1.0,EDUCATION,A,3175,6.03,0.11,0,4
36,30000,RENT,7.0,EDUCATION,B,4000,10.74,0.13,0,12
26,98400,MORTGAGE,4.0,VENTURE,A,8450,6.99,0.09,0,2
35,27996,RENT,14.0,MEDICAL,B,8500,11.58,0.3,0,8
26,160000,MORTGAGE,0.0,DEBTCONSOLIDATION,C,13750,13.48,0.09,0,4
24,61781,MORTGAGE,6.0,EDUCATION,B,17800,10.25,0.29,0,3
33,82000,RENT,5.0,VENTURE,C,15000,14.35,0.18,0,7
25,110000,RENT,2.0,VENTURE,B,5000,9.99,0.05,0,4
37,21600,RENT,7.0,MEDICAL,B,3000,12.18,0.14,0,16
26,104550,MORTGAGE,6.0,MEDICAL,D,15000,15.33,0.12,0,3
30,65000,RENT,11.0,VENTURE,D,12800,15.2,0.2,0,8
26,98700,MORTGAGE,6.0,HOMEIMPROVEMENT,C,9600,13.06,0.1,0,3
25,75000,RENT,0.0,DEBTCONSOLIDATION,B,20000,10.38,0.27,0,2
23,33448,RENT,2.0,EDUCATION,C,2500,11.66,0.07,1,2
23,160000,MORTGAGE,7.0,DEBTCONSOLIDATION,A,15000,7.91,0.09,0,4
23,38500,RENT,2.0,MEDICAL,B,7000,11.14,0.18,0,2
22,86000,RENT,6.0,MEDICAL,A,6000,5.42,0.07,0,3
29,84996,MORTGAGE,13.0,DEBTCONSOLIDATION,A,6000,7.68,0.07,0,8
28,27050,RENT,4.0,VENTURE,C,8500,15.96,0.31,1,10
33,42000,OWN,4.0,VENTURE,B,5000,10.59,0.12,0,6
26,28800,RENT,10.0,MEDICAL,B,15000,10.0,0.52,0,2
31,96000,MORTGAGE,4.0,DEBTCONSOLIDATION,A,9600,5.99,0.1,0,10
24,85850,MORTGAGE,8.0,MEDICAL,D,20000,15.31,0.2,1,4
23,34000,RENT,0.0,DEBTCONSOLIDATION,B,11500,11.49,0.34,0,2
30,110000,RENT,9.0,HOMEIMPROVEMENT,C,16000,13.48,0.15,1,6
34,45000,MORTGAGE,3.0,MEDICAL,C,5300,13.23,0.12,0,6
27,46800,MORTGAGE,3.0,VENTURE,C,6500,12.87,0.14,0,6
21,35360,MORTGAGE,2.0,EDUCATION,D,12250,15.31,0.35,0,4
39,119000,RENT,3.0,DEBTCONSOLIDATION,B,22000,11.49,0.18,0,12
32,29000,OWN,0.0,PERSONAL,A,2000,8.49,0.07,0,8
28,115000,MORTGAGE,12.0,EDUCATION,A,22000,7.51,0.19,0,7
38,66420,MORTGAGE,8.0,MEDICAL,A,5550,5.99,0.08,0,11
22,50000,MORTGAGE,6.0,DEBTCONSOLIDATION,B,10000,9.88,0.2,0,4
37,205000,MORTGAGE,3.0,EDUCATION,B,18000,10.39,0.09,0,14
27,35000,RENT,1.0,VENTURE,A,3500,8.59,0.1,0,6
26,51600,RENT,10.0,HOMEIMPROVEMENT,B,5500,11.99,0.11,0,3
25,64800,RENT,1.0,PERSONAL,C,7000,12.73,0.11,0,2
44,28000,OWN,0.0,VENTURE,A,3500,8.94,0.13,0,12
38,27600,RENT,3.0,MEDICAL,D,5000,14.59,0.18,1,16
31,43812,RENT,2.0,MEDICAL,C,2400,14.35,0.05,0,5
25,90000,MORTGAGE,9.0,MEDICAL,A,6000,7.49,0.07,0,4
24,42252,MORTGAGE,3.0,PERSONAL,C,8000,12.84,0.19,0,2
26,46800,RENT,6.0,DEBTCONSOLIDATION,B,7500,9.99,0.16,0,3
24,45840,RENT,2.0,DEBTCONSOLIDATION,A,4800,7.49,0.1,0,2
23,49800,RENT,2.0,PERSONAL,B,2400,11.83,0.05,0,2
28,69000,MORTGAGE,4.0,EDUCATION,D,30000,15.31,0.43,1,9
23,35000,MORTGAGE,4.0,VENTURE,A,3825,7.49,0.11,0,4
30,30475,RENT,2.0,HOMEIMPROVEMENT,B,7000,10.99,0.23,0,5
22,40800,OWN,6.0,VENTURE,C,10000,12.61,0.25,1,2
26,62000,MORTGAGE,4.0,MEDICAL,B,20000,10.38,0.32,0,4
24,51996,MORTGAGE,0.0,PERSONAL,B,12000,10.74,0.23,0,3
28,65000,RENT,2.0,MEDICAL,C,7200,13.98,0.11,1,8
29,24000,MORTGAGE,0.0,EDUCATION,B,4000,10.59,0.17,0,10
30,70000,MORTGAGE,0.0,HOMEIMPROVEMENT,C,15000,12.73,0.21,1,6
23,70000,MORTGAGE,4.0,PERSONAL,B,25000,10.59,0.36,0,3
34,53000,MORTGAGE,7.0,DEBTCONSOLIDATION,A,3100,7.9,0.06,0,6
22,51480,MORTGAGE,4.0,MEDICAL,B,3000,11.83,0.06,0,2
35,100000,MORTGAGE,14.0,VENTURE,A,10000,6.62,0.1,0,8
24,46000,RENT,4.0,PERSONAL,C,9000,13.22,0.2,0,3
29,18000,RENT,4.0,DEBTCONSOLIDATION,B,6400,10.37,0.36,0,6
29,97000,OWN,3.0,VENTURE,B,12000,11.83,0.12,0,5
22,66996,MORTGAGE,6.0,EDUCATION,B,6000,10.37,0.09,0,3
35,48000,MORTGAGE,8.0,MEDICAL,C,2000,11.97,0.04,0,10
28,70000,RENT,0.0,MEDICAL,B,13000,12.18,0.19,0,7
50,150000,RENT,0.0,HOMEIMPROVEMENT,B,11200,11.14,0.07,0,11
22,56000,RENT,6.0,EDUCATION,B,1000,11.49,0.02,0,2
24,66000,RENT,2.0,PERSONAL,D,18000,14.54,0.27,1,4
25,49000,OWN,4.0,VENTURE,A,2500,6.76,0.05,0,3
32,156000,MORTGAGE,14.0,PERSONAL,B,10000,9.63,0.06,0,9
29,47000,RENT,2.0,EDUCATION,B,7000,10.36,0.15,0,7
46,185000,MORTGAGE,22.0,VENTURE,B,20000,11.36,0.11,0,15
36,63177,MORTGAGE,3.0,MEDICAL,A,6250,7.49,0.1,0,12
30,200000,MORTGAGE,5.0,PERSONAL,B,20000,11.48,0.1,0,7
21,29400,MORTGAGE,0.0,MEDICAL,B,12000,11.83,0.41,0,4
24,68648,RENT,1.0,VENTURE,B,5000,10.99,0.07,0,2
24,34000,MORTGAGE,3.0,PERSONAL,D,10000,15.31,0.29,1,2
22,30000,RENT,6.0,EDUCATION,A,6000,7.51,0.2,0,4
33,22000,RENT,4.0,EDUCATION,B,5000,12.42,0.23,0,6
24,55000,RENT,6.0,DEBTCONSOLIDATION,C,9000,12.87,0.16,0,4
23,140000,RENT,7.0,EDUCATION,A,9000,7.14,0.06,0,3
31,20000,RENT,7.0,EDUCATION,C,2500,12.53,0.13,1,10
24,40000,RENT,2.0,VENTURE,C,9600,14.65,0.24,0,4
22,20000,RENT,2.0,EDUCATION,A,10000,7.49,0.5,0,4
36,64000,MORTGAGE,20.0,DEBTCONSOLIDATION,E,6800,18.39,0.11,1,12
30,25000,RENT,0.0,DEBTCONSOLIDATION,A,3000,7.49,0.12,0,7
26,45000,RENT,3.0,PERSONAL,D,8000,15.33,0.18,1,4
32,44004,RENT,2.0,DEBTCONSOLIDATION,F,5000,18.25,0.11,0,5
26,36000,RENT,10.0,MEDICAL,A,6400,5.99,0.18,0,3
24,55152,MORTGAGE,8.0,PERSONAL,B,16000,11.49,0.29,0,2
26,56004,MORTGAGE,10.0,EDUCATION,C,20000,13.57,0.36,1,4
52,71520,RENT,0.0,EDUCATION,E,7000,16.82,0.1,1,24
23,24000,OWN,7.0,EDUCATION,A,5000,7.49,0.21,0,2
23,150000,MORTGAGE,8.0,DEBTCONSOLIDATION,B,24000,9.76,0.16,0,4
28,39000,RENT,8.0,EDUCATION,C,4500,13.49,0.12,0,9
23,31200,MORTGAGE,7.0,DEBTCONSOLIDATION,B,7550,9.99,0.24,0,4
21,35004,OWN,5.0,VENTURE,B,1500,9.62,0.04,0,2
37,50000,MORTGAGE,6.0,MEDICAL,B,16000,10.99,0.32,0,12
25,52000,RENT,4.0,PERSONAL,B,22000,10.74,0.42,0,2
36,92000,MORTGAGE,18.0,DEBTCONSOLIDATION,A,4000,7.29,0.04,0,13
22,68000,MORTGAGE,6.0,MEDICAL,A,3500,6.39,0.05,0,4
26,33000,RENT,4.0,MEDICAL,D,8975,16.02,0.27,1,3
24,71040,RENT,1.0,VENTURE,A,13100,7.49,0.18,0,2
22,53004,MORTGAGE,6.0,EDUCATION,C,1500,13.79,0.03,0,2
35,62475,MORTGAGE,5.0,MEDICAL,D,9600,14.61,0.13,1,6
25,45600,RENT,2.0,MEDICAL,A,4000,6.54,0.09,0,3
32,98300,MORTGAGE,3.0,VENTURE,C,5000,12.23,0.05,0,10
30,49000,OWN,7.0,PERSONAL,B,8500,12.18,0.17,0,8
22,50000,OWN,6.0,VENTURE,A,6400,6.92,0.13,0,4
22,24996,RENT,4.0,PERSONAL,C,5300,15.23,0.21,1,4
28,120000,MORTGAGE,11.0,EDUCATION,B,14400,10.74,0.12,0,10
50,58800,MORTGAGE,12.0,MEDICAL,E,22000,17.74,0.37,1,13
23,141000,MORTGAGE,1.0,VENTURE,B,15000,10.99,0.11,0,3
27,36000,RENT,0.0,PERSONAL,D,7500,13.55,0.21,1,7
21,45000,MORTGAGE,5.0,EDUCATION,A,18000,7.88,0.4,0,4
22,60500,RENT,3.0,EDUCATION,C,7000,12.84,0.12,1,3
22,49920,MORTGAGE,1.0,EDUCATION,C,10000,12.53,0.2,0,3
22,22800,RENT,3.0,MEDICAL,A,3000,6.62,0.13,0,3
22,84000,MORTGAGE,6.0,DEBTCONSOLIDATION,A,7200,5.79,0.09,0,2
34,47700,RENT,2.0,DEBTCONSOLIDATION,A,9000,7.14,0.19,0,10
23,66000,RENT,2.0,MEDICAL,A,10000,9.32,0.15,0,4
25,64500,OWN,4.0,PERSONAL,C,12000,13.48,0.19,1,4
22,55200,MORTGAGE,6.0,HOMEIMPROVEMENT,A,7200,7.49,0.13,0,4
29,63500,RENT,4.0,DEBTCONSOLIDATION,B,1600,11.83,0.03,0,5
26,50000,RENT,4.0,PERSONAL,B,6000,10.99,0.12,0,3
22,88200,MORTGAGE,6.0,DEBTCONSOLIDATION,A,21000,6.17,0.24,0,2
23,45000,RENT,2.0,DEBTCONSOLIDATION,C,1700,14.72,0.04,0,2
22,75600,MORTGAGE,6.0,PERSONAL,A,10675,6.62,0.14,0,3
22,32000,RENT,4.0,VENTURE,D,10000,16.07,0.31,0,2
50,39204,RENT,4.0,VENTURE,A,10000,5.99,0.26,0,12
33,25200,RENT,3.0,MEDICAL,E,1600,16.69,0.06,0,6
29,76000,RENT,2.0,VENTURE,B,13000,10.25,0.17,0,8
22,48000,MORTGAGE,3.0,VENTURE,B,8000,12.53,0.17,0,4
22,65000,MORTGAGE,4.0,EDUCATION,C,10000,13.35,0.15,0,4
25,50000,MORTGAGE,5.0,DEBTCONSOLIDATION,A,8000,5.42,0.16,0,4
21,84000,MORTGAGE,5.0,DEBTCONSOLIDATION,B,10000,12.53,0.12,0,4
30,110000,MORTGAGE,15.0,PERSONAL,C,12000,13.61,0.11,0,10
21,18456,RENT,2.0,MEDICAL,C,3500,13.35,0.19,0,3
23,33276,RENT,4.0,EDUCATION,C,6000,11.03,0.18,1,4
27,62400,MORTGAGE,12.0,MEDICAL,A,12000,5.42,0.19,0,6
23,24000,OWN,5.0,VENTURE,A,12000,7.49,0.5,0,4
24,98004,RENT,0.0,DEBTCONSOLIDATION,D,16000,16.32,0.16,0,2
29,45000,MORTGAGE,13.0,EDUCATION,A,13000,9.63,0.29,0,9
24,28500,RENT,3.0,DEBTCONSOLIDATION,B,2500,11.36,0.09,0,4
38,34000,RENT,19.0,MEDICAL,A,6000,7.9,0.18,0,11
29,50000,MORTGAGE,0.0,PERSONAL,A,6300,6.62,0.13,0,10
23,33000,RENT,3.0,DEBTCONSOLIDATION,B,4000,10.96,0.12,0,4
27,93600,RENT,1.0,DEBTCONSOLIDATION,B,3000,10.36,0.03,0,9
23,33600,MORTGAGE,8.0,PERSONAL,A,8000,6.99,0.24,0,2
23,50052,OWN,8.0,PERSONAL,B,15000,9.63,0.3,0,4
46,56500,RENT,4.0,HOMEIMPROVEMENT,B,12000,10.37,0.21,0,14
41,66504,RENT,5.0,EDUCATION,E,25000,17.56,0.38,1,15
30,180000,MORTGAGE,14.0,DEBTCONSOLIDATION,B,20000,11.48,0.11,0,8
22,32500,MORTGAGE,5.0,DEBTCONSOLIDATION,B,14500,11.99,0.45,0,4
30,28000,RENT,1.0,PERSONAL,C,7000,13.22,0.25,1,10
23,100000,MORTGAGE,7.0,EDUCATION,A,15000,7.88,0.15,0,4
23,75000,MORTGAGE,7.0,MEDICAL,B,6000,10.99,0.08,0,3
33,64000,MORTGAGE,3.0,VENTURE,A,8800,7.49,0.14,0,5
26,64000,RENT,2.0,MEDICAL,A,3000,7.49,0.05,0,4
36,160000,MORTGAGE,5.0,EDUCATION,C,10000,12.73,0.06,1,15
29,37920,RENT,2.0,PERSONAL,C,12000,13.48,0.32,1,10
29,39000,RENT,0.0,VENTURE,D,4000,15.99,0.1,1,5
29,51000,OWN,6.0,MEDICAL,A,19750,7.49,0.39,0,8
25,54000,RENT,4.0,HOMEIMPROVEMENT,A,6000,8.59,0.11,0,4
23,60000,MORTGAGE,6.0,EDUCATION,A,7000,6.54,0.12,0,3
35,110000,MORTGAGE,7.0,VENTURE,B,6000,10.99,0.05,0,6
25,20000,MORTGAGE,1.0,VENTURE,A,4000,5.79,0.2,0,4
22,32000,RENT,0.0,DEBTCONSOLIDATION,B,4800,11.11,0.15,0,4
26,46000,RENT,2.0,MEDICAL,B,6400,9.67,0.14,0,4
22,62322,RENT,7.0,EDUCATION,B,10000,10.99,0.16,0,2
29,200000,RENT,2.0,DEBTCONSOLIDATION,B,15000,10.37,0.07,0,5
29,42000,RENT,6.0,VENTURE,C,18000,14.65,0.43,1,8
21,83000,MORTGAGE,5.0,PERSONAL,C,15000,12.84,0.18,1,4
30,36000,RENT,3.0,DEBTCONSOLIDATION,C,24250,12.61,0.67,1,7
27,57770,MORTGAGE,3.0,PERSONAL,B,9975,11.49,0.17,0,5
24,84000,MORTGAGE,8.0,EDUCATION,B,18000,9.99,0.21,0,2
22,37500,RENT,4.0,PERSONAL,C,5000,11.03,0.13,1,3
33,150000,OWN,17.0,PERSONAL,B,20000,11.48,0.13,0,7
23,74000,MORTGAGE,5.0,DEBTCONSOLIDATION,D,25975,15.31,0.35,0,2
51,667680,MORTGAGE,19.0,PERSONAL,C,10000,13.98,0.01,1,22
35,40000,MORTGAGE,18.0,MEDICAL,B,7200,10.71,0.18,0,5
34,156000,RENT,4.0,EDUCATION,A,35000,7.49,0.22,0,5
25,46144,MORTGAGE,9.0,EDUCATION,A,1500,7.49,0.03,0,2
29,55000,RENT,3.0,DEBTCONSOLIDATION,B,1200,9.99,0.02,0,9
25,42000,RENT,1.0,DEBTCONSOLIDATION,B,6000,10.99,0.14,0,2
25,54000,MORTGAGE,9.0,DEBTCONSOLIDATION,B,12000,12.53,0.22,0,4
30,55000,MORTGAGE,3.0,DEBTCONSOLIDATION,B,12000,10.38,0.22,0,8
27,46300,MORTGAGE,3.0,DEBTCONSOLIDATION,C,11500,13.48,0.25,1,8
30,60000,RENT,2.0,PERSONAL,A,10000,7.49,0.17,0,7
32,49200,MORTGAGE,5.0,HOMEIMPROVEMENT,A,5000,7.74,0.1,0,10
23,120000,RENT,2.0,EDUCATION,A,5000,7.49,0.04,0,4
24,75000,RENT,0.0,VENTURE,A,12000,6.62,0.16,0,2
26,35000,MORTGAGE,10.0,MEDICAL,A,6000,7.51,0.17,0,3
25,210000,MORTGAGE,9.0,HOMEIMPROVEMENT,B,8000,9.91,0.04,0,4
23,52176,MORTGAGE,3.0,EDUCATION,B,7500,10.59,0.14,0,3
25,57000,RENT,8.0,MEDICAL,B,2000,11.36,0.04,0,2
34,68340,MORTGAGE,9.0,HOMEIMPROVEMENT,B,25000,10.99,0.37,0,10
23,48000,RENT,3.0,DEBTCONSOLIDATION,A,8000,8.49,0.17,0,2
33,62000,MORTGAGE,3.0,HOMEIMPROVEMENT,A,3700,6.39,0.06,0,6
28,39912,MORTGAGE,2.0,EDUCATION,A,10000,8.49,0.25,0,8
29,72500,MORTGAGE,2.0,MEDICAL,C,7000,13.79,0.1,1,8
24,27600,RENT,4.0,PERSONAL,D,7000,15.62,0.25,1,4
32,45000,RENT,0.0,EDUCATION,B,5600,11.36,0.12,0,10
22,40000,MORTGAGE,6.0,MEDICAL,A,5000,6.03,0.13,0,2
39,20400,RENT,3.0,MEDICAL,C,6000,15.27,0.29,1,13
28,19200,OWN,2.0,PERSONAL,D,4700,15.31,0.24,1,5
29,73000,RENT,7.0,DEBTCONSOLIDATION,C,2500,14.35,0.03,1,8
27,56888,RENT,8.0,EDUCATION,D,8000,16.29,0.14,1,5
35,130000,MORTGAGE,3.0,DEBTCONSOLIDATION,C,9000,12.73,0.07,1,8
28,73200,RENT,2.0,PERSONAL,A,12000,8.9,0.16,0,10
23,67000,MORTGAGE,2.0,DEBTCONSOLIDATION,A,5600,7.49,0.08,0,2
33,92000,MORTGAGE,8.0,PERSONAL,C,20000,13.06,0.22,0,9
41,70000,MORTGAGE,1.0,EDUCATION,C,20000,14.26,0.29,0,13
27,24000,MORTGAGE,6.0,PERSONAL,A,6250,8.49,0.26,0,8
25,45000,OWN,5.0,VENTURE,B,10400,10.25,0.23,0,3
35,180000,MORTGAGE,6.0,DEBTCONSOLIDATION,A,8500,6.92,0.05,0,8
24,56000,RENT,4.0,HOMEIMPROVEMENT,A,12000,8.94,0.21,0,3
35,44004,MORTGAGE,7.0,MEDICAL,B,10000,11.36,0.23,0,7
24,100800,MORTGAGE,4.0,EDUCATION,B,21000,11.49,0.21,0,4
23,78000,MORTGAGE,7.0,EDUCATION,A,12400,7.29,0.16,0,3
32,95000,MORTGAGE,9.0,PERSONAL,A,8500,5.79,0.09,0,6
33,60000,MORTGAGE,5.0,PERSONAL,A,2000,5.42,0.03,0,8
28,45000,RENT,6.0,MEDICAL,D,3600,16.29,0.08,0,7
27,120000,MORTGAGE,0.0,HOMEIMPROVEMENT,C,10000,12.61,0.08,0,6
24,140000,MORTGAGE,7.0,HOMEIMPROVEMENT,A,20000,6.54,0.14,0,4
61,53000,MORTGAGE,3.0,PERSONAL,A,7000,7.49,0.13,0,23
23,35000,RENT,2.0,EDUCATION,C,6400,13.48,0.18,0,4
31,48000,RENT,11.0,MEDICAL,B,2000,10.65,0.04,0,6
34,44000,RENT,0.0,EDUCATION,C,3400,13.49,0.08,1,8
22,30000,RENT,2.0,PERSONAL,B,6000,12.42,0.2,0,4
33,65000,MORTGAGE,4.0,HOMEIMPROVEMENT,B,16800,9.76,0.26,0,6
25,172000,MORTGAGE,9.0,EDUCATION,B,12000,11.86,0.07,0,4
26,38400,RENT,0.0,MEDICAL,A,12000,5.99,0.31,0,2
32,33000,RENT,1.0,EDUCATION,A,12000,6.54,0.36,0,8
26,69654,MORTGAGE,10.0,MEDICAL,C,7500,13.48,0.11,1,3
25,133119,MORTGAGE,10.0,DEBTCONSOLIDATION,B,25000,10.99,0.19,0,3
24,52260,RENT,6.0,MEDICAL,B,12000,9.99,0.23,0,4
24,44000,RENT,1.0,EDUCATION,B,4000,8.7,0.09,0,2
28,54000,MORTGAGE,12.0,MEDICAL,C,6000,15.23,0.11,0,8
24,58800,RENT,4.0,EDUCATION,A,9000,7.49,0.15,0,2
30,54000,RENT,2.0,HOMEIMPROVEMENT,E,5000,15.13,0.09,0,7
22,46000,RENT,3.0,PERSONAL,B,12000,11.71,0.26,0,4
23,50000,RENT,5.0,EDUCATION,A,10000,7.51,0.2,0,3
26,88900,MORTGAGE,9.0,MEDICAL,C,19200,14.65,0.22,0,4
43,43000,MORTGAGE,5.0,MEDICAL,B,15000,8.88,0.35,0,12
30,90722,MORTGAGE,6.0,VENTURE,A,10000,6.91,0.11,0,8
23,61041,RENT,7.0,PERSONAL,B,9000,11.36,0.15,0,2
24,120000,MORTGAGE,5.0,PERSONAL,A,16000,6.99,0.13,0,4
22,85000,MORTGAGE,6.0,PERSONAL,A,12500,7.49,0.15,0,2
41,138550,MORTGAGE,8.0,MEDICAL,D,23000,14.96,0.14,0,12
24,59500,MORTGAGE,0.0,EDUCATION,B,4200,10.59,0.07,0,2
27,12000,RENT,1.0,DEBTCONSOLIDATION,A,725,7.37,0.06,0,6
23,16800,RENT,7.0,EDUCATION,A,6625,6.03,0.39,0,3
26,63000,RENT,4.0,VENTURE,D,7000,14.84,0.11,0,2
31,60000,MORTGAGE,7.0,VENTURE,B,7000,10.99,0.12,0,7
25,39500,RENT,2.0,MEDICAL,A,10000,5.99,0.25,0,2
36,80000,MORTGAGE,3.0,VENTURE,B,12025,10.65,0.15,0,16
23,74000,MORTGAGE,4.0,VENTURE,B,20000,11.48,0.27,0,4
29,60000,MORTGAGE,4.0,DEBTCONSOLIDATION,A,12000,7.29,0.2,0,7
23,95000,RENT,4.0,PERSONAL,B,10000,10.99,0.11,0,4
26,38376,MORTGAGE,3.0,EDUCATION,A,14500,7.88,0.38,0,3
37,45000,RENT,0.0,EDUCATION,C,6000,12.61,0.13,0,17
30,39996,MORTGAGE,2.0,PERSONAL,B,10000,10.75,0.25,0,8
28,18000,OWN,12.0,VENTURE,C,3500,14.22,0.19,0,5
30,40000,RENT,3.0,EDUCATION,C,4800,12.68,0.12,0,5
22,40000,OWN,5.0,MEDICAL,B,6000,9.25,0.15,0,3
27,67000,RENT,1.0,DEBTCONSOLIDATION,C,8050,14.72,0.12,0,9
21,18000,OWN,0.0,VENTURE,B,6250,10.62,0.35,0,4
36,53126,RENT,1.0,MEDICAL,D,8000,15.31,0.15,0,11
25,35000,OWN,2.0,MEDICAL,A,6400,7.49,0.18,0,2
26,42000,MORTGAGE,0.0,EDUCATION,B,4500,11.48,0.11,0,3
27,103250,RENT,1.0,VENTURE,C,25000,12.73,0.24,0,10
23,35000,MORTGAGE,6.0,EDUCATION,B,8400,12.18,0.24,0,3
58,100000,MORTGAGE,6.0,PERSONAL,A,6000,5.42,0.06,0,19
25,234000,MORTGAGE,3.0,MEDICAL,C,20000,14.27,0.09,1,4
22,42000,RENT,4.0,VENTURE,D,4000,14.09,0.1,0,4
28,53000,OWN,3.0,EDUCATION,A,7475,7.9,0.14,0,8
23,48000,RENT,5.0,VENTURE,B,8000,10.99,0.17,0,2
23,55000,RENT,7.0,MEDICAL,B,4200,9.91,0.08,0,4
29,96000,MORTGAGE,2.0,HOMEIMPROVEMENT,A,10000,7.49,0.1,0,5
26,125000,RENT,0.0,EDUCATION,A,15500,7.88,0.12,0,2
35,65000,MORTGAGE,5.0,DEBTCONSOLIDATION,B,25000,9.51,0.38,0,10
24,55000,MORTGAGE,2.0,HOMEIMPROVEMENT,A,8000,8.0,0.15,0,2
58,51252,RENT,0.0,PERSONAL,B,13500,11.58,0.26,0,21
23,58000,RENT,4.0,EDUCATION,B,8000,10.37,0.14,0,2
26,38400,MORTGAGE,5.0,DEBTCONSOLIDATION,A,6000,7.51,0.16,0,3
23,42179,MORTGAGE,1.0,EDUCATION,A,10000,5.42,0.24,0,4
27,65000,RENT,11.0,HOMEIMPROVEMENT,C,6000,14.65,0.09,1,7
51,36000,RENT,3.0,MEDICAL,D,10000,15.65,0.28,0,30
23,85000,MORTGAGE,3.0,EDUCATION,A,7200,6.92,0.08,0,4
28,40000,RENT,2.0,PERSONAL,B,7500,11.86,0.19,0,8
27,57600,MORTGAGE,11.0,PERSONAL,A,8500,7.14,0.15,0,5
22,60635,MORTGAGE,5.0,EDUCATION,C,6800,13.49,0.11,1,2
21,50000,RENT,5.0,EDUCATION,C,1000,13.49,0.02,0,3
25,186000,OWN,9.0,VENTURE,B,10000,10.25,0.05,0,4
31,65000,RENT,2.0,EDUCATION,B,6000,11.49,0.09,0,6
24,30000,RENT,8.0,MEDICAL,B,8000,9.25,0.27,0,2
25,44400,MORTGAGE,9.0,VENTURE,C,6000,12.99,0.14,0,4
30,80000,MORTGAGE,1.0,EDUCATION,B,4975,10.59,0.06,0,9
45,73000,RENT,0.0,EDUCATION,C,5600,15.27,0.08,0,11
39,37800,RENT,5.0,DEBTCONSOLIDATION,B,7000,11.49,0.19,0,16
28,54000,MORTGAGE,12.0,MEDICAL,A,4150,7.49,0.08,0,6
38,95000,OWN,6.0,HOMEIMPROVEMENT,E,14000,17.74,0.15,1,17
32,47500,RENT,2.0,MEDICAL,B,5300,11.49,0.11,0,8
22,30000,RENT,0.0,MEDICAL,A,7000,8.9,0.23,0,4
34,44000,RENT,0.0,EDUCATION,D,16000,13.24,0.36,1,6
25,82000,RENT,2.0,MEDICAL,A,9200,6.03,0.11,0,3
29,39000,MORTGAGE,6.0,MEDICAL,A,7100,8.32,0.18,0,5
33,35600,RENT,1.0,MEDICAL,C,6000,13.49,0.17,1,6
22,36000,RENT,0.0,PERSONAL,C,6500,13.48,0.18,0,3
29,139500,MORTGAGE,4.0,HOMEIMPROVEMENT,A,15000,7.49,0.11,0,5
22,190000,RENT,3.0,EDUCATION,A,12600,6.92,0.07,0,4
23,81120,MORTGAGE,3.0,PERSONAL,B,15000,10.25,0.18,0,4
22,83200,RENT,3.0,EDUCATION,D,10000,16.29,0.12,0,4
21,50000,RENT,0.0,HOMEIMPROVEMENT,D,15000,15.7,0.3,1,3
22,18000,RENT,0.0,MEDICAL,C,3000,13.99,0.17,1,4
30,80000,MORTGAGE,7.0,VENTURE,B,16800,10.99,0.21,0,8
27,75000,MORTGAGE,4.0,VENTURE,B,6625,10.99,0.09,0,9
22,54000,RENT,2.0,EDUCATION,B,20000,9.91,0.37,0,4
25,39996,OWN,2.0,VENTURE,A,12000,8.94,0.3,0,3
28,35000,RENT,0.0,PERSONAL,B,3000,11.11,0.09,0,8
24,52000,MORTGAGE,0.0,EDUCATION,C,1200,13.98,0.02,1,2
21,28600,RENT,3.0,PERSONAL,C,10000,11.34,0.35,1,3
24,39600,RENT,4.0,VENTURE,A,12000,8.9,0.3,0,4
33,96000,MORTGAGE,5.0,VENTURE,A,9000,7.49,0.09,0,7
30,108000,RENT,0.0,EDUCATION,D,7000,14.42,0.06,1,8
26,45760,RENT,8.0,DEBTCONSOLIDATION,C,11500,11.78,0.25,0,4
66,38400,RENT,14.0,MEDICAL,A,11000,5.42,0.29,0,19
28,140000,RENT,3.0,DEBTCONSOLIDATION,B,12000,9.91,0.09,0,10
29,54000,RENT,5.0,HOMEIMPROVEMENT,C,10000,13.49,0.19,1,9
34,67000,MORTGAGE,4.0,EDUCATION,A,7000,7.51,0.1,0,9
30,51000,RENT,14.0,MEDICAL,B,4800,12.69,0.09,0,10
27,85500,RENT,1.0,EDUCATION,D,11000,15.99,0.13,0,6
23,48000,RENT,1.0,PERSONAL,C,10000,13.79,0.21,0,3
33,21000,OWN,1.0,HOMEIMPROVEMENT,B,7750,11.83,0.37,0,7
35,82863,RENT,14.0,VENTURE,A,11000,7.49,0.13,0,6
22,61000,MORTGAGE,6.0,MEDICAL,C,12000,13.49,0.2,0,2
24,75000,RENT,4.0,EDUCATION,B,25000,10.25,0.33,0,4
29,97000,MORTGAGE,2.0,VENTURE,C,10000,12.23,0.1,1,5
23,85000,RENT,5.0,PERSONAL,A,13600,6.03,0.16,0,3
46,72194,RENT,8.0,HOMEIMPROVEMENT,B,17000,8.88,0.24,0,14
24,43896,RENT,8.0,HOMEIMPROVEMENT,B,23975,10.99,0.55,0,2
32,50000,RENT,0.0,HOMEIMPROVEMENT,A,3775,6.17,0.08,0,8
28,90000,MORTGAGE,9.0,DEBTCONSOLIDATION,A,4000,8.0,0.04,0,6
22,66000,OWN,6.0,EDUCATION,A,5000,7.9,0.08,0,4
21,65000,RENT,5.0,PERSONAL,B,16000,9.91,0.25,0,3
22,42224,RENT,6.0,DEBTCONSOLIDATION,C,3000,13.48,0.07,1,2
26,73440,OWN,1.0,PERSONAL,B,35000,9.91,0.48,0,2
25,35000,OWN,9.0,PERSONAL,C,4000,13.11,0.11,0,2
27,48000,RENT,2.0,MEDICAL,B,5000,11.58,0.1,0,5
30,310000,MORTGAGE,13.0,DEBTCONSOLIDATION,B,14000,10.99,0.05,0,10
30,372000,OWN,4.0,HOMEIMPROVEMENT,B,2400,10.99,0.01,0,5
25,64000,RENT,7.0,EDUCATION,D,8000,15.28,0.13,0,4
21,42000,MORTGAGE,3.0,EDUCATION,B,13750,11.36,0.33,0,4
28,55000,OWN,13.0,MEDICAL,A,18000,7.9,0.33,0,10
28,96000,MORTGAGE,12.0,PERSONAL,B,6000,12.69,0.06,0,10
22,20400,RENT,5.0,MEDICAL,C,3250,14.26,0.16,1,2
26,62000,MORTGAGE,1.0,DEBTCONSOLIDATION,A,8400,6.62,0.14,0,4
25,37315,RENT,1.0,DEBTCONSOLIDATION,A,2000,6.39,0.05,0,4
23,39000,RENT,1.0,PERSONAL,B,16000,11.36,0.41,0,3
21,16000,RENT,2.0,VENTURE,D,1000,15.65,0.06,1,3
27,67200,RENT,0.0,PERSONAL,A,8000,6.03,0.12,0,5
33,285000,MORTGAGE,0.0,DEBTCONSOLIDATION,C,10000,13.99,0.04,0,7
28,29112,OWN,1.0,VENTURE,A,7000,6.99,0.24,0,5
29,70000,MORTGAGE,7.0,MEDICAL,B,4000,11.86,0.06,0,5
33,33000,RENT,0.0,PERSONAL,C,7500,11.34,0.23,0,9
22,72000,MORTGAGE,6.0,PERSONAL,A,10800,6.91,0.15,0,3
24,64000,MORTGAGE,7.0,DEBTCONSOLIDATION,F,4000,20.89,0.06,1,2
26,90000,RENT,0.0,EDUCATION,B,5525,11.36,0.06,0,4
31,55000,RENT,2.0,MEDICAL,B,10000,12.42,0.18,0,7
24,50004,RENT,2.0,VENTURE,C,10000,13.79,0.2,1,4
28,75000,MORTGAGE,5.0,MEDICAL,A,16800,6.03,0.22,0,8
31,30000,RENT,0.0,HOMEIMPROVEMENT,D,5500,15.21,0.18,1,7
29,88000,MORTGAGE,3.0,DEBTCONSOLIDATION,C,15000,13.85,0.17,1,6
30,100815,RENT,7.0,MEDICAL,F,20000,18.3,0.17,1,6
22,49000,RENT,0.0,EDUCATION,D,7600,15.62,0.16,0,4
22,58000,MORTGAGE,1.0,VENTURE,A,4000,7.29,0.07,0,3
39,76000,MORTGAGE,8.0,HOMEIMPROVEMENT,A,5000,6.03,0.07,0,14
25,55000,MORTGAGE,2.0,EDUCATION,E,14000,15.68,0.25,1,4
24,30000,MORTGAGE,4.0,MEDICAL,D,10000,15.99,0.33,1,2
35,93000,RENT,12.0,VENTURE,C,14000,13.16,0.15,0,6
34,50000,OWN,0.0,VENTURE,A,16000,7.51,0.32,0,7
23,54000,RENT,6.0,DEBTCONSOLIDATION,D,20000,14.84,0.37,1,3
24,95000,MORTGAGE,7.0,DEBTCONSOLIDATION,B,15000,12.69,0.16,0,3
28,73000,MORTGAGE,6.0,PERSONAL,B,15000,11.83,0.21,0,7
23,114000,MORTGAGE,1.0,EDUCATION,B,17325,11.99,0.15,0,2
53,28000,RENT,2.0,DEBTCONSOLIDATION,C,7000,6.0,0.25,0,26
39,30000,RENT,6.0,DEBTCONSOLIDATION,D,9000,16.89,0.3,0,16
24,45000,MORTGAGE,2.0,VENTURE,A,9050,6.62,0.2,0,4
28,82300,RENT,3.0,VENTURE,A,3600,9.63,0.04,0,8
26,60000,MORTGAGE,2.0,MEDICAL,C,18000,13.49,0.3,0,4
23,105999,MORTGAGE,6.0,VENTURE,B,8550,9.88,0.08,0,2
23,42000,RENT,2.0,EDUCATION,A,7000,7.88,0.17,0,3
22,50000,RENT,2.0,PERSONAL,B,8000,12.18,0.16,0,4
55,54000,RENT,20.0,VENTURE,A,5800,6.76,0.11,0,24
32,80000,RENT,1.0,PERSONAL,B,6400,10.99,0.08,0,8
22,27996,RENT,1.0,VENTURE,E,5000,17.51,0.18,0,4
25,52000,RENT,1.0,HOMEIMPROVEMENT,A,10000,6.91,0.19,0,2
22,41600,RENT,0.0,EDUCATION,C,2400,12.22,0.06,1,2
27,44000,RENT,5.0,EDUCATION,B,13650,10.65,0.31,0,5
33,74520,RENT,4.0,HOMEIMPROVEMENT,D,10000,16.89,0.13,0,10
23,69000,MORTGAGE,7.0,VENTURE,B,15000,11.58,0.22,0,3
27,52275,RENT,7.0,MEDICAL,D,20050,17.58,0.33,1,10
21,43000,RENT,2.0,MEDICAL,A,9200,8.94,0.21,0,2
21,43000,RENT,5.0,VENTURE,D,8500,15.58,0.2,0,2
24,41000,MORTGAGE,3.0,DEBTCONSOLIDATION,B,9000,9.88,0.22,0,2
21,43008,MORTGAGE,0.0,VENTURE,D,11200,15.31,0.26,0,3
23,54000,RENT,2.0,PERSONAL,F,9600,20.62,0.18,1,2
33,51200,RENT,1.0,VENTURE,E,13075,16.7,0.26,1,8
23,97000,MORTGAGE,7.0,VENTURE,C,1800,13.48,0.02,1,2
24,40800,MORTGAGE,8.0,EDUCATION,A,1200,7.49,0.03,0,3
23,80000,MORTGAGE,7.0,PERSONAL,B,8500,11.14,0.11,0,2
34,50000,MORTGAGE,18.0,EDUCATION,A,6000,7.14,0.12,0,8
22,52000,MORTGAGE,5.0,VENTURE,A,6000,7.9,0.12,0,2
24,59000,MORTGAGE,3.0,EDUCATION,C,6800,12.53,0.12,0,2
22,47000,RENT,5.0,MEDICAL,D,20000,16.77,0.43,0,3
34,85000,MORTGAGE,4.0,HOMEIMPROVEMENT,B,6500,9.63,0.08,0,7
26,100840,RENT,10.0,DEBTCONSOLIDATION,B,7000,9.99,0.07,0,3
33,60000,OWN,4.0,EDUCATION,C,10000,13.98,0.17,1,6
29,63000,RENT,4.0,PERSONAL,A,6000,7.51,0.1,0,7
24,62000,RENT,1.0,MEDICAL,C,1600,13.85,0.03,1,4
36,13440,RENT,2.0,EDUCATION,D,2400,17.49,0.18,1,11
27,40800,RENT,3.0,VENTURE,A,2000,7.49,0.05,0,9
22,55000,RENT,6.0,VENTURE,C,10000,15.27,0.18,0,3
32,95000,RENT,16.0,HOMEIMPROVEMENT,A,4000,7.49,0.04,0,8
24,45000,MORTGAGE,4.0,MEDICAL,A,1500,7.49,0.03,0,2
28,90000,RENT,12.0,MEDICAL,C,12000,14.65,0.13,0,7
22,66000,MORTGAGE,6.0,PERSONAL,A,12000,5.79,0.18,0,3
27,50004,RENT,12.0,DEBTCONSOLIDATION,B,3200,11.49,0.06,0,7
53,34000,MORTGAGE,0.0,MEDICAL,B,10000,10.39,0.29,0,30
28,60000,RENT,2.0,VENTURE,B,12000,9.91,0.2,0,10
30,80000,MORTGAGE,2.0,EDUCATION,C,6000,14.17,0.07,1,9
24,48500,RENT,5.0,MEDICAL,C,8000,15.96,0.16,0,3
23,45000,RENT,7.0,EDUCATION,B,6000,11.49,0.13,0,3
33,87000,MORTGAGE,1.0,PERSONAL,D,5000,14.96,0.06,0,6
22,48000,RENT,6.0,VENTURE,B,15000,9.63,0.31,0,4
21,60000,MORTGAGE,0.0,MEDICAL,C,10000,13.48,0.17,1,4
45,32000,RENT,4.0,PERSONAL,A,4500,7.51,0.14,0,12
38,84000,MORTGAGE,5.0,VENTURE,B,15000,9.63,0.18,0,16
36,29500,OWN,4.0,HOMEIMPROVEMENT,B,1250,11.83,0.04,0,11
24,95000,OWN,4.0,PERSONAL,C,10000,15.23,0.11,0,4
28,83004,RENT,13.0,MEDICAL,A,21600,6.91,0.26,0,10
26,31200,MORTGAGE,4.0,HOMEIMPROVEMENT,A,8400,7.51,0.27,0,3
32,74000,RENT,15.0,VENTURE,F,15000,17.15,0.2,0,6
41,70000,MORTGAGE,2.0,PERSONAL,B,5000,12.69,0.07,0,12
28,40000,RENT,12.0,VENTURE,B,12000,11.11,0.3,0,5
24,56000,RENT,1.0,DEBTCONSOLIDATION,C,15000,12.87,0.27,0,2
35,26000,RENT,3.0,PERSONAL,A,8000,7.9,0.31,0,6
45,69600,OWN,11.0,VENTURE,A,6000,7.9,0.09,0,13
47,50004,MORTGAGE,22.0,VENTURE,A,8000,7.49,0.16,0,15
22,42500,RENT,0.0,MEDICAL,E,1500,17.19,0.04,1,4
24,48000,RENT,3.0,EDUCATION,B,5000,11.89,0.1,0,2
32,61572,MORTGAGE,0.0,VENTURE,C,15000,13.57,0.24,0,7
24,42996,RENT,5.0,MEDICAL,A,5000,7.14,0.12,0,4
24,21600,MORTGAGE,0.0,DEBTCONSOLIDATION,D,2000,14.84,0.09,0,2
25,46500,RENT,9.0,MEDICAL,C,9000,13.48,0.19,0,3
26,70000,MORTGAGE,0.0,HOMEIMPROVEMENT,D,8000,14.84,0.11,0,3
24,44000,RENT,1.0,MEDICAL,A,6000,8.0,0.14,0,2
24,67000,RENT,5.0,PERSONAL,C,20000,13.48,0.3,1,3
25,58000,RENT,3.0,MEDICAL,B,6000,12.18,0.1,0,4
29,27000,RENT,8.0,PERSONAL,A,5000,6.76,0.19,0,9
37,42000,RENT,3.0,VENTURE,A,3000,7.51,0.07,0,13
24,85000,MORTGAGE,8.0,MEDICAL,B,25600,12.69,0.3,0,4
21,63000,MORTGAGE,5.0,VENTURE,E,4800,16.82,0.08,1,4
32,49500,RENT,2.0,MEDICAL,B,8900,10.99,0.18,0,7
24,40000,OWN,6.0,VENTURE,A,1000,6.76,0.03,0,3
22,42000,RENT,0.0,EDUCATION,A,5000,8.9,0.12,0,4
27,55000,MORTGAGE,5.0,PERSONAL,A,5000,6.62,0.09,0,6
38,117400,MORTGAGE,7.0,PERSONAL,B,16000,10.75,0.14,0,16
22,70000,MORTGAGE,5.0,VENTURE,B,21000,8.88,0.3,0,3
49,95000,MORTGAGE,2.0,HOMEIMPROVEMENT,A,3000,5.42,0.03,0,12
31,19968,RENT,1.0,EDUCATION,B,2500,9.62,0.13,0,6
29,120000,MORTGAGE,11.0,VENTURE,B,16000,12.42,0.13,0,9
28,139913,MORTGAGE,7.0,HOMEIMPROVEMENT,A,5375,8.94,0.04,0,6
42,78000,MORTGAGE,4.0,MEDICAL,C,8000,10.78,0.1,1,13
22,150000,RENT,2.0,MEDICAL,A,8200,6.99,0.05,0,3
30,58000,RENT,3.0,PERSONAL,C,20000,14.72,0.34,0,5
30,42000,OWN,4.0,PERSONAL,C,4000,15.23,0.1,1,9
27,78000,OWN,4.0,MEDICAL,B,6000,12.18,0.08,0,5
31,37000,RENT,5.0,PERSONAL,C,7500,15.23,0.2,0,6
26,47004,RENT,5.0,PERSONAL,D,10000,15.05,0.21,0,2
60,60000,OWN,5.0,PERSONAL,C,9000,13.8,0.15,0,27
24,78400,MORTGAGE,5.0,VENTURE,C,17400,13.48,0.22,0,2
28,63000,MORTGAGE,1.0,HOMEIMPROVEMENT,B,11500,9.99,0.18,0,8
21,67400,MORTGAGE,2.0,VENTURE,E,20000,17.74,0.3,1,2
38,30132,RENT,4.0,MEDICAL,C,3000,13.85,0.1,1,14
35,188000,RENT,4.0,DEBTCONSOLIDATION,D,5000,16.49,0.03,0,9
22,48000,MORTGAGE,6.0,EDUCATION,A,9925,9.63,0.21,0,3
23,114600,MORTGAGE,7.0,EDUCATION,C,10000,13.06,0.09,0,3
26,53000,MORTGAGE,3.0,VENTURE,A,2800,6.03,0.05,0,3
31,65000,RENT,9.0,VENTURE,A,6000,6.99,0.09,0,10
28,75000,MORTGAGE,12.0,HOMEIMPROVEMENT,A,16000,6.17,0.21,0,6
26,92400,MORTGAGE,8.0,MEDICAL,A,14500,7.88,0.16,0,4
26,30000,RENT,4.0,VENTURE,B,4000,10.75,0.13,0,3
25,105000,MORTGAGE,3.0,VENTURE,C,12000,12.84,0.11,0,3
28,55000,RENT,3.0,VENTURE,C,5000,12.53,0.09,1,5
28,72000,MORTGAGE,3.0,EDUCATION,C,28000,15.96,0.39,0,10
21,26400,RENT,2.0,EDUCATION,C,5000,13.49,0.19,1,2
25,36400,MORTGAGE,4.0,VENTURE,C,11000,12.29,0.3,0,3
22,44004,MORTGAGE,3.0,EDUCATION,D,9000,14.11,0.2,0,4
29,63000,RENT,13.0,MEDICAL,A,10000,7.49,0.16,0,5
23,84996,MORTGAGE,0.0,EDUCATION,C,16750,14.35,0.2,0,2
25,88668,MORTGAGE,2.0,MEDICAL,A,3000,6.62,0.03,0,2
23,85500,RENT,1.0,DEBTCONSOLIDATION,C,17000,13.11,0.2,1,3
23,60000,RENT,7.0,DEBTCONSOLIDATION,B,25000,10.25,0.42,0,2
37,20004,RENT,0.0,DEBTCONSOLIDATION,B,5000,10.99,0.25,0,12
23,170000,RENT,7.0,EDUCATION,B,12000,11.11,0.07,0,2
24,28500,OWN,4.0,VENTURE,D,3500,14.59,0.12,0,3
26,15436,RENT,4.0,HOMEIMPROVEMENT,A,5500,7.88,0.36,0,3
29,46500,RENT,5.0,VENTURE,C,2500,13.92,0.05,1,9
24,82000,OTHER,2.0,PERSONAL,A,14700,9.63,0.18,0,3
39,77256,MORTGAGE,16.0,HOMEIMPROVEMENT,B,10000,11.86,0.13,0,11
41,45600,RENT,3.0,DEBTCONSOLIDATION,B,9000,10.0,0.2,0,12
36,93000,RENT,1.0,PERSONAL,C,12000,13.48,0.13,1,12
28,150000,MORTGAGE,12.0,EDUCATION,C,10000,13.48,0.07,1,6
29,53000,MORTGAGE,3.0,EDUCATION,A,6000,8.0,0.11,0,8
25,55000,MORTGAGE,9.0,VENTURE,B,5000,9.91,0.09,0,4
25,65000,RENT,6.0,PERSONAL,D,7675,15.33,0.12,1,3
25,47000,RENT,4.0,MEDICAL,B,19000,11.99,0.4,0,2
25,125000,MORTGAGE,6.0,MEDICAL,A,8000,9.63,0.06,0,2
43,122000,OWN,20.0,MEDICAL,B,12000,11.83,0.1,0,11
24,45996,RENT,2.0,VENTURE,C,10800,13.16,0.23,0,4
23,51996,RENT,1.0,DEBTCONSOLIDATION,B,3000,10.37,0.06,0,2
43,55000,OWN,17.0,VENTURE,B,2000,12.53,0.04,0,11
26,52800,RENT,4.0,VENTURE,B,8975,10.99,0.17,0,2
34,60000,RENT,0.0,EDUCATION,C,12000,12.22,0.2,1,7
30,54000,MORTGAGE,8.0,HOMEIMPROVEMENT,G,24000,18.72,0.44,0,8
24,50000,MORTGAGE,2.0,HOMEIMPROVEMENT,A,7000,5.42,0.14,0,3
35,115000,RENT,1.0,VENTURE,B,28000,9.91,0.24,0,6
24,90000,RENT,0.0,PERSONAL,A,13000,8.94,0.14,0,4
46,82000,RENT,2.0,EDUCATION,B,16000,10.99,0.2,0,16
24,42000,MORTGAGE,9.0,DEBTCONSOLIDATION,A,11000,5.42,0.26,0,4
21,24000,MORTGAGE,0.0,VENTURE,A,3000,7.9,0.13,0,4
26,85000,MORTGAGE,10.0,HOMEIMPROVEMENT,B,11000,11.99,0.13,0,4
22,63000,MORTGAGE,2.0,DEBTCONSOLIDATION,A,4000,7.49,0.06,0,2
24,18000,MORTGAGE,0.0,DEBTCONSOLIDATION,B,10000,12.18,0.56,0,2
28,100000,OWN,7.0,HOMEIMPROVEMENT,C,20000,12.68,0.2,1,6
21,12720,RENT,1.0,EDUCATION,A,7500,7.05,0.59,0,4
22,50663,RENT,0.0,DEBTCONSOLIDATION,C,7500,13.22,0.15,0,3
36,60000,MORTGAGE,2.0,EDUCATION,C,8000,13.92,0.13,0,15
29,35000,RENT,1.0,PERSONAL,A,10625,7.9,0.3,0,6
24,44000,MORTGAGE,4.0,MEDICAL,A,3600,5.79,0.08,0,2
25,27096,RENT,7.0,EDUCATION,A,5000,7.9,0.18,0,3
24,47300,MORTGAGE,5.0,PERSONAL,A,9500,8.49,0.2,0,2
23,67200,MORTGAGE,7.0,EDUCATION,A,5525,6.99,0.08,0,4
23,30000,RENT,0.0,DEBTCONSOLIDATION,B,4000,10.36,0.13,0,3
26,60000,MORTGAGE,10.0,VENTURE,B,20000,12.69,0.33,0,2
27,120000,MORTGAGE,11.0,PERSONAL,C,8000,12.61,0.07,0,9
25,123144,RENT,2.0,VENTURE,B,12000,10.75,0.1,0,2
27,72000,RENT,3.0,VENTURE,D,24000,14.96,0.33,0,10
23,54000,RENT,1.0,EDUCATION,D,10000,13.67,0.19,1,3
25,62000,MORTGAGE,9.0,HOMEIMPROVEMENT,C,3000,12.99,0.05,0,2
28,48000,MORTGAGE,4.0,VENTURE,B,3000,11.99,0.06,0,6
27,120000,RENT,0.0,DEBTCONSOLIDATION,A,7200,7.29,0.06,0,10
28,30000,RENT,0.0,VENTURE,A,9600,7.49,0.32,0,7
22,28000,RENT,4.0,EDUCATION,B,3000,10.59,0.11,0,3
32,75000,MORTGAGE,4.0,HOMEIMPROVEMENT,B,12000,11.71,0.16,0,6
29,94000,MORTGAGE,13.0,PERSONAL,A,30000,6.62,0.32,0,7
28,18000,RENT,4.0,VENTURE,B,4000,11.12,0.22,0,8
32,125000,MORTGAGE,2.0,PERSONAL,B,20000,11.12,0.16,0,9
22,35000,RENT,2.0,VENTURE,C,4500,14.27,0.13,1,2
27,90000,RENT,0.0,DEBTCONSOLIDATION,A,20000,6.54,0.22,0,9
29,87000,MORTGAGE,6.0,VENTURE,A,4800,8.94,0.06,0,5
21,33996,RENT,3.0,PERSONAL,B,5000,9.25,0.15,0,3
26,84000,MORTGAGE,10.0,PERSONAL,B,7500,12.69,0.09,0,3
24,20004,RENT,3.0,VENTURE,C,3000,13.48,0.15,0,4
24,48000,RENT,0.0,EDUCATION,A,6000,7.49,0.13,0,3
30,25056,MORTGAGE,3.0,HOMEIMPROVEMENT,B,2000,12.42,0.08,0,7
23,64000,RENT,2.0,PERSONAL,B,16000,10.74,0.25,0,3
24,65000,RENT,5.0,HOMEIMPROVEMENT,A,9000,6.03,0.14,0,4
25,55000,MORTGAGE,9.0,DEBTCONSOLIDATION,A,17000,6.91,0.31,0,4
22,8280,RENT,4.0,MEDICAL,B,2400,9.91,0.29,0,2
39,65000,RENT,12.0,VENTURE,B,20000,10.74,0.31,0,17
31,75000,MORTGAGE,2.0,EDUCATION,A,12000,7.29,0.16,0,10
22,82570,RENT,6.0,VENTURE,C,18000,15.27,0.22,0,2
30,16500,RENT,0.0,VENTURE,C,4000,14.22,0.24,1,7
33,35000,MORTGAGE,3.0,HOMEIMPROVEMENT,B,10000,10.99,0.29,0,5
22,63600,OWN,1.0,VENTURE,A,4000,6.76,0.06,0,2
28,34000,RENT,1.0,PERSONAL,D,3000,15.7,0.09,1,10
28,60000,MORTGAGE,6.0,DEBTCONSOLIDATION,B,15000,11.99,0.25,0,6
34,65000,RENT,2.0,DEBTCONSOLIDATION,A,12000,7.49,0.18,0,7
31,57996,RENT,4.0,PERSONAL,D,4800,15.58,0.08,1,9
24,73000,RENT,1.0,DEBTCONSOLIDATION,D,11400,14.84,0.16,1,4
24,180000,RENT,8.0,EDUCATION,E,18000,18.64,0.1,1,4
39,83400,RENT,2.0,EDUCATION,E,10000,16.4,0.12,1,14
38,52000,MORTGAGE,13.0,DEBTCONSOLIDATION,B,5000,10.99,0.1,0,15
36,10800,RENT,0.0,VENTURE,E,3000,16.77,0.28,0,11
28,29000,RENT,4.0,DEBTCONSOLIDATION,D,10000,16.77,0.34,0,10
22,33280,RENT,2.0,VENTURE,C,10000,12.53,0.3,1,4
22,64000,MORTGAGE,6.0,EDUCATION,A,6000,7.49,0.09,0,4
26,130000,MORTGAGE,8.0,PERSONAL,A,10000,6.03,0.08,0,2
22,33000,RENT,1.0,EDUCATION,B,5000,10.25,0.15,0,2
27,78000,MORTGAGE,1.0,VENTURE,A,5125,8.59,0.07,0,8
24,35200,RENT,1.0,MEDICAL,D,4000,16.0,0.11,1,3
42,48000,MORTGAGE,26.0,MEDICAL,A,6500,7.29,0.14,0,11
24,85000,MORTGAGE,4.0,MEDICAL,B,2500,10.38,0.03,0,4
36,105859,OWN,20.0,VENTURE,B,12000,11.99,0.11,0,15
25,42504,MORTGAGE,9.0,MEDICAL,A,10000,7.29,0.24,0,2
29,77000,RENT,3.0,MEDICAL,C,17600,13.48,0.23,0,8
25,48000,RENT,2.0,MEDICAL,C,6000,12.99,0.13,1,3
31,88000,MORTGAGE,10.0,DEBTCONSOLIDATION,B,7000,9.2,0.08,0,10
36,16800,RENT,2.0,VENTURE,C,1200,13.06,0.07,0,14
51,115900,MORTGAGE,16.0,PERSONAL,A,12000,7.88,0.1,0,29
24,120000,MORTGAGE,8.0,EDUCATION,A,10000,6.03,0.08,0,4
28,110000,MORTGAGE,12.0,VENTURE,B,15000,10.0,0.14,0,10
25,54000,RENT,1.0,VENTURE,A,3000,9.32,0.06,0,3
24,64000,MORTGAGE,8.0,VENTURE,B,1200,10.74,0.02,0,4
22,40428,RENT,4.0,MEDICAL,B,16500,10.75,0.41,0,2
33,57700,RENT,17.0,HOMEIMPROVEMENT,C,4000,13.48,0.07,1,7
22,103000,MORTGAGE,6.0,PERSONAL,B,15000,9.63,0.15,0,4
25,30000,RENT,4.0,MEDICAL,C,1400,13.11,0.05,0,2
24,104000,MORTGAGE,2.0,VENTURE,A,19000,7.49,0.18,0,4
27,180000,MORTGAGE,2.0,MEDICAL,C,8000,13.23,0.04,1,7
22,52000,MORTGAGE,5.0,VENTURE,A,3900,7.51,0.07,0,3
23,26400,RENT,7.0,EDUCATION,B,5400,10.38,0.2,0,2
27,120000,MORTGAGE,4.0,PERSONAL,C,6000,13.79,0.05,0,10
30,64600,MORTGAGE,8.0,MEDICAL,D,8000,15.99,0.11,1,6
29,77040,RENT,1.0,EDUCATION,C,9500,12.84,0.12,1,9
25,30000,RENT,6.0,EDUCATION,D,4000,16.49,0.13,1,3
22,50004,MORTGAGE,0.0,EDUCATION,E,11000,15.68,0.22,1,3
23,78000,RENT,4.0,PERSONAL,C,24000,13.92,0.31,0,3
26,36000,RENT,2.0,DEBTCONSOLIDATION,B,14500,9.88,0.4,0,3
24,130000,MORTGAGE,8.0,DEBTCONSOLIDATION,B,7000,11.99,0.05,0,3
26,32000,RENT,10.0,PERSONAL,C,5000,12.53,0.16,1,3
41,57000,MORTGAGE,11.0,PERSONAL,A,10000,7.51,0.18,0,12
32,84996,MORTGAGE,5.0,MEDICAL,B,20000,8.88,0.24,0,5
33,48000,RENT,5.0,MEDICAL,D,9600,16.29,0.2,1,7
27,70000,RENT,2.0,EDUCATION,B,10000,10.99,0.14,0,6
33,24000,MORTGAGE,2.0,DEBTCONSOLIDATION,B,6000,10.25,0.25,0,6
22,60000,RENT,6.0,EDUCATION,A,9000,7.14,0.15,0,4
33,96000,MORTGAGE,0.0,DEBTCONSOLIDATION,C,8000,13.72,0.08,0,5
27,62000,MORTGAGE,6.0,VENTURE,A,3600,7.14,0.06,0,9
23,140000,MORTGAGE,4.0,PERSONAL,A,12000,5.42,0.09,0,3
24,76000,MORTGAGE,8.0,DEBTCONSOLIDATION,B,13500,9.99,0.18,0,3
26,44004,RENT,2.0,MEDICAL,A,4500,7.74,0.1,0,3
27,58000,MORTGAGE,4.0,DEBTCONSOLIDATION,C,1500,13.48,0.03,0,9
25,76248,MORTGAGE,6.0,DEBTCONSOLIDATION,C,9750,14.27,0.13,1,3
22,60000,RENT,0.0,EDUCATION,C,12000,13.47,0.2,1,3
34,19600,RENT,3.0,PERSONAL,B,4500,10.59,0.23,0,9
23,54000,MORTGAGE,5.0,EDUCATION,B,7750,10.38,0.14,0,4
23,85000,OWN,4.0,EDUCATION,C,9600,13.61,0.11,0,3
24,40000,RENT,1.0,EDUCATION,C,15000,12.87,0.38,1,3
37,87950,MORTGAGE,3.0,EDUCATION,B,14250,11.89,0.16,0,14
25,63000,MORTGAGE,0.0,EDUCATION,D,25000,13.87,0.4,0,2
26,40500,RENT,4.0,DEBTCONSOLIDATION,A,8500,7.88,0.21,0,2
24,65000,MORTGAGE,0.0,DEBTCONSOLIDATION,C,3000,12.73,0.05,0,3
22,26000,MORTGAGE,2.0,EDUCATION,A,2000,7.4,0.08,0,2
24,86700,RENT,2.0,EDUCATION,A,11200,7.49,0.13,0,4
27,73200,MORTGAGE,7.0,EDUCATION,C,15000,13.22,0.2,0,5
34,75000,MORTGAGE,3.0,VENTURE,A,3000,7.9,0.04,0,8
27,28800,RENT,0.0,EDUCATION,A,3000,7.88,0.1,0,7
33,48000,RENT,4.0,MEDICAL,B,1000,9.99,0.02,0,10
23,70000,MORTGAGE,7.0,DEBTCONSOLIDATION,A,3500,5.42,0.05,0,2
29,62000,OWN,4.0,EDUCATION,A,15000,6.03,0.24,0,7
39,56100,MORTGAGE,23.0,MEDICAL,D,8000,16.07,0.12,0,14
26,85000,MORTGAGE,10.0,EDUCATION,A,4650,8.49,0.05,0,2
28,110000,MORTGAGE,12.0,DEBTCONSOLIDATION,A,4800,7.51,0.04,0,9
29,120000,MORTGAGE,8.0,VENTURE,A,5000,7.43,0.04,0,6
27,62900,RENT,7.0,MEDICAL,D,24250,15.31,0.33,0,6
25,84000,MORTGAGE,9.0,VENTURE,B,5000,10.99,0.06,0,2
22,49536,MORTGAGE,6.0,DEBTCONSOLIDATION,A,5200,6.62,0.1,0,2
41,49000,RENT,4.0,HOMEIMPROVEMENT,E,25000,17.04,0.51,0,13
28,31000,MORTGAGE,0.0,VENTURE,B,11300,9.91,0.36,0,5
22,50000,MORTGAGE,5.0,EDUCATION,B,2000,12.18,0.04,0,4
24,44208,MORTGAGE,2.0,VENTURE,A,7000,7.51,0.16,0,3
23,24996,OWN,1.0,PERSONAL,D,4575,15.31,0.18,1,2
38,50000,RENT,5.0,PERSONAL,C,10000,13.48,0.2,0,13
29,65000,MORTGAGE,4.0,HOMEIMPROVEMENT,A,10000,6.99,0.15,0,9
22,77004,RENT,6.0,DEBTCONSOLIDATION,C,20000,13.98,0.26,0,4
24,34860,RENT,0.0,VENTURE,B,2000,10.99,0.06,0,2
31,53922,RENT,15.0,HOMEIMPROVEMENT,B,5000,10.59,0.09,0,5
23,50000,MORTGAGE,0.0,VENTURE,A,6100,7.49,0.12,0,4
27,100000,RENT,4.0,MEDICAL,B,20000,11.12,0.2,0,9
25,78720,MORTGAGE,6.0,MEDICAL,B,10000,9.62,0.13,0,2
21,21600,MORTGAGE,6.0,PERSONAL,A,7575,7.49,0.35,0,3
61,85000,MORTGAGE,11.0,PERSONAL,B,9000,9.99,0.11,0,22
30,120000,MORTGAGE,1.0,EDUCATION,B,4800,10.36,0.04,0,8
25,49500,MORTGAGE,3.0,DEBTCONSOLIDATION,C,9250,13.79,0.19,1,2
30,28800,RENT,9.0,MEDICAL,B,2000,11.48,0.07,0,10
27,44000,RENT,6.0,VENTURE,A,4800,7.51,0.11,0,10
22,65000,MORTGAGE,6.0,EDUCATION,A,12800,5.99,0.2,0,4
23,65000,OWN,8.0,PERSONAL,C,9600,14.17,0.15,1,4
27,120000,MORTGAGE,2.0,VENTURE,B,16000,12.21,0.13,0,5
42,57000,RENT,4.0,MEDICAL,C,15000,13.43,0.26,1,12
24,30000,RENT,6.0,PERSONAL,E,7750,16.82,0.26,0,4
27,78200,OWN,4.0,MEDICAL,E,35000,17.99,0.38,1,7
44,30000,RENT,6.0,VENTURE,C,5000,13.98,0.17,0,11
23,27864,RENT,0.0,MEDICAL,A,4600,6.03,0.17,0,3
23,75000,MORTGAGE,7.0,VENTURE,A,10200,6.03,0.14,0,3
23,12000,RENT,0.0,MEDICAL,A,2100,8.94,0.17,0,2
35,75000,RENT,1.0,EDUCATION,B,3300,11.71,0.04,0,9
25,70000,RENT,3.0,MEDICAL,A,5600,7.9,0.08,0,4
26,50000,MORTGAGE,0.0,EDUCATION,A,10000,7.74,0.2,0,2
23,54000,RENT,5.0,VENTURE,D,13275,17.58,0.25,1,2
25,66300,RENT,3.0,MEDICAL,E,25000,17.93,0.32,1,4
35,60000,MORTGAGE,0.0,MEDICAL,B,12000,10.75,0.2,0,8
25,28000,RENT,8.0,EDUCATION,B,2400,11.49,0.09,0,3
22,40000,MORTGAGE,3.0,DEBTCONSOLIDATION,B,7500,11.49,0.19,0,3
26,60000,RENT,4.0,EDUCATION,C,9000,12.68,0.15,0,4
27,27000,OWN,1.0,VENTURE,A,6000,8.0,0.22,0,6
27,60000,MORTGAGE,4.0,VENTURE,A,8000,7.88,0.13,0,8
25,90000,RENT,3.0,PERSONAL,C,7000,13.16,0.08,0,2
33,14076,RENT,4.0,MEDICAL,A,4800,6.76,0.34,0,7
29,39600,MORTGAGE,0.0,EDUCATION,B,5600,10.65,0.14,0,8
25,24000,RENT,4.0,MEDICAL,D,2000,16.59,0.08,0,2
25,85000,MORTGAGE,9.0,MEDICAL,A,4000,7.88,0.05,0,3
22,54800,OWN,7.0,EDUCATION,A,8000,7.49,0.15,0,2
28,60000,MORTGAGE,6.0,DEBTCONSOLIDATION,B,4125,9.99,0.07,0,10
23,33000,RENT,5.0,DEBTCONSOLIDATION,D,4800,14.54,0.15,1,3
25,51000,MORTGAGE,6.0,EDUCATION,E,16750,16.4,0.33,0,3
25,42000,MORTGAGE,3.0,HOMEIMPROVEMENT,A,10000,5.42,0.24,0,2
21,30000,RENT,5.0,PERSONAL,B,10000,11.99,0.33,0,3
27,80000,MORTGAGE,5.0,VENTURE,C,35000,13.48,0.44,0,8
23,75000,RENT,1.0,VENTURE,B,6000,12.42,0.08,0,3
28,21000,RENT,6.0,DEBTCONSOLIDATION,A,6250,7.9,0.3,0,8
31,94350,MORTGAGE,5.0,MEDICAL,D,15000,15.37,0.14,0,8
36,43680,MORTGAGE,0.0,PERSONAL,C,15000,13.11,0.34,0,15
23,78885,OWN,2.0,VENTURE,B,20000,12.42,0.25,0,3
23,35000,MORTGAGE,7.0,EDUCATION,A,2100,5.42,0.06,0,3
32,60000,MORTGAGE,15.0,DEBTCONSOLIDATION,A,6000,7.14,0.1,0,9
24,30000,RENT,1.0,EDUCATION,B,12300,10.74,0.41,0,2
35,62217,RENT,15.0,EDUCATION,A,3700,7.49,0.06,0,8
23,59497,RENT,0.0,MEDICAL,E,20000,16.0,0.29,0,3
21,35760,MORTGAGE,5.0,HOMEIMPROVEMENT,E,2400,16.82,0.07,0,3
25,120000,RENT,9.0,VENTURE,C,4800,14.22,0.04,0,4
23,48600,RENT,2.0,DEBTCONSOLIDATION,B,4800,10.36,0.1,0,3
22,53000,MORTGAGE,6.0,VENTURE,E,8000,16.82,0.15,0,4
22,52000,RENT,0.0,MEDICAL,B,9000,10.65,0.17,0,3
22,36000,MORTGAGE,0.0,EDUCATION,C,11625,13.49,0.32,0,2
22,28800,RENT,6.0,MEDICAL,B,8000,11.49,0.28,0,2
22,49176,RENT,7.0,MEDICAL,C,17500,13.85,0.36,0,2
21,24000,RENT,4.0,HOMEIMPROVEMENT,C,9600,14.27,0.4,0,4
22,62000,RENT,0.0,MEDICAL,C,8400,13.47,0.14,1,2
25,60000,RENT,8.0,HOMEIMPROVEMENT,D,5000,15.57,0.08,0,4
22,83000,MORTGAGE,6.0,DEBTCONSOLIDATION,B,5500,11.99,0.07,0,4
39,67000,RENT,4.0,EDUCATION,D,9800,16.29,0.15,1,14
24,51000,RENT,4.0,DEBTCONSOLIDATION,E,10000,17.19,0.2,0,2
22,88200,MORTGAGE,1.0,VENTURE,D,19000,14.61,0.22,1,3
27,65000,MORTGAGE,7.0,HOMEIMPROVEMENT,C,4500,13.92,0.07,0,7
27,59000,MORTGAGE,11.0,PERSONAL,A,3000,7.9,0.05,0,9
28,56864,MORTGAGE,5.0,MEDICAL,A,12300,7.88,0.22,0,8
24,54996,RENT,5.0,MEDICAL,C,10000,12.99,0.18,0,2
28,30000,RENT,4.0,EDUCATION,B,3900,11.99,0.13,0,9
22,37000,RENT,6.0,DEBTCONSOLIDATION,B,3000,11.11,0.08,0,2
53,43200,RENT,0.0,VENTURE,B,10000,9.88,0.23,0,30
30,90000,MORTGAGE,3.0,EDUCATION,B,13000,11.89,0.14,0,10
35,132000,MORTGAGE,14.0,PERSONAL,A,22000,6.54,0.17,0,5
24,79500,RENT,8.0,HOMEIMPROVEMENT,B,16000,11.14,0.2,0,4
23,75000,RENT,2.0,MEDICAL,A,8000,7.9,0.11,0,4
34,30000,RENT,5.0,MEDICAL,A,4200,5.79,0.14,0,8
25,188000,MORTGAGE,9.0,HOMEIMPROVEMENT,D,25000,13.24,0.13,1,4
32,85000,RENT,7.0,DEBTCONSOLIDATION,B,6000,11.71,0.07,0,5
22,40000,RENT,4.0,EDUCATION,A,5000,8.9,0.13,0,2
21,57700,MORTGAGE,5.0,VENTURE,B,13500,9.91,0.23,0,2
25,50000,MORTGAGE,0.0,VENTURE,A,2600,6.03,0.05,0,3
34,92000,MORTGAGE,14.0,HOMEIMPROVEMENT,B,16000,11.11,0.17,0,7
24,45000,RENT,0.0,MEDICAL,C,5000,13.79,0.11,1,2
26,40044,RENT,1.0,VENTURE,B,1400,11.86,0.03,0,4
22,77237,MORTGAGE,0.0,MEDICAL,A,5875,6.17,0.08,0,3
23,90000,MORTGAGE,7.0,EDUCATION,B,8000,10.36,0.09,0,3
27,150000,MORTGAGE,11.0,VENTURE,B,8000,12.21,0.05,0,5
24,85850,MORTGAGE,3.0,MEDICAL,D,12000,15.99,0.12,1,4
29,59000,MORTGAGE,7.0,VENTURE,A,10000,7.49,0.17,0,7
25,30000,RENT,3.0,EDUCATION,C,8500,13.98,0.28,1,4
50,30000,RENT,8.0,VENTURE,C,5000,12.84,0.17,1,15
28,24000,RENT,8.0,EDUCATION,B,8875,10.65,0.37,0,7
26,75873,MORTGAGE,6.0,PERSONAL,B,1200,10.25,0.02,0,2
36,54000,RENT,14.0,PERSONAL,C,3800,13.48,0.07,0,15
25,37200,RENT,6.0,HOMEIMPROVEMENT,A,9600,5.99,0.26,0,4
26,67900,MORTGAGE,2.0,DEBTCONSOLIDATION,A,2400,8.49,0.04,0,4
33,72000,MORTGAGE,6.0,VENTURE,A,4250,5.42,0.06,0,5
23,66996,MORTGAGE,2.0,DEBTCONSOLIDATION,A,7000,7.88,0.1,0,4
23,32400,RENT,4.0,MEDICAL,A,4500,7.49,0.14,0,3
24,33996,RENT,1.0,VENTURE,C,7000,13.16,0.21,0,4
31,53088,RENT,0.0,PERSONAL,A,6000,6.54,0.11,0,9
22,23000,MORTGAGE,1.0,EDUCATION,A,2400,9.63,0.1,0,4
28,40000,RENT,2.0,MEDICAL,C,7500,13.48,0.19,0,7
24,47088,RENT,8.0,DEBTCONSOLIDATION,A,4000,6.62,0.08,0,4
30,69000,MORTGAGE,13.0,VENTURE,B,10000,9.99,0.14,0,9
30,72000,MORTGAGE,12.0,MEDICAL,B,10000,10.0,0.14,0,7
24,30000,MORTGAGE,3.0,DEBTCONSOLIDATION,C,4500,14.72,0.15,1,4
25,30000,RENT,2.0,DEBTCONSOLIDATION,E,5200,17.19,0.17,0,4
24,46000,RENT,2.0,VENTURE,C,9975,13.11,0.22,1,3
32,64000,RENT,11.0,DEBTCONSOLIDATION,D,25000,15.2,0.39,0,5
28,60000,MORTGAGE,6.0,EDUCATION,B,15000,11.99,0.25,0,5
23,15000,MORTGAGE,1.0,MEDICAL,C,1750,12.68,0.12,1,3
26,25000,RENT,1.0,MEDICAL,C,1000,14.65,0.04,1,3
42,100000,RENT,3.0,VENTURE,D,10000,13.55,0.1,1,13
29,30000,RENT,2.0,MEDICAL,D,6600,15.33,0.22,1,8
24,75000,OWN,8.0,HOMEIMPROVEMENT,B,29800,10.99,0.4,0,4
29,45000,OWN,0.0,EDUCATION,B,6800,10.62,0.15,0,5
22,36000,RENT,1.0,HOMEIMPROVEMENT,B,3000,10.37,0.08,0,3
28,45000,MORTGAGE,12.0,HOMEIMPROVEMENT,A,8000,7.49,0.18,0,8
22,18000,OWN,3.0,PERSONAL,A,3000,7.9,0.17,0,4
26,44000,RENT,5.0,DEBTCONSOLIDATION,C,4600,13.99,0.1,0,4
22,40000,RENT,2.0,EDUCATION,A,10000,7.14,0.25,0,3
22,72000,OWN,1.0,PERSONAL,B,15000,10.25,0.21,0,3
22,40000,RENT,6.0,EDUCATION,A,4500,7.66,0.11,0,3
28,90000,RENT,0.0,VENTURE,A,7200,5.42,0.08,0,5
23,58700,RENT,8.0,PERSONAL,B,1200,11.71,0.02,0,4
33,46000,MORTGAGE,8.0,PERSONAL,B,14300,9.91,0.31,0,6
22,25920,MORTGAGE,7.0,VENTURE,B,11325,10.65,0.44,0,3
31,34800,RENT,7.0,DEBTCONSOLIDATION,C,11200,13.23,0.32,1,7
26,68000,MORTGAGE,10.0,EDUCATION,A,10000,8.49,0.15,0,3
24,52000,RENT,3.0,HOMEIMPROVEMENT,A,6600,7.49,0.13,0,3
25,48226,RENT,9.0,MEDICAL,A,7000,7.9,0.15,0,3
32,230000,RENT,0.0,HOMEIMPROVEMENT,A,15000,5.99,0.07,0,5
22,66000,RENT,2.0,EDUCATION,A,2400,7.4,0.04,0,2
54,129000,MORTGAGE,6.0,EDUCATION,B,9000,11.49,0.07,0,24
30,120000,MORTGAGE,15.0,MEDICAL,B,8275,9.01,0.07,0,8
30,25000,MORTGAGE,10.0,PERSONAL,A,6400,7.51,0.26,0,8
27,70176,RENT,3.0,VENTURE,A,9000,7.88,0.13,0,8
26,35000,MORTGAGE,3.0,PERSONAL,B,7200,10.59,0.21,0,3
24,25920,OWN,4.0,EDUCATION,D,3250,15.99,0.13,1,4
33,34400,RENT,6.0,VENTURE,B,4000,10.25,0.12,0,9
26,80000,MORTGAGE,5.0,DEBTCONSOLIDATION,A,7000,7.51,0.09,0,2
27,121000,MORTGAGE,3.0,HOMEIMPROVEMENT,A,16800,6.91,0.14,0,8
22,65004,MORTGAGE,6.0,MEDICAL,A,5500,6.03,0.08,0,2
23,90000,OWN,7.0,MEDICAL,A,8500,5.79,0.09,0,4
30,73000,RENT,15.0,PERSONAL,B,5500,9.99,0.08,0,5
28,44000,MORTGAGE,12.0,EDUCATION,B,8000,10.59,0.18,0,6
36,62000,RENT,5.0,DEBTCONSOLIDATION,A,9600,9.32,0.15,0,11
24,45000,RENT,4.0,VENTURE,A,3000,9.32,0.07,0,2
23,33000,OWN,5.0,VENTURE,B,3600,11.58,0.11,0,4
33,90000,MORTGAGE,0.0,HOMEIMPROVEMENT,B,8000,12.53,0.09,0,7
22,32484,MORTGAGE,6.0,HOMEIMPROVEMENT,A,6250,7.51,0.19,0,4
27,62500,MORTGAGE,2.0,DEBTCONSOLIDATION,A,12000,7.66,0.19,0,8
22,18000,RENT,1.0,HOMEIMPROVEMENT,B,7000,10.65,0.39,0,2
21,50000,RENT,2.0,EDUCATION,D,18000,14.74,0.36,0,2
22,74000,MORTGAGE,1.0,VENTURE,E,25000,14.38,0.34,1,3
21,112800,MORTGAGE,2.0,EDUCATION,C,16000,13.48,0.14,1,2
45,43000,MORTGAGE,6.0,VENTURE,C,3600,13.49,0.08,0,15
27,27600,MORTGAGE,2.0,EDUCATION,A,3500,6.99,0.13,0,9
27,66000,RENT,10.0,MEDICAL,C,5000,13.99,0.08,1,10
31,20928,RENT,0.0,DEBTCONSOLIDATION,C,2000,13.48,0.1,1,6
24,28000,RENT,8.0,MEDICAL,B,1000,12.53,0.04,0,4
25,61000,OWN,2.0,EDUCATION,C,15000,14.65,0.25,1,3
29,48000,RENT,13.0,PERSONAL,A,10000,7.51,0.21,0,7
22,63800,MORTGAGE,7.0,DEBTCONSOLIDATION,B,25000,11.36,0.39,0,4
26,49000,MORTGAGE,10.0,EDUCATION,B,20000,10.0,0.41,0,2
22,49000,MORTGAGE,6.0,VENTURE,A,4000,8.94,0.08,0,2
21,59000,MORTGAGE,5.0,MEDICAL,B,25000,9.99,0.42,0,4
31,40000,MORTGAGE,2.0,DEBTCONSOLIDATION,D,9500,16.77,0.24,0,10
33,60000,RENT,5.0,EDUCATION,A,10000,5.79,0.17,0,5
41,170000,MORTGAGE,11.0,MEDICAL,B,20000,11.11,0.12,0,11
22,24500,RENT,3.0,DEBTCONSOLIDATION,A,4500,8.94,0.18,0,2
24,49278,RENT,4.0,VENTURE,C,11000,13.22,0.22,0,2
24,72000,MORTGAGE,8.0,PERSONAL,A,5000,6.03,0.07,0,4
26,69000,MORTGAGE,10.0,HOMEIMPROVEMENT,D,6200,15.99,0.09,0,2
21,30028,RENT,5.0,MEDICAL,B,7500,10.75,0.25,0,4
35,58000,MORTGAGE,8.0,MEDICAL,C,6000,12.99,0.1,1,8
21,23000,MORTGAGE,2.0,MEDICAL,A,7000,8.9,0.3,0,3
26,60000,MORTGAGE,3.0,HOMEIMPROVEMENT,A,2000,7.49,0.03,0,4
34,113900,MORTGAGE,5.0,MEDICAL,E,35000,18.64,0.26,0,10
25,90000,OWN,9.0,HOMEIMPROVEMENT,A,10000,8.0,0.11,0,4
24,60000,RENT,1.0,VENTURE,B,9000,11.58,0.15,0,3
31,60000,OWN,0.0,VENTURE,B,24250,12.18,0.4,0,5
27,235000,MORTGAGE,5.0,VENTURE,C,28000,15.96,0.12,0,5
24,44000,RENT,0.0,PERSONAL,A,2000,8.0,0.05,0,3
25,112500,MORTGAGE,6.0,PERSONAL,B,18000,11.14,0.16,0,3
29,65000,MORTGAGE,13.0,EDUCATION,D,10000,15.33,0.15,1,6
23,34000,OWN,7.0,VENTURE,A,10950,7.29,0.32,0,2
32,57223,RENT,0.0,PERSONAL,B,15000,11.83,0.26,0,5
24,30500,RENT,2.0,PERSONAL,F,6800,21.74,0.22,1,4
22,67807,MORTGAGE,6.0,VENTURE,A,6400,7.14,0.09,0,3
23,87000,RENT,4.0,EDUCATION,C,2100,13.48,0.02,0,2
39,182500,RENT,2.0,HOMEIMPROVEMENT,A,12500,5.42,0.07,0,11
24,72000,MORTGAGE,8.0,PERSONAL,A,18000,7.9,0.25,0,2
23,25920,RENT,4.0,PERSONAL,D,10000,15.58,0.39,0,4
24,90000,MORTGAGE,4.0,HOMEIMPROVEMENT,A,5000,8.0,0.06,0,4
31,59000,RENT,2.0,HOMEIMPROVEMENT,C,8750,12.68,0.15,0,9
27,75000,RENT,9.0,EDUCATION,B,10000,9.63,0.13,0,9
26,35000,RENT,0.0,MEDICAL,A,6600,8.59,0.19,0,4
21,25200,RENT,1.0,EDUCATION,A,8250,7.49,0.33,0,4
23,62100,RENT,3.0,MEDICAL,B,7000,10.99,0.11,0,2
30,275000,MORTGAGE,14.0,EDUCATION,B,7000,11.71,0.03,0,10
22,58000,RENT,2.0,PERSONAL,A,6000,6.92,0.1,0,4
28,90722,MORTGAGE,7.0,HOMEIMPROVEMENT,B,18000,10.99,0.2,0,5
23,85000,MORTGAGE,7.0,EDUCATION,A,5275,7.43,0.06,0,3
23,24960,RENT,3.0,MEDICAL,B,1675,11.11,0.07,0,3
23,8628,OWN,4.0,EDUCATION,A,1400,7.49,0.16,0,2
33,70000,RENT,0.0,EDUCATION,A,11200,8.94,0.16,0,6
38,44000,OWN,2.0,VENTURE,B,7000,9.76,0.16,0,12
23,65000,MORTGAGE,2.0,DEBTCONSOLIDATION,B,4400,11.36,0.07,0,4
29,75000,RENT,6.0,HOMEIMPROVEMENT,B,6500,10.74,0.09,0,5
29,12000,OWN,0.0,HOMEIMPROVEMENT,B,4500,11.14,0.38,0,6
27,63945,RENT,6.0,VENTURE,A,3500,7.9,0.05,0,5
27,26237,RENT,0.0,MEDICAL,C,12000,13.22,0.46,0,7
22,50000,RENT,3.0,DEBTCONSOLIDATION,B,6000,10.25,0.12,0,3
23,46551,MORTGAGE,7.0,VENTURE,B,15000,10.62,0.32,0,4
30,39000,RENT,1.0,MEDICAL,A,2300,8.59,0.06,0,6
33,37000,MORTGAGE,2.0,PERSONAL,B,13000,10.36,0.35,0,7
22,42000,RENT,0.0,VENTURE,C,2500,13.92,0.06,1,3
28,35000,RENT,3.0,DEBTCONSOLIDATION,D,7950,15.62,0.23,0,10
22,72000,OWN,2.0,MEDICAL,A,15000,7.9,0.21,0,2
24,49000,MORTGAGE,2.0,VENTURE,E,20000,15.57,0.41,1,4
22,100000,MORTGAGE,0.0,VENTURE,C,15000,13.85,0.15,0,3
32,50911,RENT,7.0,PERSONAL,C,10000,13.06,0.2,0,7
30,36432,RENT,1.0,EDUCATION,D,19000,15.21,0.52,1,5
22,72000,MORTGAGE,6.0,EDUCATION,E,8000,16.45,0.11,0,4
22,36000,RENT,5.0,MEDICAL,C,10000,13.49,0.28,0,2
27,80000,MORTGAGE,11.0,EDUCATION,B,7500,11.71,0.09,0,10
36,59617,MORTGAGE,14.0,HOMEIMPROVEMENT,D,21000,15.62,0.35,0,13
23,40000,MORTGAGE,7.0,VENTURE,A,5000,6.62,0.13,0,4
31,41558,RENT,3.0,EDUCATION,E,7750,16.45,0.19,0,7
25,40000,RENT,6.0,EDUCATION,B,10400,9.91,0.26,0,4
35,130000,RENT,6.0,VENTURE,B,4375,10.99,0.03,0,7
30,105400,RENT,1.0,DEBTCONSOLIDATION,C,24000,13.11,0.23,1,6
23,40000,MORTGAGE,1.0,EDUCATION,B,4000,11.48,0.1,0,3
33,38400,RENT,4.0,EDUCATION,C,7500,13.49,0.2,0,5
34,60000,MORTGAGE,6.0,PERSONAL,E,10500,15.68,0.17,1,9
28,36000,MORTGAGE,12.0,MEDICAL,C,1925,15.23,0.05,1,8
24,51996,MORTGAGE,3.0,PERSONAL,A,7000,7.49,0.13,0,3
23,48000,OWN,5.0,MEDICAL,B,2400,12.69,0.05,0,4
24,57000,MORTGAGE,3.0,VENTURE,A,5500,8.0,0.1,0,3
28,140000,MORTGAGE,8.0,MEDICAL,A,22000,7.9,0.16,0,6
23,25000,MORTGAGE,4.0,MEDICAL,A,5000,9.32,0.2,0,2
37,24000,RENT,4.0,MEDICAL,A,7000,6.92,0.29,0,14
23,24000,RENT,0.0,EDUCATION,C,2000,12.61,0.08,1,3
34,120000,MORTGAGE,0.0,MEDICAL,A,7100,8.9,0.06,0,8
22,70000,RENT,2.0,PERSONAL,A,3000,7.29,0.04,0,4
37,77000,RENT,6.0,MEDICAL,A,10800,7.14,0.14,0,17
25,155000,MORTGAGE,8.0,PERSONAL,C,10000,13.06,0.06,1,3
26,40224,MORTGAGE,0.0,PERSONAL,A,7000,7.4,0.17,0,2
37,35000,RENT,0.0,DEBTCONSOLIDATION,D,7000,16.77,0.2,0,17
29,120000,MORTGAGE,2.0,PERSONAL,D,7000,15.31,0.06,0,8
22,48000,RENT,7.0,EDUCATION,A,5000,6.99,0.1,0,2
22,60000,RENT,3.0,DEBTCONSOLIDATION,C,14000,13.48,0.23,1,3
27,70176,RENT,3.0,MEDICAL,A,9000,7.88,0.13,0,5
23,74880,RENT,3.0,EDUCATION,B,3500,11.11,0.05,0,4
38,43000,RENT,22.0,MEDICAL,D,10000,16.89,0.23,1,12
23,66000,RENT,3.0,EDUCATION,A,3000,5.99,0.05,0,2
25,40000,RENT,0.0,EDUCATION,A,6000,7.66,0.15,0,3
21,13200,RENT,2.0,DEBTCONSOLIDATION,A,1875,6.99,0.14,0,3
28,36000,RENT,3.0,MEDICAL,D,9600,14.61,0.27,1,10
23,57744,MORTGAGE,7.0,VENTURE,B,2500,10.37,0.04,0,4
25,64000,MORTGAGE,9.0,HOMEIMPROVEMENT,A,9000,5.99,0.14,0,2
24,30000,MORTGAGE,4.0,HOMEIMPROVEMENT,A,8000,6.17,0.27,0,2
28,78000,RENT,0.0,PERSONAL,D,25000,15.31,0.32,1,5
21,50031,MORTGAGE,5.0,PERSONAL,A,2000,5.99,0.04,0,2
25,62280,RENT,3.0,EDUCATION,A,15000,8.94,0.24,0,4
27,129996,MORTGAGE,2.0,VENTURE,D,12800,14.84,0.1,1,7
23,55000,MORTGAGE,7.0,EDUCATION,A,15000,7.49,0.27,0,4
41,43000,RENT,2.0,MEDICAL,C,4000,13.23,0.09,0,16
31,30000,RENT,5.0,EDUCATION,A,6000,8.49,0.2,0,7
22,160000,MORTGAGE,0.0,MEDICAL,B,35000,10.65,0.22,0,4
24,40000,RENT,3.0,EDUCATION,A,6000,6.62,0.15,0,3
22,31200,RENT,6.0,EDUCATION,B,12000,10.39,0.38,0,2
22,42000,MORTGAGE,7.0,DEBTCONSOLIDATION,B,9350,12.69,0.22,0,2
30,9600,RENT,4.0,PERSONAL,A,1800,5.99,0.19,0,8
35,41235,OWN,7.0,MEDICAL,A,3000,7.14,0.07,0,9
23,35000,RENT,5.0,PERSONAL,B,4500,10.59,0.13,0,2
23,115000,RENT,2.0,EDUCATION,A,35000,7.9,0.3,0,4
47,55250,RENT,9.0,MEDICAL,D,25000,15.31,0.38,1,13
25,100000,MORTGAGE,9.0,HOMEIMPROVEMENT,B,25000,11.48,0.25,0,3
25,61000,OWN,2.0,PERSONAL,C,15000,14.65,0.25,0,2
24,39996,RENT,2.0,EDUCATION,A,1000,7.49,0.03,0,3
25,216000,MORTGAGE,2.0,HOMEIMPROVEMENT,D,25000,16.07,0.12,0,2
27,30996,RENT,1.0,HOMEIMPROVEMENT,D,2600,14.74,0.08,0,5
22,66396,MORTGAGE,6.0,EDUCATION,C,15000,13.48,0.23,0,2
23,70000,RENT,3.0,EDUCATION,A,12000,7.9,0.17,0,2
25,42000,RENT,6.0,MEDICAL,A,5600,7.49,0.13,0,2
22,59000,RENT,2.0,EDUCATION,B,11000,10.74,0.19,0,2
37,45000,RENT,0.0,EDUCATION,A,8000,9.63,0.18,0,17
27,39000,MORTGAGE,6.0,DEBTCONSOLIDATION,B,6400,10.99,0.16,0,10
26,40272,MORTGAGE,3.0,EDUCATION,B,10000,11.86,0.25,0,3
21,42000,MORTGAGE,5.0,EDUCATION,C,7000,15.23,0.17,1,4
22,24000,RENT,3.0,DEBTCONSOLIDATION,C,1000,12.84,0.04,1,4
23,91392,RENT,7.0,DEBTCONSOLIDATION,A,12000,5.42,0.13,0,3
22,21000,RENT,7.0,DEBTCONSOLIDATION,D,8000,16.77,0.38,1,4
32,32004,RENT,16.0,MEDICAL,B,4000,11.49,0.12,0,10
29,40000,MORTGAGE,13.0,PERSONAL,B,25000,11.86,0.63,0,7
32,98056,MORTGAGE,10.0,VENTURE,B,6000,8.88,0.06,0,9
26,43200,OWN,1.0,EDUCATION,C,17000,13.49,0.39,1,2
24,50000,RENT,3.0,HOMEIMPROVEMENT,C,10000,14.27,0.2,1,4
34,110000,RENT,0.0,DEBTCONSOLIDATION,A,10000,7.66,0.09,0,9
38,34000,OWN,4.0,HOMEIMPROVEMENT,C,11000,13.98,0.32,1,17
22,50663,RENT,0.0,EDUCATION,C,7500,13.22,0.15,0,2
26,60000,RENT,2.0,MEDICAL,B,14000,12.69,0.23,0,4
48,44000,RENT,6.0,MEDICAL,B,5850,9.99,0.13,0,13
24,81000,RENT,2.0,DEBTCONSOLIDATION,C,14000,14.17,0.17,0,4
29,105000,MORTGAGE,13.0,MEDICAL,A,12000,7.88,0.11,0,10
28,37500,RENT,10.0,PERSONAL,A,2400,7.66,0.06,0,5
43,230004,MORTGAGE,19.0,HOMEIMPROVEMENT,D,25000,15.58,0.11,1,15
24,43000,MORTGAGE,5.0,HOMEIMPROVEMENT,C,2500,13.49,0.06,1,4
24,72000,MORTGAGE,8.0,DEBTCONSOLIDATION,A,8000,7.88,0.11,0,3
25,16800,RENT,4.0,MEDICAL,B,1200,10.38,0.07,0,2
26,37500,MORTGAGE,4.0,DEBTCONSOLIDATION,A,7000,6.54,0.19,0,4
23,55812,MORTGAGE,4.0,MEDICAL,B,21825,11.36,0.39,0,2
29,71500,RENT,2.0,MEDICAL,C,10000,13.57,0.14,0,6
22,53000,MORTGAGE,6.0,PERSONAL,A,5000,5.42,0.09,0,3
24,117996,MORTGAGE,6.0,VENTURE,E,18000,17.04,0.15,1,3
34,48000,MORTGAGE,7.0,VENTURE,B,8400,11.71,0.17,0,8
25,27600,RENT,2.0,VENTURE,B,3200,12.21,0.12,0,2
24,135000,MORTGAGE,8.0,VENTURE,A,5225,7.49,0.04,0,3
27,81500,RENT,2.0,HOMEIMPROVEMENT,E,20000,17.51,0.25,1,8
23,14650,RENT,0.0,DEBTCONSOLIDATION,D,1400,15.62,0.1,1,3
26,44000,RENT,0.0,MEDICAL,E,8400,14.5,0.19,1,3
22,35350,RENT,3.0,DEBTCONSOLIDATION,B,7000,9.99,0.2,0,3
23,92000,MORTGAGE,7.0,PERSONAL,B,15000,11.26,0.16,0,2
26,44000,MORTGAGE,3.0,DEBTCONSOLIDATION,D,3500,16.29,0.08,0,3
39,102000,RENT,4.0,EDUCATION,B,7800,11.99,0.08,0,11
24,55000,RENT,0.0,DEBTCONSOLIDATION,B,4000,11.26,0.07,0,3
22,24000,RENT,3.0,EDUCATION,C,6400,13.48,0.27,1,3
23,70000,RENT,8.0,VENTURE,A,6725,6.62,0.1,0,2
21,40000,RENT,0.0,EDUCATION,A,1775,6.54,0.04,0,3
29,74004,MORTGAGE,2.0,DEBTCONSOLIDATION,B,10000,11.86,0.14,0,8
23,50000,RENT,2.0,EDUCATION,C,9600,14.26,0.19,0,3
28,60000,RENT,12.0,PERSONAL,A,5000,8.49,0.08,0,5
26,100000,MORTGAGE,5.0,EDUCATION,B,24000,10.99,0.24,0,4
22,39696,MORTGAGE,4.0,EDUCATION,B,14125,12.42,0.36,0,4
29,72000,MORTGAGE,7.0,MEDICAL,A,24000,7.88,0.33,0,9
22,21000,RENT,2.0,DEBTCONSOLIDATION,C,10000,12.73,0.48,1,4
23,61836,MORTGAGE,4.0,DEBTCONSOLIDATION,D,1700,16.77,0.03,0,4
26,91000,RENT,6.0,DEBTCONSOLIDATION,C,10000,13.48,0.11,0,4
23,44000,MORTGAGE,0.0,MEDICAL,A,5500,6.17,0.13,0,4
29,68000,MORTGAGE,2.0,MEDICAL,C,5000,12.99,0.07,0,9
36,150000,MORTGAGE,5.0,EDUCATION,A,7000,7.29,0.05,0,15
22,22596,RENT,4.0,DEBTCONSOLIDATION,B,7500,9.76,0.33,0,3
23,61200,RENT,7.0,PERSONAL,B,3000,12.42,0.05,0,2
42,14000,RENT,0.0,EDUCATION,C,1700,13.16,0.12,1,13
50,41496,RENT,9.0,MEDICAL,D,5000,15.31,0.12,1,12
40,83000,MORTGAGE,7.0,EDUCATION,B,2800,12.18,0.03,0,13
29,113000,RENT,1.0,EDUCATION,D,25000,15.31,0.22,0,6
62,16800,RENT,0.0,VENTURE,A,2500,6.91,0.15,0,24
28,50500,RENT,3.0,HOMEIMPROVEMENT,C,5200,12.53,0.1,0,8
33,75000,RENT,4.0,HOMEIMPROVEMENT,A,10000,7.49,0.13,0,6
23,51000,RENT,2.0,EDUCATION,B,9000,10.99,0.18,0,2
48,70000,MORTGAGE,2.0,HOMEIMPROVEMENT,A,21600,7.51,0.31,0,11
29,20000,RENT,4.0,HOMEIMPROVEMENT,F,2000,18.3,0.1,0,9
38,70000,MORTGAGE,16.0,EDUCATION,A,17000,6.03,0.24,0,13
25,80000,MORTGAGE,9.0,MEDICAL,A,3000,6.17,0.04,0,4
36,75000,MORTGAGE,2.0,DEBTCONSOLIDATION,B,14400,10.25,0.19,0,15
29,56000,MORTGAGE,8.0,MEDICAL,B,6000,10.99,0.11,0,9
39,64000,RENT,4.0,EDUCATION,C,23500,14.26,0.37,0,13
29,78132,MORTGAGE,11.0,DEBTCONSOLIDATION,D,25000,15.33,0.32,1,6
22,18000,RENT,0.0,VENTURE,C,3500,13.48,0.19,1,2
25,57000,OWN,4.0,MEDICAL,A,900,8.63,0.02,0,4
39,54000,MORTGAGE,0.0,PERSONAL,B,6000,11.83,0.11,0,16
30,70000,RENT,0.0,PERSONAL,C,15000,13.61,0.21,1,8
25,26729,RENT,5.0,MEDICAL,B,7300,11.14,0.27,0,3
22,60000,MORTGAGE,5.0,VENTURE,A,5600,7.49,0.09,0,4
32,31000,RENT,2.0,EDUCATION,D,7400,16.77,0.24,0,6
39,150000,RENT,0.0,HOMEIMPROVEMENT,B,20000,10.08,0.13,0,17
37,80000,MORTGAGE,18.0,MEDICAL,B,20000,11.83,0.25,0,13
27,80000,RENT,3.0,PERSONAL,A,20000,7.49,0.25,0,9
26,67000,OWN,10.0,DEBTCONSOLIDATION,E,5000,16.45,0.07,1,3
23,39456,OWN,7.0,PERSONAL,A,14000,7.29,0.35,0,3
39,60000,MORTGAGE,1.0,EDUCATION,C,17000,14.65,0.28,1,14
27,115000,MORTGAGE,3.0,HOMEIMPROVEMENT,A,24000,7.49,0.21,0,7
29,300000,RENT,1.0,HOMEIMPROVEMENT,B,16000,11.58,0.05,0,8
32,55000,RENT,4.0,VENTURE,D,10000,14.42,0.18,1,9
26,40000,RENT,0.0,PERSONAL,D,5000,15.99,0.13,1,2
22,35000,OWN,2.0,VENTURE,C,13200,13.48,0.38,0,3
22,42000,RENT,3.0,MEDICAL,C,8400,14.35,0.2,0,4
24,24000,RENT,5.0,MEDICAL,B,8975,11.83,0.37,0,2
23,33600,RENT,2.0,DEBTCONSOLIDATION,C,10750,13.48,0.32,1,3
24,60000,MORTGAGE,9.0,PERSONAL,A,5000,7.88,0.08,0,4
26,130000,MORTGAGE,3.0,MEDICAL,A,8600,5.99,0.07,0,3
33,62130,RENT,6.0,HOMEIMPROVEMENT,A,9050,7.29,0.15,0,7
21,60675,RENT,5.0,PERSONAL,C,7200,14.72,0.12,1,2
25,65000,OWN,9.0,PERSONAL,C,7000,11.66,0.11,1,4
22,82000,RENT,4.0,PERSONAL,A,14000,7.9,0.17,0,4
29,81400,MORTGAGE,13.0,EDUCATION,A,10000,7.49,0.12,0,8
32,36000,MORTGAGE,7.0,PERSONAL,A,2600,7.49,0.07,0,10
25,63000,RENT,9.0,EDUCATION,A,7200,7.88,0.11,0,3
21,33280,MORTGAGE,5.0,VENTURE,C,11200,13.92,0.34,0,4
24,37000,MORTGAGE,8.0,MEDICAL,B,10000,10.99,0.27,0,3
25,25000,RENT,1.0,DEBTCONSOLIDATION,B,1600,9.99,0.06,0,3
22,28800,RENT,3.0,MEDICAL,A,2000,8.49,0.07,0,2
36,75000,MORTGAGE,6.0,MEDICAL,A,10000,6.99,0.13,0,13
25,55000,MORTGAGE,4.0,MEDICAL,D,9000,16.77,0.16,1,2
23,32000,RENT,3.0,DEBTCONSOLIDATION,D,20000,12.61,0.63,0,4
47,86000,RENT,0.0,HOMEIMPROVEMENT,C,9000,12.87,0.1,0,13
25,40000,RENT,1.0,EDUCATION,B,7200,9.88,0.18,0,4
28,50000,RENT,0.0,PERSONAL,C,10800,13.49,0.22,1,5
24,35000,MORTGAGE,4.0,MEDICAL,B,7775,10.99,0.22,0,2
29,36000,MORTGAGE,2.0,PERSONAL,D,20000,15.31,0.56,0,6
24,77350,MORTGAGE,2.0,DEBTCONSOLIDATION,C,4800,13.79,0.06,1,4
32,48000,OWN,4.0,EDUCATION,A,8000,5.79,0.17,0,7
26,54600,RENT,4.0,HOMEIMPROVEMENT,C,8000,13.8,0.15,1,4
24,120000,OWN,8.0,EDUCATION,A,5275,5.42,0.04,0,4
27,40000,OWN,3.0,PERSONAL,A,5000,8.59,0.13,0,7
24,43000,RENT,8.0,EDUCATION,A,10000,5.79,0.23,0,2
23,74000,RENT,7.0,HOMEIMPROVEMENT,A,7000,6.03,0.09,0,3
27,75860,RENT,9.0,MEDICAL,B,24000,10.99,0.32,0,5
22,65100,RENT,3.0,EDUCATION,E,6000,16.2,0.09,0,4
24,54000,RENT,0.0,HOMEIMPROVEMENT,A,4850,8.49,0.09,0,2
29,42000,RENT,13.0,PERSONAL,C,9000,13.06,0.21,0,5
24,50000,MORTGAGE,2.0,PERSONAL,A,7000,5.42,0.14,0,4
32,29500,MORTGAGE,4.0,DEBTCONSOLIDATION,B,7000,10.0,0.24,0,9
22,51000,RENT,2.0,EDUCATION,B,3200,10.99,0.06,0,2
26,30000,RENT,1.0,DEBTCONSOLIDATION,C,3000,13.49,0.1,0,4
23,55000,MORTGAGE,0.0,EDUCATION,C,11075,13.49,0.2,0,3
27,32000,MORTGAGE,11.0,DEBTCONSOLIDATION,D,1000,16.29,0.03,1,10
29,37000,OWN,2.0,EDUCATION,A,2800,7.66,0.08,0,5
23,48000,OWN,6.0,EDUCATION,B,5000,10.08,0.1,0,3
24,46151,RENT,2.0,DEBTCONSOLIDATION,B,6000,10.59,0.13,0,4
24,69000,RENT,2.0,DEBTCONSOLIDATION,B,16000,11.89,0.23,0,4
31,117000,MORTGAGE,5.0,HOMEIMPROVEMENT,A,3600,6.91,0.03,0,5
39,37800,RENT,5.0,DEBTCONSOLIDATION,B,7000,11.49,0.19,0,11
25,50400,RENT,7.0,DEBTCONSOLIDATION,B,12000,10.99,0.24,0,3
23,58600,MORTGAGE,6.0,PERSONAL,A,7800,7.9,0.13,0,4
22,60000,RENT,4.0,EDUCATION,C,3600,15.27,0.06,1,2
22,31215,OWN,4.0,EDUCATION,B,14000,9.91,0.45,0,3
29,110000,MORTGAGE,1.0,EDUCATION,E,12800,16.82,0.12,0,6
26,81000,RENT,7.0,HOMEIMPROVEMENT,C,16000,13.85,0.2,1,2
24,80000,MORTGAGE,8.0,MEDICAL,A,9000,7.49,0.11,0,4
31,56000,RENT,4.0,MEDICAL,A,7000,7.29,0.13,0,8
25,30000,MORTGAGE,4.0,EDUCATION,D,10625,16.49,0.35,0,4
22,60000,OWN,4.0,EDUCATION,B,20000,11.12,0.33,0,3
30,15000,RENT,4.0,HOMEIMPROVEMENT,A,2700,7.29,0.18,0,5
22,74000,RENT,6.0,PERSONAL,B,12600,10.65,0.17,0,3
25,49200,MORTGAGE,6.0,MEDICAL,A,5600,7.49,0.11,0,2
28,24000,OWN,4.0,VENTURE,A,3000,6.91,0.13,0,5
22,17720,RENT,6.0,HOMEIMPROVEMENT,B,5000,9.62,0.28,0,4
23,50000,OWN,0.0,VENTURE,B,14000,10.33,0.28,0,2
23,47000,RENT,4.0,EDUCATION,B,5000,9.99,0.11,0,3
33,150000,MORTGAGE,17.0,VENTURE,A,14000,6.62,0.09,0,7
31,46500,MORTGAGE,7.0,PERSONAL,C,8000,13.04,0.17,1,6
23,85000,RENT,3.0,MEDICAL,A,12000,7.49,0.14,0,2
25,46350,MORTGAGE,0.0,VENTURE,B,9750,10.0,0.21,0,3
29,47000,RENT,8.0,EDUCATION,D,6000,17.49,0.13,0,7
21,34056,OWN,6.0,PERSONAL,B,1500,10.65,0.04,0,3
28,150086,RENT,5.0,MEDICAL,A,12000,6.54,0.08,0,9
32,60000,RENT,2.0,PERSONAL,B,6000,11.36,0.1,0,8
29,52044,MORTGAGE,12.0,EDUCATION,A,8875,7.9,0.17,0,7
26,35000,RENT,0.0,DEBTCONSOLIDATION,A,4800,8.9,0.14,0,2
30,100000,MORTGAGE,0.0,HOMEIMPROVEMENT,A,3600,7.49,0.04,0,10
31,40740,MORTGAGE,16.0,HOMEIMPROVEMENT,A,6400,8.49,0.16,0,6
31,50000,RENT,15.0,PERSONAL,A,2000,5.42,0.04,0,8
27,150000,MORTGAGE,2.0,HOMEIMPROVEMENT,A,18000,7.49,0.12,0,7
23,175000,MORTGAGE,8.0,PERSONAL,B,21000,11.99,0.12,0,3
21,17000,RENT,4.0,DEBTCONSOLIDATION,B,7000,10.62,0.41,0,2
21,53876,MORTGAGE,4.0,PERSONAL,C,2700,14.72,0.05,0,4
23,95000,RENT,7.0,DEBTCONSOLIDATION,D,6000,16.49,0.06,0,4
25,19800,RENT,0.0,DEBTCONSOLIDATION,C,5000,13.49,0.25,1,4
25,80000,MORTGAGE,2.0,PERSONAL,C,4900,15.27,0.06,0,4
29,41779,RENT,5.0,EDUCATION,A,7000,5.79,0.17,0,10
25,52000,RENT,3.0,PERSONAL,D,13000,15.31,0.25,1,2
28,24996,RENT,2.0,DEBTCONSOLIDATION,C,7000,12.53,0.28,0,8
27,54000,RENT,11.0,VENTURE,D,6000,14.59,0.11,1,5
22,51168,MORTGAGE,6.0,VENTURE,B,15500,10.99,0.3,0,3
27,28800,RENT,0.0,EDUCATION,A,3000,7.88,0.1,0,7
28,61425,OWN,2.0,VENTURE,A,9000,5.99,0.15,0,7
26,5500,RENT,0.0,EDUCATION,A,1000,9.63,0.18,0,3
38,36000,RENT,13.0,EDUCATION,B,7500,11.36,0.21,0,13
25,175000,RENT,4.0,HOMEIMPROVEMENT,D,10000,15.05,0.06,1,4
29,90000,MORTGAGE,13.0,DEBTCONSOLIDATION,A,6000,6.03,0.07,0,5
26,66000,RENT,2.0,EDUCATION,A,7500,6.62,0.11,0,2
32,40500,RENT,0.0,VENTURE,C,6000,14.26,0.15,1,5
25,45000,MORTGAGE,4.0,VENTURE,D,2000,15.62,0.04,1,3
22,28000,RENT,5.0,DEBTCONSOLIDATION,B,6900,9.99,0.25,0,3
26,111000,MORTGAGE,10.0,MEDICAL,A,5000,5.79,0.05,0,3
32,37000,MORTGAGE,11.0,HOMEIMPROVEMENT,B,12000,11.86,0.32,0,9
33,69000,MORTGAGE,17.0,EDUCATION,B,7200,10.74,0.1,0,7
34,63000,MORTGAGE,9.0,DEBTCONSOLIDATION,B,18000,11.49,0.29,0,9
24,18200,RENT,8.0,EDUCATION,A,4500,8.94,0.25,0,2
36,65000,MORTGAGE,1.0,VENTURE,B,7000,11.49,0.11,0,11
22,175000,MORTGAGE,6.0,EDUCATION,B,18000,10.99,0.1,0,2
23,57000,MORTGAGE,6.0,EDUCATION,D,17500,14.09,0.31,1,3
25,36000,RENT,6.0,PERSONAL,B,15000,10.99,0.42,0,4
25,370000,MORTGAGE,5.0,DEBTCONSOLIDATION,C,15000,12.99,0.04,1,2
23,62000,MORTGAGE,2.0,PERSONAL,A,10000,7.49,0.16,0,2
22,21600,MORTGAGE,4.0,EDUCATION,A,4025,5.42,0.19,0,4
24,54000,RENT,3.0,MEDICAL,A,8000,8.07,0.15,0,4
26,43000,RENT,7.0,MEDICAL,B,14400,9.62,0.33,0,4
23,92000,RENT,7.0,EDUCATION,A,9000,6.92,0.1,0,2
22,61000,MORTGAGE,1.0,DEBTCONSOLIDATION,B,8000,11.49,0.13,0,2
25,95000,MORTGAGE,4.0,EDUCATION,A,6500,7.14,0.07,0,3
22,107000,MORTGAGE,6.0,DEBTCONSOLIDATION,D,35000,16.49,0.33,1,3
23,55000,RENT,0.0,PERSONAL,C,10200,12.73,0.19,1,2
30,34000,RENT,0.0,MEDICAL,D,2400,15.57,0.07,1,5
24,16000,RENT,0.0,VENTURE,B,3250,12.42,0.2,0,4
29,153000,OWN,13.0,VENTURE,B,3000,10.74,0.02,0,8
27,75000,MORTGAGE,11.0,EDUCATION,B,12000,9.91,0.16,0,10
22,61000,MORTGAGE,6.0,MEDICAL,C,12000,13.49,0.2,0,4
22,24000,OWN,0.0,MEDICAL,C,5000,13.35,0.21,0,4
25,24000,MORTGAGE,0.0,DEBTCONSOLIDATION,C,6000,13.49,0.25,1,3
37,39870,RENT,8.0,MEDICAL,B,10000,10.65,0.25,0,14
25,25000,OWN,3.0,EDUCATION,A,3000,6.76,0.12,0,2
23,65004,RENT,0.0,VENTURE,C,3000,13.61,0.05,1,3
27,70400,MORTGAGE,6.0,PERSONAL,C,15000,13.48,0.21,1,9
26,52992,RENT,6.0,HOMEIMPROVEMENT,A,12800,5.42,0.24,0,4
22,70000,MORTGAGE,6.0,MEDICAL,A,6000,6.03,0.09,0,2
22,31200,RENT,4.0,EDUCATION,C,6000,13.22,0.19,0,2
25,27096,RENT,7.0,DEBTCONSOLIDATION,A,5000,7.9,0.18,0,2
22,60000,MORTGAGE,7.0,EDUCATION,D,10000,15.31,0.17,0,3
23,75800,RENT,0.0,EDUCATION,A,7000,6.54,0.09,0,4
38,42000,MORTGAGE,5.0,PERSONAL,B,4000,10.74,0.1,0,12
24,80004,OWN,3.0,HOMEIMPROVEMENT,C,2425,15.27,0.03,1,4
28,90000,MORTGAGE,7.0,PERSONAL,A,12000,8.32,0.13,0,9
33,42000,MORTGAGE,3.0,DEBTCONSOLIDATION,A,13000,7.9,0.31,0,6
23,63402,RENT,3.0,DEBTCONSOLIDATION,C,6000,13.22,0.09,0,4
29,34000,RENT,0.0,VENTURE,B,3500,12.69,0.1,0,8
23,32000,OWN,2.0,VENTURE,A,6500,8.59,0.2,0,2
24,43995,RENT,4.0,PERSONAL,C,7400,13.99,0.17,1,4
25,75000,MORTGAGE,9.0,VENTURE,D,7500,12.61,0.1,1,4
23,62000,MORTGAGE,0.0,VENTURE,D,18000,14.46,0.29,1,3
21,30000,RENT,2.0,MEDICAL,D,5000,14.96,0.17,1,4
24,55160,RENT,0.0,EDUCATION,A,3000,8.9,0.05,0,3
26,22000,MORTGAGE,3.0,DEBTCONSOLIDATION,B,3825,10.65,0.17,0,4
37,70000,MORTGAGE,0.0,VENTURE,B,10000,10.99,0.14,0,11
23,30000,RENT,6.0,VENTURE,B,19750,11.14,0.66,0,4
33,250000,RENT,0.0,MEDICAL,A,35000,7.29,0.14,0,7
30,72000,MORTGAGE,14.0,HOMEIMPROVEMENT,B,3000,9.99,0.04,0,9
22,45000,MORTGAGE,1.0,EDUCATION,B,3300,10.99,0.07,0,3
23,31200,RENT,6.0,VENTURE,B,8000,11.49,0.26,0,4
23,49000,MORTGAGE,7.0,EDUCATION,C,4000,13.99,0.08,0,3
37,26400,RENT,0.0,MEDICAL,E,10000,19.03,0.38,1,12
31,45000,RENT,5.0,PERSONAL,A,14000,7.91,0.31,0,8
28,45000,OWN,4.0,MEDICAL,B,15000,9.88,0.33,0,6
23,36000,MORTGAGE,7.0,DEBTCONSOLIDATION,C,15800,13.72,0.44,1,4
25,60000,MORTGAGE,4.0,DEBTCONSOLIDATION,C,1200,13.49,0.02,0,4
26,46877,RENT,4.0,DEBTCONSOLIDATION,A,10000,5.42,0.21,0,2
35,50000,RENT,11.0,MEDICAL,B,16000,9.91,0.32,0,5
36,43000,RENT,12.0,DEBTCONSOLIDATION,D,13600,15.58,0.32,1,12
28,38700,RENT,8.0,VENTURE,B,3600,11.12,0.09,0,7
21,60000,RENT,5.0,MEDICAL,B,10000,12.18,0.17,0,4
28,58000,MORTGAGE,8.0,VENTURE,A,9600,7.49,0.17,0,7
23,21000,RENT,3.0,DEBTCONSOLIDATION,D,3750,15.65,0.18,0,2
33,21000,OWN,1.0,EDUCATION,B,7750,11.83,0.37,0,6
51,58000,RENT,2.0,MEDICAL,E,1500,19.03,0.03,0,24
29,71500,MORTGAGE,3.0,DEBTCONSOLIDATION,B,6000,9.63,0.08,0,10
21,42500,RENT,0.0,EDUCATION,B,3500,11.86,0.08,0,4
26,180000,MORTGAGE,2.0,VENTURE,B,12000,9.63,0.07,0,4
56,70000,MORTGAGE,17.0,PERSONAL,A,2500,5.99,0.04,0,23
31,60000,MORTGAGE,4.0,HOMEIMPROVEMENT,B,9600,10.08,0.16,0,8
23,90000,MORTGAGE,7.0,MEDICAL,B,21000,12.42,0.23,0,2
32,28800,RENT,4.0,PERSONAL,E,14500,16.7,0.5,0,10
25,50000,MORTGAGE,9.0,DEBTCONSOLIDATION,A,18000,7.88,0.36,0,2
21,19200,OWN,5.0,EDUCATION,A,3300,6.17,0.17,0,2
26,47500,RENT,10.0,PERSONAL,E,19000,16.7,0.4,1,4
24,42500,MORTGAGE,5.0,PERSONAL,A,4800,7.51,0.11,0,2
22,44000,RENT,5.0,HOMEIMPROVEMENT,B,15000,11.11,0.34,0,3
36,34000,RENT,5.0,MEDICAL,C,5500,12.29,0.16,0,17
30,45000,RENT,0.0,MEDICAL,B,8500,11.89,0.19,0,7
23,30000,RENT,3.0,MEDICAL,D,3000,15.2,0.1,1,2
24,31000,RENT,2.0,VENTURE,C,10000,14.65,0.32,0,2
22,57204,MORTGAGE,6.0,EDUCATION,D,9000,15.58,0.16,1,3
30,115000,RENT,7.0,DEBTCONSOLIDATION,B,7300,10.25,0.06,0,9
23,168600,RENT,3.0,EDUCATION,B,20000,11.58,0.12,0,3
69,24000,RENT,3.0,MEDICAL,A,6000,6.62,0.25,0,20
29,136000,MORTGAGE,4.0,DEBTCONSOLIDATION,D,7775,14.96,0.06,1,5
27,70000,MORTGAGE,8.0,VENTURE,B,12000,9.91,0.17,0,6
29,70000,RENT,9.0,PERSONAL,B,8000,12.53,0.11,0,5
28,25000,RENT,1.0,MEDICAL,C,9600,14.27,0.38,1,10
22,45020,RENT,6.0,EDUCATION,B,8300,10.99,0.18,0,4
28,90000,RENT,12.0,PERSONAL,D,21000,14.54,0.23,0,9
34,32000,RENT,0.0,MEDICAL,A,4500,6.62,0.14,0,6
24,85000,MORTGAGE,0.0,PERSONAL,B,10000,10.0,0.12,0,4
24,52000,MORTGAGE,8.0,VENTURE,B,8400,10.99,0.16,0,4
25,55000,RENT,0.0,DEBTCONSOLIDATION,B,6000,10.65,0.11,0,2
29,53000,RENT,0.0,HOMEIMPROVEMENT,A,5000,5.42,0.09,0,6
23,45288,MORTGAGE,7.0,DEBTCONSOLIDATION,B,20500,9.25,0.45,0,2
30,77000,MORTGAGE,2.0,PERSONAL,B,25000,12.18,0.32,0,10
27,54000,RENT,2.0,MEDICAL,B,20000,10.99,0.37,0,8
22,90000,MORTGAGE,6.0,VENTURE,B,3500,9.25,0.04,0,2
21,12000,RENT,3.0,EDUCATION,B,1600,10.59,0.13,0,2
25,153000,RENT,9.0,DEBTCONSOLIDATION,D,10000,14.96,0.07,1,4
36,1200000,OWN,16.0,MEDICAL,A,10000,6.54,0.01,0,11
38,55550,MORTGAGE,1.0,HOMEIMPROVEMENT,A,22500,7.49,0.41,0,12
27,30000,RENT,2.0,DEBTCONSOLIDATION,E,5000,17.99,0.17,1,10
22,130920,MORTGAGE,0.0,VENTURE,A,15000,8.94,0.11,0,2
26,36000,MORTGAGE,3.0,EDUCATION,B,11000,10.59,0.31,0,4
22,34800,RENT,4.0,DEBTCONSOLIDATION,B,4000,10.74,0.11,0,3
31,50000,RENT,0.0,EDUCATION,C,5275,12.53,0.11,0,6
24,85500,MORTGAGE,3.0,HOMEIMPROVEMENT,B,12000,11.49,0.14,0,4
52,15000,RENT,3.0,PERSONAL,B,1200,10.99,0.08,0,20
24,80000,RENT,2.0,MEDICAL,B,24000,10.25,0.3,0,2
22,32000,RENT,0.0,VENTURE,A,4000,5.42,0.13,0,4
24,55000,MORTGAGE,1.0,MEDICAL,B,5225,9.91,0.1,0,4
23,48000,MORTGAGE,5.0,EDUCATION,C,5000,13.99,0.1,1,2
25,21000,RENT,0.0,VENTURE,B,5175,12.53,0.25,0,4
25,104000,MORTGAGE,9.0,HOMEIMPROVEMENT,B,14000,10.99,0.13,0,3
35,33600,RENT,8.0,VENTURE,D,3200,16.49,0.1,1,5
25,95000,MORTGAGE,5.0,VENTURE,B,18000,10.99,0.19,0,3
26,22440,OWN,10.0,VENTURE,B,4750,11.86,0.21,0,4
60,31500,RENT,2.0,DEBTCONSOLIDATION,C,4650,13.23,0.15,0,27
22,72100,MORTGAGE,2.0,EDUCATION,A,13000,7.49,0.18,0,3
23,58650,RENT,7.0,MEDICAL,C,15000,13.43,0.22,1,4
32,109488,MORTGAGE,16.0,HOMEIMPROVEMENT,C,12000,12.09,0.11,0,8
21,19000,OWN,5.0,MEDICAL,A,6000,8.49,0.32,0,3
24,95000,RENT,5.0,VENTURE,B,14000,10.99,0.15,0,4
23,30000,RENT,4.0,PERSONAL,D,10000,15.31,0.33,1,4
22,38000,MORTGAGE,4.0,MEDICAL,A,1950,7.37,0.05,0,3
31,50000,RENT,0.0,VENTURE,A,4000,6.62,0.08,0,8
22,36021,RENT,0.0,VENTURE,B,15000,10.99,0.42,0,3
24,39000,RENT,3.0,EDUCATION,A,1500,8.49,0.04,0,3
36,828000,MORTGAGE,3.0,HOMEIMPROVEMENT,B,4200,10.99,0.01,0,16
25,82000,RENT,5.0,MEDICAL,C,6000,13.48,0.07,0,3
22,48000,RENT,5.0,EDUCATION,B,7200,12.42,0.15,0,4
31,39996,MORTGAGE,3.0,VENTURE,B,9600,11.26,0.24,0,7
26,60000,RENT,9.0,DEBTCONSOLIDATION,C,7000,13.49,0.12,0,2
33,14400,RENT,0.0,VENTURE,D,2100,15.21,0.15,1,10
25,38400,MORTGAGE,9.0,VENTURE,B,12000,10.38,0.31,0,3
24,25040,MORTGAGE,1.0,VENTURE,A,5000,5.79,0.2,0,4
23,35000,RENT,3.0,MEDICAL,B,5000,10.99,0.14,0,2
22,68000,MORTGAGE,6.0,EDUCATION,C,9000,15.27,0.13,0,2
46,50000,RENT,0.0,HOMEIMPROVEMENT,B,4350,10.99,0.09,0,16
24,29232,MORTGAGE,1.0,VENTURE,B,11000,11.71,0.38,0,2
32,42000,OWN,15.0,MEDICAL,B,1800,10.2,0.04,0,9
34,47300,MORTGAGE,3.0,MEDICAL,A,12000,7.88,0.25,0,8
25,90000,RENT,2.0,HOMEIMPROVEMENT,B,12000,11.48,0.13,0,3
27,32000,MORTGAGE,2.0,HOMEIMPROVEMENT,B,14000,11.89,0.44,0,7
25,105000,MORTGAGE,9.0,DEBTCONSOLIDATION,B,12000,10.99,0.11,0,2
40,108000,RENT,10.0,HOMEIMPROVEMENT,B,9000,11.86,0.08,0,12
24,130000,MORTGAGE,8.0,HOMEIMPROVEMENT,A,15000,7.88,0.12,0,4
25,50000,MORTGAGE,5.0,DEBTCONSOLIDATION,A,4000,7.49,0.08,0,4
33,65000,RENT,1.0,MEDICAL,C,4000,12.87,0.06,0,7
26,56000,MORTGAGE,9.0,HOMEIMPROVEMENT,B,10000,12.42,0.18,0,2
23,35000,RENT,2.0,HOMEIMPROVEMENT,B,4000,12.18,0.11,0,4
26,40000,RENT,0.0,MEDICAL,C,1800,13.23,0.04,1,2
76,75000,RENT,23.0,MEDICAL,A,15000,8.94,0.2,0,25
30,38168,RENT,5.0,PERSONAL,B,7500,9.76,0.2,0,6
30,43992,RENT,2.0,PERSONAL,D,15000,13.24,0.34,0,7
51,260000,MORTGAGE,1.0,PERSONAL,A,14000,7.66,0.05,0,26
24,18000,RENT,2.0,EDUCATION,C,4000,12.87,0.22,1,4
24,26400,RENT,3.0,HOMEIMPROVEMENT,B,9000,11.49,0.34,0,3
26,38000,RENT,10.0,VENTURE,B,10000,10.99,0.26,0,3
24,106000,RENT,6.0,HOMEIMPROVEMENT,B,13000,12.69,0.12,0,4
31,72000,MORTGAGE,15.0,MEDICAL,A,1900,7.51,0.03,0,6
32,80000,RENT,6.0,DEBTCONSOLIDATION,B,9600,11.14,0.12,0,5
28,125000,RENT,1.0,DEBTCONSOLIDATION,C,4000,13.35,0.03,1,5
37,38200,RENT,0.0,VENTURE,A,12000,8.94,0.31,0,14
24,19200,RENT,1.0,MEDICAL,C,4000,14.35,0.21,1,4
31,62000,MORTGAGE,4.0,HOMEIMPROVEMENT,B,17000,10.99,0.27,0,10
24,80004,MORTGAGE,8.0,VENTURE,A,6000,8.63,0.07,0,4
31,25000,OWN,4.0,HOMEIMPROVEMENT,B,3075,11.83,0.12,0,5
33,72890,MORTGAGE,1.0,MEDICAL,C,16400,13.79,0.22,1,6
28,55000,RENT,7.0,DEBTCONSOLIDATION,C,7500,12.84,0.14,1,6
20,65000,MORTGAGE,4.0,EDUCATION,B,4800,9.99,0.07,0,2
28,27000,OWN,5.0,EDUCATION,A,5600,5.42,0.21,0,8
27,32000,RENT,1.0,PERSONAL,A,5800,7.49,0.18,0,7
22,50000,MORTGAGE,4.0,EDUCATION,A,5000,7.51,0.1,0,2
29,85000,RENT,3.0,EDUCATION,A,7000,6.92,0.08,0,8
25,27800,OWN,4.0,EDUCATION,A,14125,6.99,0.51,0,2
22,21600,RENT,0.0,EDUCATION,A,9600,7.49,0.44,0,2
39,55000,RENT,0.0,MEDICAL,B,3000,10.2,0.05,0,15
22,38000,RENT,5.0,PERSONAL,A,7500,5.79,0.2,0,4
27,86625,MORTGAGE,3.0,HOMEIMPROVEMENT,A,14825,7.49,0.17,0,9
28,604000,MORTGAGE,12.0,PERSONAL,B,25000,9.01,0.04,0,9
28,75000,RENT,6.0,VENTURE,A,10000,7.9,0.13,0,5
38,55000,RENT,0.0,EDUCATION,C,6500,11.03,0.12,1,12
36,62900,MORTGAGE,5.0,MEDICAL,C,6250,13.49,0.08,0,12
22,69700,RENT,4.0,EDUCATION,B,11200,10.99,0.16,0,2
26,40000,MORTGAGE,6.0,HOMEIMPROVEMENT,B,6000,11.99,0.15,0,2
35,60000,MORTGAGE,5.0,HOMEIMPROVEMENT,B,9000,12.42,0.15,0,7
30,56004,MORTGAGE,9.0,HOMEIMPROVEMENT,A,9600,5.99,0.17,0,6
33,235000,MORTGAGE,3.0,EDUCATION,B,25000,10.62,0.11,0,6
35,91000,OWN,0.0,MEDICAL,A,10000,8.59,0.11,0,8
27,40000,RENT,0.0,DEBTCONSOLIDATION,A,4800,7.49,0.12,0,8
24,21600,RENT,4.0,MEDICAL,B,10000,9.91,0.46,0,3
24,95610,MORTGAGE,8.0,VENTURE,B,6000,10.99,0.06,0,4
31,60000,MORTGAGE,15.0,DEBTCONSOLIDATION,B,5100,10.75,0.09,0,8
25,50000,MORTGAGE,9.0,VENTURE,A,18650,7.9,0.37,0,4
21,100000,MORTGAGE,3.0,VENTURE,A,6200,8.49,0.06,0,4
33,86000,MORTGAGE,6.0,DEBTCONSOLIDATION,C,3600,13.98,0.04,0,5
30,32400,RENT,0.0,PERSONAL,C,9000,11.22,0.28,0,10
22,65000,RENT,1.0,DEBTCONSOLIDATION,B,9000,9.91,0.14,0,4
27,79000,MORTGAGE,6.0,VENTURE,A,13000,7.49,0.16,0,8
25,96000,MORTGAGE,6.0,HOMEIMPROVEMENT,C,21000,14.65,0.22,0,3
25,53000,MORTGAGE,2.0,VENTURE,B,10750,11.14,0.2,0,2
26,95000,MORTGAGE,10.0,VENTURE,C,15000,15.96,0.16,1,2
28,36000,MORTGAGE,1.0,PERSONAL,D,1400,15.37,0.04,1,9
27,25000,MORTGAGE,4.0,PERSONAL,D,4750,14.83,0.19,0,9
29,65000,MORTGAGE,0.0,HOMEIMPROVEMENT,A,10000,8.94,0.15,0,9
22,63000,MORTGAGE,6.0,VENTURE,A,8400,7.29,0.13,0,4
27,89904,RENT,1.0,EDUCATION,B,10000,10.0,0.11,0,5
23,70000,RENT,4.0,MEDICAL,A,12000,7.49,0.17,0,2
30,78000,MORTGAGE,1.0,VENTURE,C,26000,15.96,0.33,1,5
32,65000,MORTGAGE,16.0,DEBTCONSOLIDATION,A,5500,7.51,0.08,0,7
22,35000,RENT,3.0,DEBTCONSOLIDATION,A,5000,7.88,0.14,0,3
24,60500,RENT,1.0,DEBTCONSOLIDATION,D,8150,17.27,0.13,1,3
44,83000,OTHER,2.0,EDUCATION,D,12000,16.0,0.14,1,15
25,44000,RENT,5.0,MEDICAL,A,2400,7.66,0.05,0,4
32,108202,MORTGAGE,6.0,MEDICAL,C,9600,13.79,0.09,1,6
23,61200,RENT,4.0,MEDICAL,B,20000,11.14,0.28,0,2
24,45792,RENT,3.0,DEBTCONSOLIDATION,B,17000,10.38,0.37,0,2
33,114000,MORTGAGE,0.0,EDUCATION,D,16000,16.77,0.14,0,5
34,50000,OWN,4.0,EDUCATION,A,10000,6.03,0.2,0,5
22,36000,RENT,4.0,MEDICAL,C,5000,13.48,0.14,0,3
29,28000,RENT,9.0,VENTURE,B,8400,11.48,0.3,0,6
41,75000,MORTGAGE,13.0,DEBTCONSOLIDATION,D,4800,15.58,0.06,1,15
22,25000,OWN,4.0,VENTURE,A,5000,6.03,0.2,0,3
34,23000,RENT,4.0,MEDICAL,B,3000,11.49,0.13,0,6
26,40000,RENT,10.0,PERSONAL,D,6925,15.99,0.17,0,4
28,50400,RENT,8.0,VENTURE,D,18500,16.02,0.37,0,6
25,80004,MORTGAGE,8.0,PERSONAL,A,6000,8.0,0.07,0,2
28,70920,MORTGAGE,12.0,PERSONAL,A,7600,6.03,0.11,0,9
27,40000,RENT,9.0,DEBTCONSOLIDATION,B,2000,10.75,0.05,0,6
26,159960,MORTGAGE,11.0,HOMEIMPROVEMENT,A,18325,7.49,0.11,0,2
30,120000,RENT,3.0,HOMEIMPROVEMENT,E,10000,17.04,0.08,0,5
25,50000,MORTGAGE,9.0,DEBTCONSOLIDATION,A,18000,7.88,0.36,0,4
25,57120,MORTGAGE,4.0,MEDICAL,B,25000,10.99,0.44,0,4
34,30000,RENT,2.0,HOMEIMPROVEMENT,B,14975,12.53,0.5,0,10
32,240000,MORTGAGE,5.0,MEDICAL,A,8400,7.51,0.04,0,5
26,14400,RENT,1.0,VENTURE,B,3000,10.99,0.21,0,2
40,46000,MORTGAGE,5.0,HOMEIMPROVEMENT,A,10000,7.9,0.22,0,14
27,90000,MORTGAGE,5.0,DEBTCONSOLIDATION,A,10000,7.14,0.11,0,5
30,110000,MORTGAGE,8.0,MEDICAL,A,4800,5.99,0.04,0,5
24,25000,RENT,2.0,MEDICAL,B,9000,11.48,0.36,0,2
27,58000,RENT,5.0,HOMEIMPROVEMENT,A,5900,9.32,0.1,0,6
33,25200,RENT,0.0,MEDICAL,B,5500,9.88,0.22,0,7
34,45000,OWN,0.0,VENTURE,A,7000,5.42,0.16,0,5
22,41000,RENT,3.0,DEBTCONSOLIDATION,C,15000,12.73,0.37,0,3
24,54000,MORTGAGE,8.0,VENTURE,D,1500,14.42,0.03,1,2
21,36500,RENT,1.0,PERSONAL,D,14400,15.05,0.39,0,4
23,38000,RENT,1.0,MEDICAL,D,4100,15.31,0.11,0,4
30,110000,RENT,0.0,DEBTCONSOLIDATION,B,3600,10.71,0.03,0,8
23,66000,RENT,4.0,DEBTCONSOLIDATION,E,10250,14.38,0.16,0,4
25,28000,RENT,10.0,PERSONAL,A,13000,7.9,0.46,0,3
23,78000,RENT,7.0,DEBTCONSOLIDATION,C,25000,13.48,0.32,1,2
34,52809,RENT,18.0,VENTURE,B,13000,10.62,0.25,0,9
37,52000,RENT,21.0,HOMEIMPROVEMENT,B,10000,11.71,0.19,0,14
21,28596,MORTGAGE,3.0,PERSONAL,A,2000,7.29,0.07,0,4
28,75000,RENT,12.0,MEDICAL,B,2500,11.99,0.03,0,9
37,65000,RENT,7.0,DEBTCONSOLIDATION,A,9000,6.91,0.14,0,15
36,36000,RENT,3.0,DEBTCONSOLIDATION,B,2500,9.76,0.07,0,12
23,116000,RENT,7.0,VENTURE,A,11000,8.94,0.09,0,2
37,52700,RENT,1.0,VENTURE,C,7700,13.48,0.15,0,13
38,50000,RENT,8.0,MEDICAL,C,20000,13.85,0.4,0,14
29,60000,RENT,2.0,MEDICAL,A,14000,7.51,0.23,0,8
26,53500,RENT,1.0,PERSONAL,B,5000,12.18,0.09,0,3
22,45000,RENT,2.0,EDUCATION,C,9600,12.73,0.21,0,3
24,69764,RENT,2.0,VENTURE,D,1500,14.42,0.02,1,4
25,47052,RENT,5.0,VENTURE,B,21250,10.99,0.45,0,2
23,40000,MORTGAGE,7.0,DEBTCONSOLIDATION,C,6000,14.79,0.15,1,3
25,59366,RENT,4.0,MEDICAL,B,6000,11.11,0.1,0,2
29,53313,RENT,13.0,MEDICAL,B,19850,10.99,0.37,0,7
26,34000,RENT,4.0,PERSONAL,E,4200,16.82,0.12,1,3
42,60000,RENT,3.0,HOMEIMPROVEMENT,A,7200,5.79,0.12,0,11
22,21000,RENT,4.0,EDUCATION,D,4750,15.31,0.23,0,2
30,108000,RENT,2.0,PERSONAL,B,10000,10.65,0.09,0,5
37,54996,MORTGAGE,5.0,HOMEIMPROVEMENT,A,7000,6.92,0.13,0,13
27,58000,MORTGAGE,11.0,MEDICAL,B,3250,11.86,0.06,0,8
40,81000,MORTGAGE,10.0,HOMEIMPROVEMENT,A,20000,6.17,0.25,0,14
46,74000,MORTGAGE,18.0,VENTURE,C,20000,12.68,0.27,1,16
23,85000,MORTGAGE,0.0,EDUCATION,A,24000,7.49,0.28,0,4
40,275004,MORTGAGE,2.0,MEDICAL,B,24500,10.99,0.09,0,13
23,62000,MORTGAGE,3.0,MEDICAL,A,9000,7.49,0.15,0,4
21,13000,RENT,0.0,DEBTCONSOLIDATION,C,9250,12.53,0.71,0,3
28,100000,MORTGAGE,3.0,EDUCATION,C,8000,13.98,0.08,1,6
22,72576,RENT,7.0,EDUCATION,A,9600,7.29,0.13,0,3
30,37200,OWN,4.0,VENTURE,A,10000,6.03,0.27,0,10
22,31000,RENT,6.0,PERSONAL,A,10000,8.9,0.32,0,4
48,92000,RENT,1.0,PERSONAL,A,4800,7.88,0.05,0,17
22,63000,MORTGAGE,6.0,MEDICAL,B,15000,10.99,0.24,0,3
25,32000,RENT,2.0,DEBTCONSOLIDATION,D,8575,15.62,0.27,1,2
27,66300,MORTGAGE,0.0,MEDICAL,E,20000,17.56,0.26,0,8
27,79000,MORTGAGE,4.0,PERSONAL,A,9000,6.76,0.11,0,10
23,36000,MORTGAGE,4.0,EDUCATION,A,10000,7.14,0.28,0,3
34,54072,MORTGAGE,12.0,MEDICAL,B,7000,11.89,0.13,0,9
24,26000,RENT,2.0,HOMEIMPROVEMENT,D,6200,14.11,0.24,0,4
23,24000,OWN,4.0,PERSONAL,B,4200,10.99,0.17,0,4
26,50000,RENT,0.0,MEDICAL,C,13000,12.09,0.26,0,3
29,102400,RENT,2.0,HOMEIMPROVEMENT,B,2000,8.88,0.02,0,7
24,39862,RENT,8.0,MEDICAL,C,5000,14.22,0.13,0,4
34,105000,MORTGAGE,2.0,HOMEIMPROVEMENT,A,5000,5.42,0.05,0,7
24,50000,RENT,8.0,DEBTCONSOLIDATION,B,7000,11.71,0.14,0,3
25,69996,MORTGAGE,3.0,PERSONAL,B,25000,10.62,0.36,0,3
27,100000,RENT,1.0,DEBTCONSOLIDATION,C,35000,16.11,0.35,0,9
27,25000,RENT,0.0,PERSONAL,C,3600,13.16,0.14,1,9
23,80000,RENT,0.0,VENTURE,C,14000,14.27,0.17,1,2
26,24000,RENT,0.0,EDUCATION,D,1500,14.54,0.06,1,4
36,123000,MORTGAGE,1.0,DEBTCONSOLIDATION,D,2500,14.91,0.02,1,14
38,65000,RENT,2.0,MEDICAL,A,7000,7.88,0.11,0,17
26,73200,MORTGAGE,10.0,VENTURE,C,17500,13.48,0.24,0,3
32,97000,MORTGAGE,6.0,HOMEIMPROVEMENT,B,5500,12.18,0.06,0,9
33,60000,MORTGAGE,1.0,VENTURE,D,17000,16.07,0.28,1,5
38,36156,MORTGAGE,1.0,HOMEIMPROVEMENT,B,8500,12.21,0.24,0,16
23,70000,RENT,4.0,EDUCATION,A,6000,7.49,0.09,0,3
23,14400,RENT,0.0,EDUCATION,B,1100,11.99,0.08,0,4
24,30000,RENT,0.0,MEDICAL,D,10000,14.61,0.33,0,3
31,46500,MORTGAGE,2.0,DEBTCONSOLIDATION,A,6250,5.79,0.13,0,10
37,35496,RENT,5.0,VENTURE,B,3600,10.37,0.1,0,12
32,52000,RENT,0.0,PERSONAL,A,7125,7.49,0.14,0,10
26,93500,MORTGAGE,9.0,VENTURE,D,6250,14.83,0.07,1,3
25,49963,MORTGAGE,9.0,EDUCATION,B,2100,11.49,0.04,0,3
31,25200,RENT,0.0,PERSONAL,A,1400,6.99,0.06,0,6
24,32500,RENT,5.0,MEDICAL,D,4000,16.29,0.12,1,3
24,44160,OTHER,7.0,MEDICAL,C,10000,13.22,0.23,0,4
26,48000,RENT,4.0,MEDICAL,A,24000,7.49,0.5,0,3
25,34000,RENT,4.0,VENTURE,B,8200,12.21,0.24,0,4
25,42000,RENT,9.0,MEDICAL,C,10000,14.27,0.24,0,2
29,79894,MORTGAGE,7.0,VENTURE,D,20000,14.96,0.25,1,10
23,46500,RENT,0.0,MEDICAL,D,8400,16.89,0.18,1,3
22,52000,RENT,6.0,PERSONAL,D,9000,14.11,0.17,1,3
25,39000,MORTGAGE,9.0,DEBTCONSOLIDATION,C,3000,13.99,0.08,0,2
28,42000,RENT,4.0,DEBTCONSOLIDATION,D,2000,14.96,0.05,1,6
37,42000,MORTGAGE,9.0,EDUCATION,C,4500,12.99,0.11,0,12
25,84000,RENT,5.0,HOMEIMPROVEMENT,C,10000,13.49,0.12,0,2
40,44000,RENT,0.0,PERSONAL,A,6000,7.49,0.14,0,12
29,60000,RENT,2.0,VENTURE,C,11200,14.22,0.19,1,10
26,75000,RENT,1.0,VENTURE,B,1800,9.25,0.02,0,2
37,29000,RENT,4.0,PERSONAL,B,6725,8.88,0.23,0,16
26,87000,RENT,6.0,MEDICAL,A,15000,5.99,0.17,0,2
25,80004,MORTGAGE,0.0,DEBTCONSOLIDATION,A,3600,7.49,0.04,0,4
30,32004,OWN,4.0,VENTURE,A,5500,8.0,0.17,0,9
36,156326,RENT,10.0,HOMEIMPROVEMENT,A,1800,8.0,0.01,0,16
30,55000,MORTGAGE,0.0,EDUCATION,D,12000,13.55,0.22,0,5
32,32496,RENT,4.0,EDUCATION,D,5000,15.31,0.15,0,6
23,78000,MORTGAGE,7.0,VENTURE,A,4600,7.66,0.06,0,3
24,51000,MORTGAGE,8.0,DEBTCONSOLIDATION,B,12000,10.99,0.24,0,3
46,104000,MORTGAGE,1.0,EDUCATION,E,30000,18.39,0.29,0,15
39,11820,RENT,4.0,MEDICAL,B,1500,11.11,0.13,0,11
23,36000,OWN,7.0,EDUCATION,B,6000,8.88,0.17,0,2
22,48000,MORTGAGE,1.0,PERSONAL,B,4000,9.63,0.08,0,2
23,85000,RENT,7.0,MEDICAL,B,10000,11.89,0.12,0,4
24,52000,RENT,8.0,EDUCATION,D,20000,15.65,0.38,1,2
23,60000,RENT,8.0,EDUCATION,B,3600,9.99,0.06,0,2
27,22296,RENT,5.0,PERSONAL,D,1000,14.84,0.04,0,5
23,97000,OWN,7.0,MEDICAL,B,15000,9.63,0.15,0,4
43,90000,MORTGAGE,0.0,VENTURE,D,15000,14.46,0.17,1,11
33,39600,MORTGAGE,0.0,PERSONAL,A,3000,7.68,0.08,0,7
23,99996,MORTGAGE,2.0,EDUCATION,B,4800,11.49,0.05,0,4
34,50000,RENT,8.0,EDUCATION,B,4800,10.99,0.1,0,10
24,92259,MORTGAGE,4.0,HOMEIMPROVEMENT,A,6000,7.49,0.07,0,4
30,52500,MORTGAGE,14.0,EDUCATION,A,10000,9.63,0.19,0,8
25,28128,RENT,2.0,VENTURE,D,7500,15.33,0.27,0,3
29,64000,RENT,3.0,EDUCATION,C,15000,15.27,0.23,0,6
34,30000,RENT,5.0,VENTURE,A,4200,5.79,0.14,0,5
23,39000,RENT,3.0,HOMEIMPROVEMENT,B,8000,11.36,0.21,0,3
29,35000,MORTGAGE,14.0,EDUCATION,C,8000,12.68,0.23,1,9
24,110000,MORTGAGE,2.0,EDUCATION,B,9000,10.99,0.08,0,3
39,70000,MORTGAGE,11.0,MEDICAL,A,19500,7.9,0.28,0,14
23,51600,MORTGAGE,1.0,DEBTCONSOLIDATION,B,5000,10.59,0.1,0,3
24,100000,MORTGAGE,8.0,HOMEIMPROVEMENT,A,12000,6.92,0.12,0,2
22,37000,RENT,3.0,PERSONAL,B,15000,10.25,0.41,0,4
25,142800,MORTGAGE,9.0,MEDICAL,F,10000,18.25,0.06,0,4
36,32000,MORTGAGE,9.0,EDUCATION,B,5000,8.88,0.16,0,13
53,46000,OWN,9.0,PERSONAL,B,4925,11.71,0.11,0,28
33,70116,MORTGAGE,4.0,PERSONAL,B,5000,11.71,0.07,0,6
25,33000,RENT,4.0,HOMEIMPROVEMENT,C,3200,12.99,0.1,1,2
27,65000,RENT,0.0,PERSONAL,B,12000,10.99,0.18,0,5
26,120000,MORTGAGE,10.0,DEBTCONSOLIDATION,A,16000,8.94,0.13,0,2
34,100000,MORTGAGE,8.0,HOMEIMPROVEMENT,A,15000,6.17,0.15,0,10
25,33000,MORTGAGE,6.0,VENTURE,A,8000,6.62,0.24,0,3
25,46000,RENT,9.0,PERSONAL,A,12000,5.42,0.26,0,3
21,12000,OWN,5.0,EDUCATION,A,2500,7.51,0.21,0,4
24,29120,RENT,0.0,VENTURE,B,5000,10.99,0.17,0,4
29,65000,RENT,5.0,EDUCATION,B,7500,12.69,0.12,0,10
31,39000,RENT,15.0,DEBTCONSOLIDATION,C,5200,13.48,0.13,0,9
22,62000,RENT,2.0,EDUCATION,C,8000,12.68,0.13,1,4
23,35000,OWN,2.0,VENTURE,B,14000,10.99,0.4,0,3
33,21000,RENT,0.0,PERSONAL,A,6500,7.66,0.31,0,6
26,34138,RENT,3.0,DEBTCONSOLIDATION,B,12000,10.39,0.35,0,2
24,96000,RENT,6.0,DEBTCONSOLIDATION,B,7000,9.91,0.07,0,2
31,58000,MORTGAGE,15.0,DEBTCONSOLIDATION,E,16000,16.82,0.28,0,8
27,103000,MORTGAGE,8.0,PERSONAL,A,8800,7.29,0.09,0,8
23,37148,RENT,4.0,EDUCATION,D,14000,14.42,0.38,0,3
24,71000,MORTGAGE,6.0,MEDICAL,B,10000,10.36,0.14,0,4
23,34000,MORTGAGE,0.0,EDUCATION,C,4000,14.17,0.12,0,2
23,60000,RENT,0.0,PERSONAL,A,12000,7.88,0.2,0,2
30,145000,MORTGAGE,4.0,DEBTCONSOLIDATION,B,6000,10.59,0.04,0,8
37,35000,OWN,2.0,PERSONAL,B,13250,11.71,0.38,0,14
33,100000,MORTGAGE,0.0,DEBTCONSOLIDATION,B,24000,10.25,0.24,0,6
30,101500,RENT,2.0,HOMEIMPROVEMENT,B,18000,12.18,0.18,0,10
29,83500,RENT,1.0,MEDICAL,B,8000,11.49,0.1,0,8
26,53000,RENT,7.0,VENTURE,B,9600,11.71,0.18,0,2
30,70000,MORTGAGE,6.0,HOMEIMPROVEMENT,A,10200,6.91,0.15,0,8
42,41000,RENT,2.0,HOMEIMPROVEMENT,E,15000,16.95,0.37,1,15
37,96996,MORTGAGE,21.0,PERSONAL,A,13000,7.49,0.13,0,13
32,54000,MORTGAGE,4.0,MEDICAL,C,12000,15.27,0.22,0,6
33,44000,RENT,10.0,HOMEIMPROVEMENT,B,13000,9.91,0.3,0,6
24,33000,RENT,2.0,VENTURE,C,3300,12.99,0.1,0,4
28,24840,RENT,2.0,EDUCATION,A,1500,8.0,0.06,0,5
28,65000,MORTGAGE,3.0,HOMEIMPROVEMENT,A,10000,7.49,0.15,0,7
23,37000,RENT,4.0,PERSONAL,C,10000,13.23,0.27,0,3
25,16000,RENT,0.0,PERSONAL,A,3200,9.32,0.2,0,4
28,54000,RENT,0.0,EDUCATION,C,4500,13.48,0.08,1,8
34,24000,RENT,3.0,PERSONAL,C,2400,13.11,0.1,1,5
25,39600,RENT,2.0,MEDICAL,B,12000,10.99,0.3,0,2
27,43000,RENT,11.0,PERSONAL,B,3000,10.99,0.07,0,7
24,100000,MORTGAGE,4.0,VENTURE,A,16000,6.54,0.16,0,2
21,56000,MORTGAGE,6.0,MEDICAL,B,5600,10.37,0.1,0,4
37,30000,RENT,7.0,PERSONAL,B,10000,9.25,0.33,0,13
29,82438,RENT,14.0,PERSONAL,B,3600,10.99,0.04,0,9
33,69996,RENT,2.0,HOMEIMPROVEMENT,B,9000,11.58,0.13,0,5
23,79000,RENT,5.0,EDUCATION,D,20000,16.89,0.25,1,4
29,47340,RENT,5.0,DEBTCONSOLIDATION,B,2000,9.99,0.04,0,6
24,50000,MORTGAGE,8.0,PERSONAL,B,8000,10.99,0.16,0,3
22,106000,MORTGAGE,6.0,VENTURE,A,35000,7.49,0.33,0,2
24,58000,MORTGAGE,3.0,PERSONAL,D,15000,15.31,0.26,0,4
23,42900,OWN,6.0,MEDICAL,A,1000,6.76,0.02,0,3
22,62000,RENT,4.0,EDUCATION,C,2000,15.27,0.03,0,2
30,50000,OWN,4.0,DEBTCONSOLIDATION,D,10000,15.95,0.2,1,7
36,83000,MORTGAGE,0.0,VENTURE,C,13000,11.97,0.16,0,14
23,70000,RENT,4.0,EDUCATION,D,8000,16.02,0.11,0,2
35,75000,OWN,9.0,VENTURE,A,7600,7.49,0.1,0,7
38,47004,RENT,2.0,MEDICAL,C,4775,13.48,0.1,0,13
29,148616,RENT,2.0,EDUCATION,A,29550,8.9,0.2,0,9
29,52000,MORTGAGE,6.0,VENTURE,D,12000,15.65,0.23,0,8
22,77000,MORTGAGE,6.0,VENTURE,A,12400,7.51,0.16,0,2
32,54000,MORTGAGE,6.0,EDUCATION,A,4800,7.49,0.09,0,7
24,83000,MORTGAGE,4.0,VENTURE,B,5775,9.99,0.07,0,4
24,39000,MORTGAGE,3.0,DEBTCONSOLIDATION,D,4150,17.58,0.11,1,2
38,39500,RENT,4.0,MEDICAL,C,5000,13.22,0.13,0,14
24,23700,RENT,8.0,VENTURE,A,10000,9.32,0.42,0,4
24,36000,MORTGAGE,3.0,HOMEIMPROVEMENT,A,6400,9.38,0.18,0,4
24,108000,MORTGAGE,5.0,EDUCATION,D,9950,14.96,0.09,1,4
26,44470,MORTGAGE,2.0,DEBTCONSOLIDATION,A,4000,6.76,0.09,0,2
40,33000,MORTGAGE,2.0,HOMEIMPROVEMENT,B,1000,10.99,0.03,0,15
24,80000,MORTGAGE,6.0,HOMEIMPROVEMENT,C,7000,14.65,0.09,0,4
44,67920,RENT,13.0,HOMEIMPROVEMENT,A,32400,7.49,0.48,0,13
26,48000,RENT,10.0,DEBTCONSOLIDATION,B,4500,11.11,0.09,0,4
25,42500,RENT,0.0,MEDICAL,C,4000,12.99,0.09,0,3
27,48000,RENT,7.0,EDUCATION,A,9800,8.59,0.2,0,5
24,49000,MORTGAGE,5.0,HOMEIMPROVEMENT,A,2700,6.92,0.06,0,4
35,19200,RENT,4.0,PERSONAL,A,1200,7.29,0.06,0,10
21,50000,MORTGAGE,5.0,EDUCATION,C,9000,13.49,0.18,0,4
22,20400,RENT,4.0,PERSONAL,B,5000,12.42,0.25,0,2
31,46700,MORTGAGE,5.0,MEDICAL,B,7200,10.99,0.15,0,6
39,61000,MORTGAGE,3.0,VENTURE,D,14000,16.29,0.23,1,17
29,65000,MORTGAGE,9.0,PERSONAL,A,6000,6.99,0.09,0,10
28,39000,MORTGAGE,13.0,MEDICAL,D,3375,14.83,0.09,0,8
22,53000,MORTGAGE,6.0,VENTURE,C,7350,14.79,0.14,1,4
29,76596,MORTGAGE,14.0,HOMEIMPROVEMENT,C,17600,13.16,0.23,0,7
24,42494,RENT,7.0,VENTURE,B,16000,11.71,0.38,0,3
24,30000,RENT,0.0,PERSONAL,A,3600,7.49,0.12,0,4
38,37200,RENT,1.0,DEBTCONSOLIDATION,B,5000,9.99,0.13,0,11
32,95000,MORTGAGE,2.0,PERSONAL,A,5000,7.51,0.05,0,10
32,50004,MORTGAGE,2.0,EDUCATION,C,6250,12.87,0.12,1,6
25,25000,RENT,4.0,MEDICAL,C,1600,12.98,0.06,0,3
24,38700,RENT,2.0,MEDICAL,B,10000,10.99,0.26,0,3
21,51000,RENT,0.0,HOMEIMPROVEMENT,D,1500,15.58,0.03,1,4
22,76875,MORTGAGE,0.0,MEDICAL,A,13750,7.49,0.18,0,4
26,91800,MORTGAGE,10.0,MEDICAL,E,10000,16.32,0.09,1,4
22,120000,MORTGAGE,6.0,VENTURE,A,12000,7.49,0.1,0,4
23,34800,RENT,6.0,VENTURE,A,6600,7.49,0.19,0,2
22,43000,MORTGAGE,5.0,MEDICAL,B,7000,10.62,0.16,0,4
22,50004,MORTGAGE,5.0,EDUCATION,D,14000,15.58,0.28,0,4
47,204000,MORTGAGE,6.0,EDUCATION,C,10000,13.06,0.05,1,13
30,45000,RENT,4.0,VENTURE,D,10000,13.36,0.22,0,9
23,44000,RENT,1.0,EDUCATION,E,13000,18.39,0.3,1,3
23,48000,RENT,4.0,PERSONAL,B,1800,11.49,0.04,0,4
25,41000,RENT,3.0,VENTURE,B,3000,10.99,0.07,0,3
27,43200,RENT,9.0,MEDICAL,C,4000,13.48,0.09,0,7
38,50000,RENT,5.0,VENTURE,A,4000,7.88,0.08,0,12
31,58000,MORTGAGE,15.0,HOMEIMPROVEMENT,A,6000,9.32,0.1,0,5
29,80000,MORTGAGE,2.0,PERSONAL,A,5000,7.74,0.06,0,9
35,165000,MORTGAGE,3.0,DEBTCONSOLIDATION,B,8000,11.49,0.05,0,8
28,40000,RENT,2.0,PERSONAL,A,7000,8.59,0.17,0,10
34,38000,MORTGAGE,12.0,DEBTCONSOLIDATION,B,12775,9.91,0.34,0,5
35,25200,RENT,2.0,DEBTCONSOLIDATION,C,7050,12.23,0.28,1,7
25,60000,MORTGAGE,4.0,MEDICAL,A,8650,7.51,0.14,0,2
29,56000,MORTGAGE,4.0,MEDICAL,B,8000,11.49,0.14,0,5
28,115000,MORTGAGE,3.0,EDUCATION,A,18500,7.49,0.16,0,9
22,22000,MORTGAGE,0.0,MEDICAL,B,2400,11.71,0.11,0,3
31,100000,MORTGAGE,5.0,HOMEIMPROVEMENT,B,15000,10.59,0.15,0,10
26,66000,MORTGAGE,9.0,DEBTCONSOLIDATION,D,15000,14.42,0.23,0,2
33,65000,MORTGAGE,3.0,DEBTCONSOLIDATION,A,2000,7.88,0.03,0,7
21,35000,RENT,5.0,MEDICAL,C,11300,13.49,0.32,0,3
27,144000,MORTGAGE,11.0,DEBTCONSOLIDATION,A,11000,8.9,0.08,0,6
22,52000,RENT,0.0,VENTURE,D,8000,15.58,0.15,0,3
26,49493,MORTGAGE,6.0,VENTURE,C,15250,13.11,0.31,1,3
31,102000,MORTGAGE,5.0,EDUCATION,A,4000,7.88,0.04,0,10
22,42000,RENT,0.0,VENTURE,C,4000,13.22,0.1,0,3
23,40000,RENT,5.0,PERSONAL,B,2000,11.71,0.05,0,2
21,38000,OWN,5.0,EDUCATION,B,14000,11.12,0.37,0,3
24,71480,RENT,8.0,HOMEIMPROVEMENT,F,17600,18.535,0.25,0,4
26,36000,MORTGAGE,10.0,PERSONAL,B,18000,10.39,0.5,0,2
24,54000,MORTGAGE,6.0,HOMEIMPROVEMENT,C,6300,14.65,0.12,1,2
24,65000,RENT,2.0,DEBTCONSOLIDATION,B,6400,10.65,0.1,0,2
21,15600,RENT,0.0,MEDICAL,A,2000,7.9,0.13,0,2
35,45000,RENT,2.0,VENTURE,B,16000,10.0,0.36,0,10
33,135000,OWN,0.0,PERSONAL,A,6275,6.91,0.05,0,7
25,50000,MORTGAGE,6.0,HOMEIMPROVEMENT,C,11200,14.27,0.22,1,4
37,42000,RENT,2.0,VENTURE,C,8400,13.49,0.2,0,15
25,39000,RENT,3.0,MEDICAL,E,18000,17.19,0.46,0,3
25,45000,RENT,1.0,DEBTCONSOLIDATION,B,10000,11.89,0.22,0,3
25,44400,OWN,1.0,PERSONAL,C,5000,12.72,0.11,1,3
31,30000,RENT,5.0,PERSONAL,C,6000,13.23,0.2,0,5
23,27600,MORTGAGE,4.0,EDUCATION,A,9800,7.29,0.36,0,4
31,124992,MORTGAGE,15.0,DEBTCONSOLIDATION,A,24000,8.49,0.19,0,5
23,90000,MORTGAGE,5.0,PERSONAL,B,6000,11.89,0.07,0,4
33,135000,OWN,0.0,PERSONAL,B,17500,11.83,0.13,0,8
25,35000,RENT,4.0,VENTURE,D,4000,16.29,0.11,1,2
30,105000,OWN,14.0,HOMEIMPROVEMENT,B,15400,11.36,0.15,0,10
24,50112,OWN,4.0,PERSONAL,A,1000,5.42,0.02,0,2
23,55365,MORTGAGE,4.0,PERSONAL,F,25000,19.04,0.45,0,4
27,33600,OWN,5.0,EDUCATION,A,5400,5.42,0.16,0,6
22,27000,RENT,0.0,VENTURE,D,5000,15.31,0.19,1,2
22,19200,MORTGAGE,6.0,PERSONAL,B,4950,11.71,0.26,0,2
23,71000,MORTGAGE,7.0,DEBTCONSOLIDATION,B,7500,9.99,0.11,0,3
26,78000,RENT,5.0,PERSONAL,C,6000,12.68,0.08,0,2
34,51621,MORTGAGE,5.0,HOMEIMPROVEMENT,B,3500,11.49,0.07,0,7
30,112000,OWN,6.0,VENTURE,A,12000,7.49,0.11,0,10
25,80000,OWN,3.0,EDUCATION,C,10000,14.72,0.13,1,3
29,55000,RENT,2.0,DEBTCONSOLIDATION,B,10000,12.53,0.18,0,9
29,92000,MORTGAGE,8.0,HOMEIMPROVEMENT,A,12000,6.62,0.13,0,8
25,158000,MORTGAGE,10.0,VENTURE,C,20000,14.26,0.13,1,2
34,74256,MORTGAGE,1.0,HOMEIMPROVEMENT,B,11000,9.25,0.15,0,9
25,70000,OWN,4.0,PERSONAL,A,4000,7.42,0.06,0,2
21,32000,RENT,5.0,VENTURE,C,15000,11.09,0.47,0,3
24,97000,MORTGAGE,2.0,HOMEIMPROVEMENT,C,12000,10.28,0.12,0,2
23,95004,RENT,2.0,PERSONAL,A,5000,9.63,0.05,0,4
31,89000,RENT,1.0,MEDICAL,B,10000,10.99,0.11,0,5
22,34560,RENT,1.0,MEDICAL,E,2100,17.04,0.06,0,3
22,36000,OWN,4.0,VENTURE,A,6000,8.9,0.17,0,3
30,60000,MORTGAGE,14.0,EDUCATION,B,4500,10.83,0.07,0,10
27,42000,RENT,7.0,DEBTCONSOLIDATION,A,5000,5.42,0.12,0,5
41,40000,RENT,3.0,PERSONAL,A,9200,7.49,0.23,0,15
38,37500,OTHER,0.0,EDUCATION,C,12000,13.47,0.32,1,16
28,39000,RENT,6.0,DEBTCONSOLIDATION,A,5000,5.99,0.13,0,7
27,67000,RENT,5.0,PERSONAL,C,12000,13.23,0.18,1,7
27,26004,RENT,7.0,VENTURE,A,6000,7.14,0.23,0,5
36,31200,RENT,0.0,EDUCATION,A,10000,6.91,0.32,0,15
24,126000,MORTGAGE,7.0,MEDICAL,C,11800,13.48,0.09,1,2
27,58650,MORTGAGE,11.0,MEDICAL,A,4000,5.42,0.06,0,6
31,90000,MORTGAGE,3.0,VENTURE,C,16500,12.61,0.18,0,6
26,116004,MORTGAGE,11.0,VENTURE,B,20000,12.21,0.17,0,2
24,30960,RENT,5.0,MEDICAL,D,3000,15.62,0.1,0,4
24,75996,RENT,1.0,DEBTCONSOLIDATION,E,10000,16.0,0.13,0,2
24,61100,RENT,1.0,DEBTCONSOLIDATION,B,15000,12.53,0.25,0,2
23,66000,MORTGAGE,1.0,EDUCATION,B,13200,11.14,0.2,0,4
27,68000,RENT,0.0,DEBTCONSOLIDATION,A,6500,7.51,0.1,0,7
24,37245,RENT,9.0,EDUCATION,A,7200,8.9,0.19,0,4
30,36000,RENT,7.0,DEBTCONSOLIDATION,D,8000,15.99,0.22,0,6
22,50000,RENT,6.0,MEDICAL,A,9500,6.99,0.19,0,2
29,19200,RENT,1.0,PERSONAL,A,2000,5.99,0.1,0,7
27,19000,OWN,2.0,HOMEIMPROVEMENT,D,7800,15.58,0.41,1,5
22,40000,RENT,0.0,PERSONAL,A,4000,7.43,0.1,0,4
23,95620,MORTGAGE,7.0,EDUCATION,D,13500,14.96,0.14,1,4
25,82000,MORTGAGE,3.0,HOMEIMPROVEMENT,B,15000,10.37,0.18,0,2
28,115000,MORTGAGE,6.0,HOMEIMPROVEMENT,A,10000,8.0,0.09,0,8
24,46000,RENT,8.0,PERSONAL,B,13000,10.99,0.28,0,3
27,30000,RENT,0.0,MEDICAL,C,5000,13.72,0.17,0,8
24,43000,MORTGAGE,3.0,PERSONAL,A,11500,7.88,0.27,0,2
24,112000,OTHER,4.0,PERSONAL,A,9000,9.32,0.08,0,2
23,120000,MORTGAGE,7.0,DEBTCONSOLIDATION,B,16000,10.37,0.13,0,3
23,82500,MORTGAGE,0.0,EDUCATION,A,5000,8.49,0.06,0,4
24,66600,OWN,3.0,VENTURE,B,7200,10.65,0.11,0,4
30,31000,MORTGAGE,3.0,VENTURE,D,12000,14.42,0.39,0,5
24,80400,MORTGAGE,8.0,PERSONAL,C,10000,11.66,0.12,0,2
27,44000,MORTGAGE,3.0,EDUCATION,C,5700,13.23,0.13,1,9
24,80000,OWN,8.0,VENTURE,A,12000,7.49,0.15,0,3
22,16000,RENT,4.0,VENTURE,B,6250,9.91,0.39,0,2
29,55044,RENT,6.0,HOMEIMPROVEMENT,C,4200,13.48,0.08,1,9
44,24000,MORTGAGE,4.0,HOMEIMPROVEMENT,D,7750,15.58,0.32,1,13
38,200000,MORTGAGE,2.0,PERSONAL,A,25000,7.9,0.13,0,13
24,13000,RENT,1.0,MEDICAL,B,1200,11.89,0.09,0,2
22,33000,RENT,5.0,DEBTCONSOLIDATION,A,4000,7.88,0.12,0,4
22,74000,MORTGAGE,4.0,PERSONAL,D,15000,15.05,0.2,0,3
23,52692,RENT,4.0,EDUCATION,C,3500,12.23,0.07,1,4
22,61402,MORTGAGE,7.0,EDUCATION,B,10800,9.99,0.18,0,2
25,44000,RENT,9.0,MEDICAL,C,10000,12.68,0.23,1,4
27,115752,MORTGAGE,6.0,DEBTCONSOLIDATION,B,10000,11.36,0.09,0,7
27,25000,RENT,4.0,DEBTCONSOLIDATION,D,8000,14.84,0.32,0,5
25,52000,RENT,0.0,HOMEIMPROVEMENT,A,2400,7.88,0.05,0,4
34,61200,RENT,18.0,MEDICAL,B,30000,11.71,0.49,0,8
25,75000,MORTGAGE,9.0,DEBTCONSOLIDATION,C,8500,13.22,0.11,0,4
22,48000,RENT,1.0,MEDICAL,C,1600,14.26,0.03,0,4
28,73500,RENT,0.0,HOMEIMPROVEMENT,C,14400,12.98,0.2,1,6
22,30000,RENT,6.0,MEDICAL,B,3000,10.99,0.1,0,4
25,30200,MORTGAGE,9.0,HOMEIMPROVEMENT,B,15000,10.2,0.5,0,2
25,43000,RENT,2.0,VENTURE,A,7800,7.14,0.18,0,3
27,40000,RENT,3.0,EDUCATION,A,5000,7.29,0.13,0,5
25,81600,RENT,2.0,EDUCATION,A,5600,5.99,0.07,0,4
26,60000,RENT,0.0,VENTURE,B,7200,11.14,0.12,0,2
22,51000,OWN,0.0,VENTURE,A,16000,7.9,0.31,0,3
32,70000,OWN,1.0,MEDICAL,A,14400,7.88,0.21,0,10
34,225000,MORTGAGE,4.0,DEBTCONSOLIDATION,C,3000,13.35,0.01,1,7
30,52000,MORTGAGE,4.0,EDUCATION,C,4200,13.48,0.08,1,6
23,65000,MORTGAGE,0.0,EDUCATION,C,8500,15.23,0.13,1,3
25,95004,MORTGAGE,9.0,EDUCATION,A,18000,7.51,0.19,0,4
27,88000,RENT,11.0,DEBTCONSOLIDATION,A,9000,6.91,0.1,0,10
23,75000,RENT,0.0,PERSONAL,C,10000,13.47,0.13,0,4
21,25000,RENT,3.0,DEBTCONSOLIDATION,B,6000,10.99,0.24,0,4
47,79500,MORTGAGE,0.0,EDUCATION,A,16000,7.51,0.2,0,13
23,62500,MORTGAGE,4.0,DEBTCONSOLIDATION,A,23525,7.9,0.38,0,3
24,30000,RENT,0.0,MEDICAL,A,2000,8.07,0.07,0,4
23,74415,RENT,1.0,PERSONAL,D,6350,12.92,0.09,1,3
23,63996,RENT,2.0,HOMEIMPROVEMENT,D,4000,15.31,0.06,1,2
38,24000,RENT,3.0,MEDICAL,C,3000,13.48,0.13,1,16
27,23004,RENT,1.0,MEDICAL,B,6250,10.38,0.27,0,6
22,33650,RENT,1.0,EDUCATION,D,6000,12.86,0.18,0,4
24,96408,RENT,1.0,EDUCATION,C,7700,12.53,0.08,1,4
24,60000,MORTGAGE,8.0,MEDICAL,A,17000,7.49,0.28,0,2
24,65000,RENT,4.0,EDUCATION,D,21250,15.95,0.33,1,4
22,20400,RENT,1.0,VENTURE,A,3500,6.99,0.17,0,2
31,36000,RENT,7.0,EDUCATION,B,4500,9.99,0.13,0,10
23,41000,MORTGAGE,7.0,VENTURE,D,10000,14.96,0.24,1,2
26,58000,MORTGAGE,5.0,PERSONAL,A,10000,7.49,0.17,0,4
22,120000,MORTGAGE,3.0,MEDICAL,C,5000,14.79,0.04,0,2
23,18000,RENT,1.0,PERSONAL,C,3250,13.48,0.18,1,4
28,35380,MORTGAGE,9.0,EDUCATION,C,2050,15.96,0.06,1,8
42,65000,OWN,6.0,EDUCATION,A,22750,8.9,0.35,0,12
37,55900,MORTGAGE,1.0,PERSONAL,B,17000,8.7,0.3,0,12
32,36000,RENT,5.0,DEBTCONSOLIDATION,D,1600,14.09,0.04,1,9
26,150000,MORTGAGE,3.0,DEBTCONSOLIDATION,B,25000,9.99,0.17,0,4
22,42000,RENT,4.0,MEDICAL,C,7000,13.61,0.17,0,2
33,62000,MORTGAGE,3.0,EDUCATION,A,3700,6.39,0.06,0,7
24,56000,RENT,8.0,HOMEIMPROVEMENT,D,9000,15.31,0.16,1,2
33,51000,RENT,0.0,VENTURE,A,11000,9.63,0.22,0,7
27,48000,MORTGAGE,5.0,MEDICAL,A,12000,7.66,0.25,0,10
28,46500,RENT,2.0,EDUCATION,D,22500,14.96,0.48,1,9
29,125000,MORTGAGE,0.0,HOMEIMPROVEMENT,A,10000,5.79,0.08,0,10
40,82531,MORTGAGE,1.0,MEDICAL,A,6000,7.49,0.07,0,14
31,371000,MORTGAGE,0.0,HOMEIMPROVEMENT,A,5875,7.74,0.02,0,9
31,59000,RENT,14.0,DEBTCONSOLIDATION,A,20000,7.51,0.34,0,10
25,108000,MORTGAGE,9.0,PERSONAL,B,4800,12.42,0.04,0,4
22,60000,MORTGAGE,2.0,PERSONAL,A,10000,7.49,0.17,0,4
48,55000,MORTGAGE,7.0,HOMEIMPROVEMENT,C,10000,13.48,0.18,1,11
23,40000,RENT,0.0,VENTURE,C,1500,11.78,0.04,0,2
37,25000,OWN,2.0,VENTURE,B,5000,9.91,0.2,0,11
24,98000,MORTGAGE,0.0,DEBTCONSOLIDATION,D,13200,15.28,0.13,1,3
26,16120,RENT,2.0,PERSONAL,B,5000,11.58,0.31,0,3
38,66000,MORTGAGE,8.0,DEBTCONSOLIDATION,D,5000,12.92,0.08,0,16
23,28800,OWN,2.0,PERSONAL,B,3000,11.11,0.1,0,4
28,42900,RENT,3.0,PERSONAL,B,14000,11.14,0.33,0,5
21,39000,RENT,5.0,PERSONAL,B,9250,9.91,0.24,0,4
31,46992,RENT,1.0,MEDICAL,B,11000,11.14,0.23,0,9
32,68000,RENT,16.0,VENTURE,D,5000,15.7,0.07,0,7
29,52000,RENT,9.0,VENTURE,A,10000,8.0,0.19,0,6
25,144996,MORTGAGE,9.0,DEBTCONSOLIDATION,D,17600,14.84,0.12,0,3
24,55243,MORTGAGE,6.0,MEDICAL,B,2900,9.62,0.04,0,2
29,40000,MORTGAGE,9.0,EDUCATION,C,1400,14.26,0.04,1,5
21,55200,MORTGAGE,5.0,VENTURE,A,8900,6.17,0.16,0,2
31,20000,OWN,5.0,VENTURE,B,5000,11.83,0.25,0,5
23,27996,RENT,3.0,VENTURE,C,5500,12.53,0.2,0,2
23,45843,OWN,2.0,VENTURE,B,11000,11.71,0.24,0,3
22,23000,RENT,2.0,EDUCATION,C,7750,13.48,0.34,1,4
23,102000,MORTGAGE,7.0,EDUCATION,B,10000,11.49,0.1,0,2
24,65000,RENT,5.0,HOMEIMPROVEMENT,D,10000,15.65,0.15,1,4
31,40000,RENT,0.0,VENTURE,B,5000,9.45,0.13,0,10
22,45996,RENT,6.0,EDUCATION,B,2000,11.36,0.04,0,4
34,72000,RENT,7.0,EDUCATION,D,18000,15.95,0.25,1,8
40,150000,MORTGAGE,1.0,EDUCATION,A,7500,8.07,0.05,0,15
25,111996,MORTGAGE,2.0,MEDICAL,C,16000,11.78,0.14,1,4
30,50000,MORTGAGE,14.0,VENTURE,A,5000,7.88,0.1,0,5
24,32000,RENT,1.0,MEDICAL,A,5000,7.49,0.16,0,3
21,40800,RENT,3.0,MEDICAL,C,13000,13.57,0.32,1,2
32,42000,RENT,5.0,VENTURE,C,3500,14.35,0.08,1,7
23,28000,RENT,4.0,EDUCATION,B,7000,10.62,0.25,0,2
31,105000,RENT,9.0,HOMEIMPROVEMENT,B,15000,10.59,0.14,0,8
23,33000,RENT,0.0,EDUCATION,A,7000,6.62,0.21,0,2
27,52000,RENT,0.0,VENTURE,C,22950,13.49,0.44,0,9
26,48000,RENT,1.0,PERSONAL,E,15000,18.64,0.31,1,3
26,90000,MORTGAGE,0.0,EDUCATION,B,6000,9.91,0.07,0,3
25,120000,MORTGAGE,9.0,HOMEIMPROVEMENT,B,28000,10.74,0.23,0,3
26,101000,MORTGAGE,10.0,VENTURE,F,25000,17.46,0.25,0,4
36,52000,RENT,2.0,DEBTCONSOLIDATION,C,7000,13.85,0.13,0,11
31,65000,MORTGAGE,15.0,PERSONAL,D,3000,16.77,0.05,1,7
27,50000,MORTGAGE,3.0,HOMEIMPROVEMENT,B,15000,9.88,0.3,0,5
24,95000,RENT,4.0,PERSONAL,A,2400,5.99,0.03,0,3
25,38004,RENT,6.0,MEDICAL,C,20000,13.11,0.53,0,2
22,74500,MORTGAGE,6.0,DEBTCONSOLIDATION,D,7500,13.17,0.1,0,2
28,31000,RENT,6.0,PERSONAL,B,2400,11.49,0.08,0,6
24,47000,MORTGAGE,5.0,DEBTCONSOLIDATION,C,10000,13.79,0.21,1,4
27,75000,RENT,2.0,VENTURE,A,14000,9.63,0.19,0,7
29,76000,MORTGAGE,13.0,HOMEIMPROVEMENT,F,20000,16.08,0.26,1,6
23,57504,MORTGAGE,1.0,DEBTCONSOLIDATION,A,9000,6.54,0.16,0,3
24,65000,MORTGAGE,7.0,VENTURE,A,1525,5.42,0.02,0,3
27,34800,MORTGAGE,5.0,PERSONAL,B,3000,9.91,0.09,0,6
25,76500,RENT,4.0,DEBTCONSOLIDATION,C,5000,12.53,0.07,0,3
27,85248,RENT,0.0,MEDICAL,B,10000,9.99,0.12,0,9
22,160000,OWN,6.0,VENTURE,A,7000,8.9,0.04,0,3
22,55000,RENT,5.0,EDUCATION,B,2500,10.99,0.05,0,4
24,69996,RENT,7.0,DEBTCONSOLIDATION,B,5000,10.38,0.07,0,4
24,72800,MORTGAGE,8.0,PERSONAL,C,11200,13.79,0.15,0,2
34,135000,RENT,6.0,HOMEIMPROVEMENT,E,20000,17.74,0.15,1,8
27,73400,MORTGAGE,10.0,MEDICAL,A,2100,6.76,0.03,0,5
36,32000,OWN,0.0,EDUCATION,A,1200,7.14,0.04,0,16
37,130000,RENT,2.0,PERSONAL,B,13000,9.88,0.1,0,16
25,40000,MORTGAGE,6.0,MEDICAL,C,5000,12.61,0.13,1,4
26,58195,RENT,3.0,PERSONAL,B,11000,9.91,0.19,0,2
27,140000,MORTGAGE,0.0,HOMEIMPROVEMENT,C,6000,13.57,0.04,0,5
38,87000,RENT,3.0,HOMEIMPROVEMENT,B,24250,10.99,0.28,0,12
27,68000,MORTGAGE,6.0,EDUCATION,C,2000,13.8,0.03,0,5
23,42000,RENT,1.0,VENTURE,C,8000,12.84,0.19,0,4
29,107220,MORTGAGE,9.0,HOMEIMPROVEMENT,B,10000,10.99,0.09,0,10
25,71004,RENT,9.0,PERSONAL,D,20000,14.09,0.28,0,2
23,26000,RENT,1.0,PERSONAL,D,1600,16.29,0.06,1,3
24,73000,RENT,2.0,MEDICAL,B,4600,9.99,0.06,0,2
24,82500,OWN,8.0,VENTURE,A,10000,5.79,0.12,0,4
22,40000,MORTGAGE,5.0,PERSONAL,A,5400,7.42,0.14,0,2
29,60000,MORTGAGE,7.0,MEDICAL,A,8500,6.92,0.14,0,7
27,65000,RENT,11.0,EDUCATION,B,8000,10.37,0.12,0,6
22,45000,RENT,4.0,EDUCATION,A,10000,7.51,0.22,0,2
27,90000,OWN,1.0,VENTURE,A,7500,7.51,0.08,0,6
25,155004,MORTGAGE,9.0,HOMEIMPROVEMENT,A,10500,7.49,0.07,0,2
26,54828,MORTGAGE,10.0,EDUCATION,E,5000,16.82,0.09,0,4
27,45000,MORTGAGE,5.0,DEBTCONSOLIDATION,C,5400,12.99,0.12,0,7
25,39996,RENT,2.0,DEBTCONSOLIDATION,C,5000,13.72,0.13,0,2
24,52000,MORTGAGE,8.0,HOMEIMPROVEMENT,B,15000,10.0,0.29,0,2
24,53000,MORTGAGE,1.0,EDUCATION,D,6400,13.67,0.12,0,2
24,100000,MORTGAGE,0.0,HOMEIMPROVEMENT,C,10000,12.87,0.1,1,4
24,59000,RENT,5.0,MEDICAL,A,3500,8.9,0.06,0,3
24,60000,MORTGAGE,8.0,PERSONAL,D,10000,14.42,0.17,0,4
42,35004,RENT,12.0,MEDICAL,A,1500,7.37,0.04,0,12
36,38568,RENT,7.0,EDUCATION,E,2400,18.39,0.06,1,13
36,250000,MORTGAGE,2.0,VENTURE,A,4000,7.14,0.02,0,12
44,43200,RENT,4.0,MEDICAL,A,6000,5.42,0.14,0,11
21,24996,OWN,3.0,EDUCATION,D,7000,15.58,0.28,0,2
39,168000,RENT,2.0,HOMEIMPROVEMENT,E,18000,17.93,0.11,0,11
24,33600,RENT,1.0,PERSONAL,D,7800,16.49,0.23,0,4
24,88000,MORTGAGE,4.0,MEDICAL,B,6000,9.91,0.07,0,2
24,14400,RENT,4.0,MEDICAL,D,3825,15.31,0.27,0,2
30,44000,RENT,0.0,PERSONAL,D,10500,15.58,0.24,1,10
28,25000,RENT,0.0,HOMEIMPROVEMENT,F,5175,18.43,0.21,1,6
25,20000,RENT,2.0,VENTURE,A,4000,7.29,0.2,0,3
30,100000,MORTGAGE,14.0,EDUCATION,A,13000,7.88,0.13,0,9
22,57000,RENT,0.0,DEBTCONSOLIDATION,C,1800,14.27,0.03,0,3
25,22800,RENT,0.0,MEDICAL,C,6000,13.35,0.26,0,4
24,94000,MORTGAGE,4.0,EDUCATION,B,25000,11.49,0.27,0,4
40,55000,RENT,14.0,EDUCATION,A,18000,7.88,0.33,0,14
25,130000,MORTGAGE,3.0,HOMEIMPROVEMENT,C,8000,13.49,0.06,0,4
23,87000,MORTGAGE,7.0,EDUCATION,A,3500,9.32,0.04,0,3
25,29000,RENT,9.0,EDUCATION,A,3000,6.62,0.1,0,4
31,50000,MORTGAGE,0.0,MEDICAL,B,18225,10.99,0.36,0,10
30,14400,OWN,0.0,MEDICAL,D,5000,14.96,0.35,0,9
22,34000,RENT,4.0,PERSONAL,A,6000,7.49,0.18,0,2
22,36000,MORTGAGE,3.0,EDUCATION,A,5250,7.49,0.15,0,4
22,31224,RENT,0.0,MEDICAL,A,6400,9.32,0.2,0,4
32,51000,MORTGAGE,5.0,MEDICAL,C,15000,13.48,0.29,1,8
32,48400,RENT,1.0,MEDICAL,A,12000,6.62,0.25,0,7
24,34000,MORTGAGE,2.0,HOMEIMPROVEMENT,D,6000,14.11,0.18,0,4
36,24000,RENT,20.0,DEBTCONSOLIDATION,B,10000,11.86,0.42,0,15
29,35000,RENT,12.0,DEBTCONSOLIDATION,A,1800,5.42,0.05,0,5
24,27000,RENT,0.0,VENTURE,B,3000,11.14,0.11,0,2
33,37000,MORTGAGE,2.0,MEDICAL,B,13000,10.36,0.35,0,9
21,12000,RENT,1.0,EDUCATION,C,1000,13.98,0.08,0,2
24,75000,RENT,8.0,PERSONAL,B,10000,9.91,0.13,0,3
27,106000,MORTGAGE,11.0,EDUCATION,B,4000,11.71,0.04,0,8
38,35000,MORTGAGE,7.0,DEBTCONSOLIDATION,A,13075,7.29,0.37,0,16
26,90000,RENT,2.0,PERSONAL,A,10000,7.49,0.11,0,4
24,144000,MORTGAGE,4.0,DEBTCONSOLIDATION,C,8000,14.72,0.06,0,4
26,25104,OWN,0.0,DEBTCONSOLIDATION,D,5400,16.49,0.22,0,2
22,70000,MORTGAGE,2.0,EDUCATION,E,16000,16.63,0.23,1,3
33,46800,RENT,9.0,MEDICAL,C,2000,14.65,0.04,0,6
31,40000,MORTGAGE,5.0,PERSONAL,A,14000,6.03,0.35,0,10
25,82000,MORTGAGE,7.0,PERSONAL,C,7500,12.72,0.09,0,4
21,25000,MORTGAGE,2.0,PERSONAL,B,3600,9.91,0.14,0,4
23,95327,OWN,4.0,VENTURE,A,4325,7.74,0.05,0,2
53,80000,OWN,8.0,PERSONAL,A,15000,6.62,0.19,0,24
23,21000,OWN,4.0,VENTURE,C,3825,14.65,0.18,0,4
33,43000,RENT,6.0,EDUCATION,B,8000,10.0,0.19,0,8
28,63000,MORTGAGE,5.0,DEBTCONSOLIDATION,C,9000,13.72,0.14,1,9
22,17280,RENT,0.0,VENTURE,D,3500,15.31,0.2,1,4
22,50004,RENT,6.0,PERSONAL,B,12000,10.0,0.24,0,2
37,75996,MORTGAGE,2.0,DEBTCONSOLIDATION,A,4400,7.49,0.06,0,17
33,21996,RENT,0.0,VENTURE,C,9250,12.87,0.42,1,8
22,69600,RENT,6.0,DEBTCONSOLIDATION,C,1350,12.68,0.02,1,3
25,120000,RENT,9.0,PERSONAL,C,4800,14.22,0.04,0,3
22,19800,RENT,4.0,MEDICAL,A,8000,7.49,0.4,0,4
25,64000,RENT,9.0,EDUCATION,D,5000,15.33,0.08,1,4
27,228000,MORTGAGE,12.0,HOMEIMPROVEMENT,A,6000,7.14,0.03,0,6
28,65000,RENT,3.0,HOMEIMPROVEMENT,B,7000,12.69,0.11,0,10
23,75000,RENT,7.0,VENTURE,C,18000,12.73,0.24,0,2
23,44000,OWN,7.0,VENTURE,C,5000,13.23,0.11,0,2
30,85332,RENT,3.0,VENTURE,C,14000,14.22,0.16,0,7
50,42000,MORTGAGE,3.0,HOMEIMPROVEMENT,D,10000,14.84,0.24,1,13
33,320000,MORTGAGE,2.0,VENTURE,A,14000,7.91,0.04,0,5
25,127000,MORTGAGE,9.0,PERSONAL,B,6000,9.91,0.05,0,2
35,65867,RENT,3.0,PERSONAL,A,11000,9.32,0.17,0,10
24,56000,MORTGAGE,2.0,EDUCATION,C,5250,12.87,0.09,0,2
22,46300,RENT,1.0,EDUCATION,A,6400,7.49,0.14,0,4
23,58800,RENT,7.0,DEBTCONSOLIDATION,A,20000,7.66,0.34,0,3
22,50000,MORTGAGE,0.0,EDUCATION,A,12800,5.79,0.26,0,3
22,80000,MORTGAGE,5.0,VENTURE,B,9500,11.71,0.12,0,3
23,100000,RENT,4.0,EDUCATION,B,4150,10.65,0.04,0,4
30,160000,RENT,0.0,VENTURE,B,8400,11.89,0.05,0,6
33,48000,MORTGAGE,1.0,PERSONAL,D,20000,16.07,0.42,0,10
22,62000,MORTGAGE,6.0,EDUCATION,A,15075,6.03,0.24,0,2
23,75000,MORTGAGE,5.0,PERSONAL,B,5000,11.12,0.07,0,2
22,52800,MORTGAGE,6.0,PERSONAL,A,7000,6.76,0.13,0,2
22,57600,OWN,6.0,VENTURE,A,6500,7.49,0.11,0,3
23,167300,MORTGAGE,1.0,EDUCATION,B,20000,12.21,0.12,0,2
32,55000,RENT,4.0,HOMEIMPROVEMENT,C,8000,13.48,0.15,0,8
37,74784,RENT,8.0,HOMEIMPROVEMENT,E,15000,14.5,0.2,0,11
47,87000,MORTGAGE,15.0,PERSONAL,A,10000,7.49,0.11,0,11
33,95000,MORTGAGE,17.0,MEDICAL,A,12000,7.29,0.13,0,6
26,100000,RENT,6.0,VENTURE,C,14000,13.85,0.14,0,4
24,71000,MORTGAGE,8.0,EDUCATION,B,20000,11.36,0.28,0,2
27,10000,RENT,2.0,VENTURE,D,1200,14.11,0.12,1,6
26,78000,RENT,8.0,HOMEIMPROVEMENT,C,20000,13.85,0.26,1,4
25,115000,RENT,2.0,HOMEIMPROVEMENT,A,9000,7.51,0.08,0,3
24,21600,RENT,4.0,EDUCATION,B,10000,9.91,0.46,0,3
29,30156,OWN,4.0,VENTURE,A,7000,6.99,0.23,0,10
34,65000,RENT,6.0,MEDICAL,A,17000,8.49,0.26,0,8
21,200000,MORTGAGE,2.0,DEBTCONSOLIDATION,C,25000,13.99,0.13,0,2
50,68000,MORTGAGE,5.0,PERSONAL,B,10000,11.49,0.15,0,16
38,66000,RENT,1.0,PERSONAL,D,10000,15.99,0.15,1,12
41,30000,RENT,3.0,MEDICAL,A,8875,5.42,0.3,0,15
32,70000,MORTGAGE,5.0,VENTURE,A,14000,7.49,0.2,0,10
32,52000,OWN,14.0,VENTURE,A,15000,6.91,0.29,0,6
23,54000,MORTGAGE,3.0,MEDICAL,C,7500,11.03,0.14,1,3
28,113000,MORTGAGE,1.0,PERSONAL,F,13200,18.67,0.12,0,10
21,24000,RENT,4.0,MEDICAL,C,10000,13.48,0.42,0,2
23,103000,MORTGAGE,0.0,DEBTCONSOLIDATION,D,16750,15.31,0.16,0,2
29,45000,OWN,8.0,MEDICAL,B,8000,12.21,0.18,0,10
24,82500,RENT,8.0,MEDICAL,A,9800,7.51,0.12,0,4
25,79000,MORTGAGE,9.0,MEDICAL,A,10000,5.79,0.13,0,3
26,65600,RENT,5.0,EDUCATION,D,10000,13.55,0.15,1,2
30,54383,RENT,5.0,HOMEIMPROVEMENT,D,25000,15.65,0.46,1,7
29,54000,MORTGAGE,9.0,DEBTCONSOLIDATION,A,12000,9.32,0.22,0,7
33,55000,RENT,3.0,EDUCATION,C,6000,13.35,0.11,1,5
21,30000,RENT,5.0,VENTURE,B,10000,11.99,0.33,0,4
34,91200,RENT,5.0,MEDICAL,A,12000,6.92,0.13,0,7
27,110000,MORTGAGE,3.0,DEBTCONSOLIDATION,B,25000,10.99,0.23,0,6
23,30000,RENT,3.0,EDUCATION,B,6000,11.71,0.2,0,3
24,52500,RENT,1.0,EDUCATION,C,9500,14.79,0.18,1,3
23,80000,OWN,2.0,EDUCATION,F,6000,19.13,0.07,1,4
48,92000,RENT,6.0,DEBTCONSOLIDATION,B,16500,12.69,0.18,0,15
22,24000,RENT,2.0,PERSONAL,A,5000,8.94,0.21,0,3
22,68000,MORTGAGE,6.0,MEDICAL,A,13000,7.88,0.19,0,2
21,39900,RENT,0.0,EDUCATION,A,12000,7.9,0.3,0,4
37,528000,RENT,4.0,VENTURE,D,15000,15.31,0.03,0,12
24,40000,RENT,8.0,MEDICAL,B,2800,10.25,0.07,0,2
29,100000,MORTGAGE,1.0,DEBTCONSOLIDATION,A,12000,6.91,0.12,0,10
24,48000,MORTGAGE,4.0,VENTURE,A,5000,5.99,0.1,0,4
23,40000,RENT,3.0,DEBTCONSOLIDATION,A,2400,8.9,0.06,0,3
23,37000,OWN,6.0,MEDICAL,A,1125,5.79,0.03,0,3
40,16800,RENT,8.0,PERSONAL,A,5000,8.94,0.3,0,17
29,67171,RENT,13.0,MEDICAL,A,1600,8.9,0.02,0,7
28,62000,RENT,2.0,PERSONAL,B,3000,9.96,0.05,0,9
24,70000,OWN,8.0,PERSONAL,B,24250,12.18,0.35,0,2
28,106358,MORTGAGE,5.0,EDUCATION,A,13125,7.66,0.12,0,7
26,27138,MORTGAGE,10.0,DEBTCONSOLIDATION,B,2750,9.63,0.1,0,2
25,43500,RENT,0.0,MEDICAL,A,4500,6.76,0.1,0,2
26,72000,RENT,4.0,HOMEIMPROVEMENT,B,4800,11.86,0.07,0,3
29,30000,MORTGAGE,4.0,HOMEIMPROVEMENT,A,5000,7.51,0.17,0,8
28,78996,MORTGAGE,10.0,HOMEIMPROVEMENT,C,12000,13.16,0.15,1,5
29,110000,RENT,4.0,HOMEIMPROVEMENT,E,24000,18.39,0.22,1,8
24,85000,RENT,1.0,VENTURE,A,10500,6.92,0.12,0,3
30,100000,RENT,1.0,MEDICAL,B,1000,11.71,0.01,0,7
26,44000,MORTGAGE,8.0,MEDICAL,G,12000,18.84,0.27,1,3
27,45000,RENT,9.0,DEBTCONSOLIDATION,A,10000,7.51,0.22,0,5
23,50000,MORTGAGE,6.0,EDUCATION,B,17000,12.42,0.34,0,3
22,50000,RENT,4.0,PERSONAL,A,10000,6.17,0.2,0,3
26,145000,MORTGAGE,9.0,HOMEIMPROVEMENT,B,20000,10.25,0.14,0,2
24,38000,OWN,2.0,HOMEIMPROVEMENT,C,5000,12.53,0.13,0,3
32,37076,RENT,3.0,PERSONAL,B,12000,12.42,0.32,0,7
24,114800,RENT,6.0,PERSONAL,A,10000,8.94,0.09,0,4
29,72000,RENT,4.0,DEBTCONSOLIDATION,C,7800,13.48,0.11,1,8
25,52000,MORTGAGE,8.0,EDUCATION,C,3900,13.48,0.07,1,4
25,62000,MORTGAGE,2.0,HOMEIMPROVEMENT,E,20000,17.04,0.32,0,3
23,120000,MORTGAGE,7.0,VENTURE,C,6000,13.06,0.05,1,3
25,69000,MORTGAGE,7.0,HOMEIMPROVEMENT,A,9600,7.49,0.14,0,3
41,69350,RENT,5.0,EDUCATION,A,10800,5.42,0.16,0,13
32,105000,MORTGAGE,5.0,EDUCATION,A,12100,5.99,0.12,0,6
31,120000,MORTGAGE,8.0,EDUCATION,A,20000,7.49,0.17,0,6
29,30000,RENT,3.0,MEDICAL,B,4400,11.49,0.15,0,6
24,12000,OWN,4.0,PERSONAL,B,2500,12.69,0.21,0,4
24,24000,RENT,1.0,EDUCATION,A,1500,7.49,0.06,0,3
29,95000,MORTGAGE,4.0,DEBTCONSOLIDATION,A,20000,6.54,0.21,0,9
24,30000,MORTGAGE,4.0,DEBTCONSOLIDATION,A,3075,7.49,0.1,0,4
29,125000,MORTGAGE,13.0,EDUCATION,A,14400,5.79,0.12,0,10
30,61000,RENT,4.0,EDUCATION,A,12000,6.92,0.2,0,9
25,36000,RENT,6.0,PERSONAL,B,15000,10.99,0.42,0,3
22,41600,MORTGAGE,0.0,DEBTCONSOLIDATION,B,6800,10.59,0.16,0,3
27,34000,RENT,0.0,DEBTCONSOLIDATION,C,5600,15.96,0.16,1,10
64,46000,RENT,2.0,PERSONAL,C,4800,11.09,0.1,1,24
30,85000,RENT,4.0,HOMEIMPROVEMENT,A,7000,8.9,0.08,0,5
22,31000,RENT,7.0,MEDICAL,D,9250,14.11,0.3,0,4
30,77000,RENT,7.0,VENTURE,B,20000,12.42,0.26,0,8
22,75000,RENT,2.0,EDUCATION,B,21000,10.0,0.28,0,3
28,48000,RENT,5.0,PERSONAL,B,15000,11.99,0.31,0,7
29,97000,OWN,3.0,MEDICAL,B,12000,11.83,0.12,0,7
22,62500,RENT,0.0,PERSONAL,C,11100,13.48,0.18,1,3
28,48996,RENT,12.0,MEDICAL,B,10000,10.37,0.2,0,9
23,84000,OWN,7.0,EDUCATION,A,17500,8.9,0.21,0,3
33,135000,MORTGAGE,0.0,VENTURE,A,10000,7.51,0.07,0,10
26,135000,MORTGAGE,11.0,EDUCATION,A,6700,6.03,0.05,0,4
29,96000,MORTGAGE,1.0,DEBTCONSOLIDATION,A,11200,5.42,0.12,0,9
29,65000,RENT,1.0,EDUCATION,B,12800,9.45,0.2,0,10
28,75000,RENT,4.0,EDUCATION,A,6000,6.92,0.08,0,6
25,25000,OWN,9.0,VENTURE,A,6000,7.51,0.24,0,2
22,22800,MORTGAGE,0.0,EDUCATION,A,3000,8.94,0.13,0,2
26,9600,RENT,4.0,VENTURE,D,2950,17.49,0.31,1,2
37,108996,RENT,15.0,EDUCATION,C,16000,13.11,0.15,1,13
24,23000,RENT,4.0,MEDICAL,A,5500,6.54,0.24,0,3
37,88000,MORTGAGE,20.0,HOMEIMPROVEMENT,B,9925,10.99,0.11,0,16
26,34000,RENT,3.0,PERSONAL,D,5500,16.89,0.16,1,2
36,42000,RENT,7.0,PERSONAL,B,15600,10.99,0.37,0,14
23,100000,RENT,4.0,VENTURE,B,4150,10.65,0.04,0,2
29,192000,MORTGAGE,6.0,VENTURE,C,15000,14.27,0.08,1,6
33,99996,MORTGAGE,14.0,PERSONAL,B,6000,11.11,0.06,0,7
36,74000,MORTGAGE,20.0,HOMEIMPROVEMENT,F,25000,17.8,0.34,1,11
30,60000,OWN,11.0,MEDICAL,A,20000,6.17,0.33,0,5
27,15600,RENT,11.0,MEDICAL,B,2800,10.65,0.18,0,7
23,25000,RENT,4.0,DEBTCONSOLIDATION,B,6475,9.91,0.26,0,3
35,130000,MORTGAGE,15.0,HOMEIMPROVEMENT,C,7000,13.98,0.05,1,5
22,27000,MORTGAGE,1.0,EDUCATION,B,12000,10.99,0.44,0,3
24,46809,RENT,4.0,DEBTCONSOLIDATION,B,5000,12.18,0.11,0,4
23,54000,RENT,1.0,EDUCATION,D,10000,14.42,0.19,0,3
24,150000,MORTGAGE,5.0,DEBTCONSOLIDATION,B,20000,10.51,0.13,0,4
26,129996,RENT,6.0,PERSONAL,B,25000,10.75,0.19,0,3
28,50000,OWN,3.0,EDUCATION,A,3200,8.49,0.06,0,5
33,75000,OWN,17.0,PERSONAL,A,6000,7.68,0.08,0,7
26,85000,MORTGAGE,10.0,HOMEIMPROVEMENT,C,4800,11.59,0.06,1,2
26,52000,RENT,10.0,HOMEIMPROVEMENT,E,6000,15.68,0.12,0,3
23,75000,RENT,8.0,EDUCATION,C,7500,13.48,0.1,1,3
36,62962,RENT,2.0,EDUCATION,B,15000,11.71,0.24,0,13
26,50000,OWN,6.0,EDUCATION,B,3000,9.91,0.06,0,2
36,80000,MORTGAGE,9.0,EDUCATION,C,6000,13.48,0.07,0,11
37,60000,RENT,0.0,VENTURE,C,9700,13.61,0.16,1,11
29,120000,OWN,4.0,VENTURE,A,7000,8.49,0.06,0,7
36,120000,MORTGAGE,12.0,HOMEIMPROVEMENT,A,14500,5.42,0.12,0,13
22,54996,RENT,6.0,EDUCATION,C,2500,14.35,0.05,1,4
22,34480,RENT,4.0,VENTURE,D,1550,15.21,0.04,1,3
28,34000,MORTGAGE,7.0,HOMEIMPROVEMENT,C,2500,12.23,0.07,1,9
23,80196,OWN,2.0,PERSONAL,B,30000,9.91,0.37,0,3
32,150000,MORTGAGE,16.0,MEDICAL,A,16000,6.03,0.11,0,10
22,69996,MORTGAGE,6.0,DEBTCONSOLIDATION,B,15000,12.21,0.21,0,2
31,65000,RENT,9.0,VENTURE,B,20000,10.65,0.31,0,8
25,109000,MORTGAGE,5.0,DEBTCONSOLIDATION,B,15000,10.25,0.14,0,3
23,150000,RENT,4.0,EDUCATION,B,25000,10.36,0.17,0,3
34,135000,MORTGAGE,7.0,EDUCATION,C,15000,13.47,0.11,1,7
23,45600,OWN,7.0,MEDICAL,B,1000,9.62,0.02,0,4
25,80000,MORTGAGE,9.0,DEBTCONSOLIDATION,A,13000,6.54,0.16,0,3
23,78000,MORTGAGE,1.0,DEBTCONSOLIDATION,C,8000,12.87,0.1,1,3
26,60000,MORTGAGE,8.0,HOMEIMPROVEMENT,B,12000,10.65,0.2,0,2
37,12360,RENT,3.0,VENTURE,B,4000,9.99,0.32,0,13
21,47580,MORTGAGE,5.0,EDUCATION,A,14000,6.03,0.29,0,2
28,64049,MORTGAGE,7.0,PERSONAL,B,20000,12.69,0.31,0,8
31,190000,MORTGAGE,4.0,DEBTCONSOLIDATION,A,9000,6.03,0.05,0,7
37,25000,RENT,6.0,EDUCATION,B,7500,10.99,0.3,0,15
31,144000,RENT,0.0,EDUCATION,G,13000,21.21,0.09,0,6
23,110000,RENT,2.0,VENTURE,B,20000,10.99,0.18,0,2
25,35000,RENT,6.0,PERSONAL,B,3500,11.58,0.1,0,3
27,38300,MORTGAGE,2.0,PERSONAL,B,6000,10.99,0.16,0,10
24,86250,RENT,1.0,HOMEIMPROVEMENT,B,9000,12.69,0.1,0,2
39,17760,OWN,0.0,MEDICAL,A,4375,5.42,0.25,0,17
31,57240,MORTGAGE,1.0,EDUCATION,A,10000,5.99,0.17,0,6
22,19680,RENT,2.0,EDUCATION,D,7750,14.83,0.39,1,3
29,70000,RENT,4.0,EDUCATION,E,5000,16.82,0.07,0,6
33,105000,MORTGAGE,6.0,PERSONAL,C,5150,12.41,0.05,1,9
31,30000,RENT,2.0,PERSONAL,B,3000,10.95,0.1,0,8
22,33504,RENT,3.0,PERSONAL,C,12000,13.98,0.36,1,3
24,10000,RENT,0.0,VENTURE,B,1400,10.83,0.14,0,4
28,58650,MORTGAGE,5.0,MEDICAL,D,20000,14.91,0.29,1,10
27,17000,RENT,1.0,VENTURE,A,1000,7.29,0.06,0,5
27,144000,MORTGAGE,11.0,EDUCATION,D,16000,16.77,0.11,1,6
25,50000,MORTGAGE,9.0,VENTURE,A,6400,8.32,0.13,0,4
26,120000,MORTGAGE,10.0,HOMEIMPROVEMENT,C,5600,13.49,0.05,1,3
23,105000,MORTGAGE,3.0,MEDICAL,B,20000,11.48,0.19,0,2
24,50400,RENT,8.0,DEBTCONSOLIDATION,A,1500,7.49,0.03,0,2
23,200000,MORTGAGE,7.0,VENTURE,B,21000,12.69,0.1,0,2
28,42000,RENT,9.0,MEDICAL,D,12250,14.59,0.29,0,10
32,49000,RENT,2.0,HOMEIMPROVEMENT,B,12000,11.11,0.24,0,9
30,52000,MORTGAGE,9.0,PERSONAL,D,9000,12.49,0.17,1,6
45,35000,OTHER,6.0,PERSONAL,B,4800,10.99,0.14,0,12
27,108928,MORTGAGE,9.0,EDUCATION,A,17600,7.88,0.16,0,8
22,37000,MORTGAGE,3.0,DEBTCONSOLIDATION,A,15000,6.54,0.41,0,3
40,66000,RENT,0.0,DEBTCONSOLIDATION,C,15575,14.27,0.24,1,13
22,45000,RENT,0.0,MEDICAL,B,3500,12.53,0.08,0,3
43,57000,MORTGAGE,0.0,EDUCATION,A,2725,7.49,0.05,0,12
23,97000,MORTGAGE,7.0,EDUCATION,A,4800,7.49,0.05,0,2
22,27000,OWN,0.0,MEDICAL,B,7750,10.37,0.29,0,3
29,60000,MORTGAGE,2.0,HOMEIMPROVEMENT,C,6000,13.49,0.1,1,8
23,22000,RENT,2.0,MEDICAL,B,3200,12.69,0.15,0,4
37,33280,RENT,2.0,DEBTCONSOLIDATION,C,8400,13.92,0.25,0,11
29,159996,OWN,1.0,HOMEIMPROVEMENT,B,10000,11.86,0.06,0,7
43,60000,MORTGAGE,2.0,MEDICAL,A,9250,5.79,0.15,0,17
24,48000,OWN,2.0,EDUCATION,C,15000,13.06,0.31,0,4
28,55000,RENT,5.0,PERSONAL,C,16000,13.98,0.29,1,9
29,75000,OWN,3.0,HOMEIMPROVEMENT,A,12000,7.51,0.16,0,5
34,30412,RENT,4.0,MEDICAL,B,12000,10.38,0.39,0,5
25,115000,MORTGAGE,3.0,DEBTCONSOLIDATION,C,19000,13.49,0.17,0,4
22,30000,MORTGAGE,6.0,VENTURE,A,6950,9.32,0.23,0,4
24,56000,OWN,8.0,EDUCATION,B,2000,11.49,0.04,0,2
31,96000,MORTGAGE,4.0,MEDICAL,A,9600,5.99,0.1,0,5
31,45000,RENT,5.0,MEDICAL,A,14000,7.91,0.31,0,5
23,60000,MORTGAGE,5.0,DEBTCONSOLIDATION,B,10000,11.71,0.17,0,4
29,115000,OWN,12.0,EDUCATION,D,35000,15.28,0.3,1,5
25,67200,RENT,3.0,HOMEIMPROVEMENT,C,12000,13.49,0.18,1,4
22,40000,MORTGAGE,1.0,EDUCATION,B,13025,10.14,0.33,0,3
27,80000,RENT,3.0,DEBTCONSOLIDATION,B,4000,12.69,0.05,0,8
22,76296,MORTGAGE,6.0,VENTURE,A,18000,7.88,0.24,0,3
23,39000,RENT,3.0,PERSONAL,B,10000,11.99,0.26,0,3
25,57000,OWN,9.0,MEDICAL,B,12000,10.59,0.21,0,3
31,45000,RENT,0.0,EDUCATION,C,4000,13.43,0.09,0,6
30,110000,MORTGAGE,0.0,MEDICAL,A,6000,6.92,0.05,0,8
41,65000,RENT,3.0,EDUCATION,C,10000,13.48,0.15,0,15
23,58800,RENT,7.0,PERSONAL,B,3000,10.36,0.05,0,4
24,40000,OWN,4.0,PERSONAL,C,2000,14.35,0.05,0,2
43,138000,MORTGAGE,4.0,HOMEIMPROVEMENT,A,9900,6.99,0.07,0,14
31,80000,RENT,4.0,PERSONAL,C,3500,12.99,0.04,1,7
26,110000,MORTGAGE,4.0,VENTURE,B,5000,9.63,0.05,0,2
22,48000,RENT,1.0,MEDICAL,B,13000,9.99,0.27,0,2
24,44475,OWN,1.0,VENTURE,B,5000,10.65,0.11,0,3
30,65136,MORTGAGE,0.0,PERSONAL,C,6250,12.87,0.1,1,9
23,33359,RENT,2.0,MEDICAL,A,9000,7.49,0.27,0,4
21,91500,MORTGAGE,4.0,PERSONAL,C,8000,13.61,0.09,0,2
30,45000,MORTGAGE,4.0,DEBTCONSOLIDATION,B,4450,10.37,0.1,0,6
27,90000,RENT,1.0,VENTURE,B,6000,11.71,0.07,0,8
24,75000,OWN,4.0,MEDICAL,A,9600,8.94,0.13,0,3
23,33000,MORTGAGE,3.0,PERSONAL,D,8325,15.99,0.25,0,3
24,78956,RENT,5.0,MEDICAL,B,35000,11.11,0.44,0,4
26,67500,RENT,0.0,EDUCATION,B,3000,8.88,0.04,0,2
36,37400,MORTGAGE,2.0,PERSONAL,B,6250,6.0,0.17,0,14
25,52000,RENT,1.0,EDUCATION,B,20000,11.36,0.38,0,4
30,81004,RENT,3.0,VENTURE,A,10000,6.91,0.12,0,9
25,57424,RENT,2.0,MEDICAL,D,12000,15.31,0.18,0,4
28,128000,MORTGAGE,11.0,DEBTCONSOLIDATION,G,14400,22.11,0.11,1,8
27,50000,OWN,4.0,PERSONAL,B,5125,9.99,0.1,0,10
37,72800,MORTGAGE,0.0,EDUCATION,B,23000,11.58,0.32,0,17
24,132996,MORTGAGE,3.0,VENTURE,B,5000,10.99,0.04,0,3
28,40000,MORTGAGE,9.0,DEBTCONSOLIDATION,B,19200,9.91,0.48,0,6
30,14800,RENT,5.0,DEBTCONSOLIDATION,A,1200,8.0,0.08,0,9
27,40000,RENT,2.0,EDUCATION,A,3000,7.4,0.07,0,9
40,30000,RENT,4.0,MEDICAL,D,5500,14.74,0.18,0,12
26,55080,MORTGAGE,10.0,MEDICAL,A,2500,7.66,0.04,0,3
28,29000,MORTGAGE,6.0,DEBTCONSOLIDATION,C,5600,13.48,0.19,0,5
24,49000,MORTGAGE,0.0,MEDICAL,B,5000,12.18,0.1,0,3
23,30000,RENT,1.0,MEDICAL,B,14000,11.26,0.47,0,3
27,125000,MORTGAGE,1.0,HOMEIMPROVEMENT,A,24000,6.91,0.19,0,8
22,52000,MORTGAGE,6.0,DEBTCONSOLIDATION,D,14825,15.62,0.29,0,3
23,97000,RENT,7.0,EDUCATION,C,10000,13.99,0.1,0,3
26,46800,MORTGAGE,3.0,DEBTCONSOLIDATION,B,12725,12.42,0.27,0,3
31,46300,MORTGAGE,16.0,PERSONAL,A,7500,7.88,0.16,0,6
24,78000,RENT,1.0,DEBTCONSOLIDATION,B,3500,11.83,0.04,0,3
28,37000,MORTGAGE,6.0,MEDICAL,A,18250,7.49,0.49,0,10
36,55500,MORTGAGE,15.0,EDUCATION,B,7875,11.99,0.14,0,12
27,28000,RENT,8.0,MEDICAL,A,12000,7.51,0.43,0,9
23,54000,MORTGAGE,7.0,DEBTCONSOLIDATION,A,1400,5.42,0.03,0,4
34,115000,MORTGAGE,11.0,MEDICAL,A,6000,5.79,0.05,0,9
31,38400,RENT,3.0,EDUCATION,C,2200,13.06,0.06,1,10
35,70000,OWN,6.0,VENTURE,B,17000,9.88,0.24,0,6
33,130000,MORTGAGE,9.0,PERSONAL,D,25000,15.33,0.19,1,10
28,77250,RENT,1.0,PERSONAL,B,10000,9.2,0.13,0,7
26,85000,MORTGAGE,1.0,PERSONAL,A,7200,8.9,0.08,0,4
39,95000,OWN,6.0,HOMEIMPROVEMENT,B,8000,12.69,0.08,0,14
22,44000,RENT,1.0,VENTURE,E,16000,16.35,0.36,0,4
30,30809,RENT,1.0,EDUCATION,B,11200,11.99,0.36,0,7
21,26000,RENT,2.0,MEDICAL,E,7750,16.7,0.3,1,2
32,66300,MORTGAGE,5.0,DEBTCONSOLIDATION,A,6075,6.03,0.09,0,10
26,48000,MORTGAGE,7.0,MEDICAL,A,10000,7.49,0.21,0,3
22,48000,RENT,6.0,DEBTCONSOLIDATION,A,16500,8.9,0.34,0,3
30,79000,MORTGAGE,11.0,DEBTCONSOLIDATION,C,20000,13.72,0.25,0,10
32,150000,MORTGAGE,0.0,PERSONAL,E,24000,17.04,0.16,1,9
29,80000,RENT,3.0,EDUCATION,D,10000,17.27,0.13,0,8
26,80690,RENT,8.0,PERSONAL,A,30000,7.49,0.37,0,3
34,48000,RENT,14.0,PERSONAL,D,10000,15.7,0.21,1,9
33,400000,MORTGAGE,9.0,MEDICAL,A,15000,6.03,0.04,0,6
24,87000,MORTGAGE,7.0,VENTURE,B,15000,10.99,0.17,0,2
29,32000,RENT,1.0,MEDICAL,D,6525,16.07,0.2,1,9
44,29088,RENT,3.0,DEBTCONSOLIDATION,B,7200,11.71,0.25,0,17
25,32000,RENT,1.0,MEDICAL,E,2500,16.45,0.08,1,2
25,62000,RENT,3.0,VENTURE,A,17000,5.99,0.27,0,3
29,25000,OWN,9.0,HOMEIMPROVEMENT,B,2500,9.62,0.1,0,5
37,32000,RENT,0.0,VENTURE,A,12000,7.49,0.38,0,15
25,47000,RENT,2.0,MEDICAL,C,12000,15.96,0.26,1,2
31,260000,MORTGAGE,6.0,DEBTCONSOLIDATION,C,25000,13.57,0.1,1,10
41,75000,MORTGAGE,19.0,EDUCATION,C,5500,12.87,0.07,1,16
33,62000,RENT,4.0,VENTURE,B,8000,11.48,0.13,0,7
23,85000,RENT,0.0,PERSONAL,B,12000,10.37,0.14,0,4
26,47000,OWN,8.0,VENTURE,A,12500,8.49,0.27,0,2
21,40000,RENT,1.0,EDUCATION,B,6000,10.08,0.15,0,3
21,50000,RENT,4.0,EDUCATION,B,11000,10.0,0.22,0,3
21,33009,OWN,5.0,VENTURE,B,12000,11.48,0.36,0,4
24,68900,MORTGAGE,2.0,HOMEIMPROVEMENT,B,19500,11.83,0.28,0,2
30,125000,MORTGAGE,14.0,VENTURE,C,7000,13.48,0.06,0,7
36,115000,MORTGAGE,13.0,VENTURE,A,10000,5.42,0.09,0,15
24,62100,MORTGAGE,8.0,EDUCATION,C,6000,12.53,0.1,0,2
26,36000,MORTGAGE,10.0,VENTURE,A,9000,5.42,0.25,0,4
25,44000,RENT,1.0,EDUCATION,B,6000,12.69,0.14,0,4
21,50000,RENT,1.0,MEDICAL,B,7000,10.37,0.14,0,4
66,54000,RENT,3.0,MEDICAL,D,8000,16.02,0.15,1,26
31,24000,RENT,0.0,DEBTCONSOLIDATION,A,9925,6.62,0.41,0,6
26,45000,RENT,0.0,DEBTCONSOLIDATION,B,9000,10.39,0.2,0,2
26,60000,MORTGAGE,10.0,MEDICAL,A,5000,6.92,0.08,0,4
27,49200,RENT,4.0,DEBTCONSOLIDATION,C,4800,14.65,0.1,0,7
34,121000,MORTGAGE,8.0,HOMEIMPROVEMENT,D,12000,14.59,0.1,1,8
26,125000,RENT,10.0,MEDICAL,B,3000,12.21,0.02,0,4
22,48000,MORTGAGE,4.0,PERSONAL,A,6500,6.17,0.14,0,2
30,54000,RENT,2.0,VENTURE,C,4800,13.23,0.09,0,8
27,44004,RENT,0.0,PERSONAL,C,5000,13.79,0.11,0,8
30,66000,MORTGAGE,15.0,DEBTCONSOLIDATION,B,15000,11.14,0.23,0,5
23,93000,OWN,7.0,VENTURE,C,25000,12.73,0.27,0,3
21,18000,RENT,2.0,PERSONAL,B,4500,10.38,0.25,0,2
24,70399,RENT,0.0,MEDICAL,A,1000,8.59,0.01,0,3
24,65000,MORTGAGE,9.0,PERSONAL,C,4200,15.27,0.06,0,2
28,34000,RENT,4.0,PERSONAL,A,5000,7.9,0.15,0,5
28,113000,RENT,9.0,DEBTCONSOLIDATION,C,19975,13.92,0.18,0,9
29,130000,MORTGAGE,7.0,DEBTCONSOLIDATION,C,18000,13.22,0.14,1,8
23,44724,RENT,7.0,VENTURE,B,6500,10.96,0.15,0,3
22,42500,RENT,7.0,MEDICAL,D,11850,14.11,0.28,1,2
41,21000,RENT,1.0,MEDICAL,A,5500,5.79,0.26,0,14
24,59000,RENT,5.0,EDUCATION,C,15000,14.79,0.25,1,3
34,62000,RENT,1.0,HOMEIMPROVEMENT,A,6000,7.49,0.1,0,9
22,50000,OWN,3.0,EDUCATION,A,5000,7.29,0.1,0,4
29,40000,MORTGAGE,9.0,PERSONAL,A,5000,6.99,0.13,0,7
29,47500,RENT,0.0,PERSONAL,A,12000,8.94,0.25,0,5
27,45000,MORTGAGE,4.0,EDUCATION,B,10000,10.65,0.22,0,8
22,39996,RENT,2.0,EDUCATION,C,4500,13.43,0.11,0,4
24,65000,RENT,8.0,MEDICAL,B,15000,9.88,0.23,0,2
22,70000,MORTGAGE,1.0,EDUCATION,A,8000,7.49,0.11,0,3
26,60000,MORTGAGE,2.0,MEDICAL,B,5000,10.99,0.08,0,4
23,11820,RENT,4.0,DEBTCONSOLIDATION,C,1000,14.65,0.08,0,3
21,9000,RENT,4.0,HOMEIMPROVEMENT,C,3000,15.23,0.33,0,4
30,45000,RENT,0.0,MEDICAL,B,4800,10.37,0.11,0,6
25,95111,MORTGAGE,9.0,PERSONAL,C,18000,14.72,0.19,0,4
24,54996,RENT,2.0,HOMEIMPROVEMENT,B,23600,11.89,0.43,0,4
25,70000,MORTGAGE,9.0,MEDICAL,C,12800,13.11,0.18,1,4
22,51996,MORTGAGE,6.0,EDUCATION,A,9600,7.14,0.18,0,4
38,20640,RENT,2.0,MEDICAL,C,3500,12.61,0.17,1,16
41,88000,MORTGAGE,5.0,HOMEIMPROVEMENT,A,4000,7.14,0.05,0,17
45,51000,MORTGAGE,2.0,MEDICAL,A,7000,7.88,0.14,0,12
32,27000,RENT,2.0,MEDICAL,C,6000,12.73,0.22,0,10
24,24000,RENT,1.0,MEDICAL,B,6000,11.99,0.25,0,4
36,85000,RENT,3.0,MEDICAL,A,3825,5.42,0.04,0,15
25,30720,RENT,2.0,HOMEIMPROVEMENT,C,11000,13.72,0.36,0,2
24,41600,RENT,0.0,MEDICAL,B,8000,10.59,0.19,0,4
27,53400,MORTGAGE,8.0,PERSONAL,B,4000,9.99,0.07,0,6
26,45000,MORTGAGE,0.0,DEBTCONSOLIDATION,C,7750,12.53,0.17,0,4
21,32000,RENT,6.0,PERSONAL,C,15000,15.27,0.47,1,3
31,62004,RENT,1.0,VENTURE,C,10000,12.84,0.16,0,5
43,61000,MORTGAGE,3.0,DEBTCONSOLIDATION,E,16000,16.82,0.26,1,17
35,35000,MORTGAGE,4.0,PERSONAL,B,8000,9.91,0.23,0,5
24,80000,RENT,7.0,EDUCATION,E,4400,19.03,0.06,1,2
25,32000,MORTGAGE,7.0,PERSONAL,B,3250,10.74,0.1,0,2
28,170000,MORTGAGE,3.0,MEDICAL,B,4000,10.99,0.02,0,10
23,39996,RENT,6.0,PERSONAL,B,12000,9.63,0.3,0,2
28,123000,OWN,0.0,DEBTCONSOLIDATION,G,22000,20.86,0.18,1,8
31,75000,MORTGAGE,4.0,MEDICAL,B,13800,10.99,0.18,0,9
24,24000,RENT,0.0,VENTURE,B,4000,12.21,0.17,0,2
23,20800,RENT,4.0,EDUCATION,D,3200,14.84,0.15,0,2
26,50000,MORTGAGE,2.0,PERSONAL,D,20000,13.3,0.4,0,3
65,76000,RENT,3.0,HOMEIMPROVEMENT,B,35000,10.99,0.46,0,28
24,30996,RENT,7.0,VENTURE,E,7000,16.63,0.23,1,2
34,30000,RENT,2.0,HOMEIMPROVEMENT,A,12000,8.9,0.4,0,8
30,182004,MORTGAGE,2.0,PERSONAL,A,7200,6.62,0.04,0,5
24,18287,OWN,3.0,HOMEIMPROVEMENT,B,3000,11.99,0.16,0,3
23,81000,RENT,5.0,EDUCATION,B,3500,10.75,0.04,0,3
26,37000,RENT,0.0,PERSONAL,B,14000,9.88,0.38,0,2
28,110000,MORTGAGE,3.0,VENTURE,A,11000,5.79,0.1,0,7
22,110000,MORTGAGE,5.0,PERSONAL,C,8000,12.98,0.07,0,4
22,30000,OWN,6.0,EDUCATION,A,2500,7.29,0.08,0,3
25,66000,RENT,9.0,VENTURE,D,25000,15.33,0.38,1,2
42,25000,RENT,4.0,MEDICAL,A,10000,6.99,0.4,0,17
22,52000,MORTGAGE,6.0,PERSONAL,A,4800,8.59,0.09,0,2
26,65000,MORTGAGE,2.0,HOMEIMPROVEMENT,A,10000,6.62,0.15,0,3
21,83000,MORTGAGE,4.0,MEDICAL,A,8500,8.0,0.1,0,4
24,103000,MORTGAGE,8.0,HOMEIMPROVEMENT,B,6400,10.37,0.06,0,3
23,39000,RENT,5.0,PERSONAL,C,8400,13.79,0.22,0,2
60,150000,MORTGAGE,1.0,PERSONAL,A,10000,5.79,0.07,0,18
55,28800,OWN,1.0,PERSONAL,D,5000,15.33,0.17,0,22
23,39600,MORTGAGE,8.0,EDUCATION,A,8250,9.32,0.21,0,2
27,45000,RENT,4.0,MEDICAL,C,10000,14.22,0.22,1,6
33,45600,MORTGAGE,1.0,EDUCATION,A,4000,5.99,0.09,0,10
28,60000,RENT,8.0,EDUCATION,A,10000,8.9,0.17,0,9
25,110000,MORTGAGE,9.0,DEBTCONSOLIDATION,D,12000,15.99,0.11,0,3
26,41892,RENT,8.0,EDUCATION,C,11300,13.22,0.27,0,4
29,70000,RENT,13.0,PERSONAL,D,16000,14.42,0.23,1,6
23,60000,MORTGAGE,7.0,VENTURE,A,7200,7.49,0.12,0,4
30,72000,MORTGAGE,3.0,PERSONAL,B,12000,10.95,0.17,0,5
24,70000,MORTGAGE,8.0,DEBTCONSOLIDATION,B,7000,9.99,0.1,0,4
22,63211,RENT,7.0,DEBTCONSOLIDATION,B,6500,11.86,0.1,0,2
26,86000,MORTGAGE,10.0,VENTURE,B,5000,11.12,0.06,0,2
34,39000,RENT,0.0,DEBTCONSOLIDATION,B,7500,9.45,0.19,0,9
22,60000,OWN,3.0,PERSONAL,D,8700,15.58,0.14,1,4
24,43995,RENT,4.0,EDUCATION,C,7400,13.99,0.17,1,3
21,28800,RENT,5.0,MEDICAL,B,8000,9.88,0.28,0,2
28,30996,RENT,7.0,MEDICAL,B,4000,10.65,0.13,0,5
23,24000,MORTGAGE,2.0,MEDICAL,D,5000,15.99,0.21,1,2
47,45000,OWN,10.0,MEDICAL,A,11200,6.62,0.25,0,12
26,95004,MORTGAGE,10.0,HOMEIMPROVEMENT,B,24250,8.88,0.26,0,3
24,80000,MORTGAGE,8.0,EDUCATION,B,18000,10.62,0.23,0,2
21,34000,MORTGAGE,5.0,EDUCATION,B,10000,10.62,0.29,0,2
29,56500,RENT,3.0,MEDICAL,B,7000,10.99,0.12,0,8
22,31200,RENT,7.0,EDUCATION,B,12000,10.99,0.38,0,2
22,24702,RENT,4.0,EDUCATION,C,2000,13.23,0.08,1,4
34,74700,OWN,10.0,MEDICAL,B,14000,9.91,0.19,0,5
31,200000,MORTGAGE,1.0,MEDICAL,B,7800,9.63,0.04,0,8
23,107806,RENT,3.0,VENTURE,B,11425,10.37,0.11,0,3
26,57000,MORTGAGE,10.0,VENTURE,A,14000,5.42,0.25,0,4
25,84000,RENT,0.0,HOMEIMPROVEMENT,B,4500,12.18,0.05,0,2
23,46000,RENT,2.0,VENTURE,D,6800,15.65,0.15,1,4
23,56700,MORTGAGE,7.0,EDUCATION,A,12000,5.42,0.21,0,2
23,16080,RENT,4.0,EDUCATION,D,3000,16.29,0.19,1,2
31,56000,OWN,6.0,VENTURE,A,11500,7.49,0.21,0,9
36,14400,OWN,7.0,DEBTCONSOLIDATION,A,7000,5.42,0.49,0,16
24,55000,MORTGAGE,8.0,MEDICAL,A,1800,7.49,0.03,0,3
23,59000,MORTGAGE,7.0,VENTURE,A,2000,5.42,0.03,0,2
22,108000,RENT,1.0,HOMEIMPROVEMENT,D,24150,14.96,0.22,1,3
32,80000,RENT,0.0,DEBTCONSOLIDATION,C,5000,13.48,0.06,0,6
30,23000,RENT,5.0,VENTURE,A,14000,7.88,0.61,0,6
30,25000,MORTGAGE,4.0,DEBTCONSOLIDATION,B,7000,10.99,0.28,0,10
29,16800,RENT,9.0,HOMEIMPROVEMENT,D,2750,14.84,0.16,1,10
25,35000,RENT,1.0,MEDICAL,B,1500,10.0,0.04,0,4
22,57000,MORTGAGE,6.0,EDUCATION,B,25000,9.01,0.44,0,2
26,55000,MORTGAGE,10.0,MEDICAL,A,3000,6.76,0.05,0,2
25,60000,MORTGAGE,2.0,PERSONAL,B,1800,12.21,0.03,0,2
27,75000,RENT,2.0,EDUCATION,C,8000,13.49,0.11,1,5
26,35000,RENT,10.0,EDUCATION,B,12875,10.99,0.37,0,3
23,60000,MORTGAGE,6.0,PERSONAL,B,2000,10.36,0.03,0,2
29,39000,RENT,2.0,PERSONAL,E,3000,16.7,0.08,1,7
23,50000,RENT,0.0,EDUCATION,A,8000,7.49,0.16,0,4
24,35000,RENT,8.0,DEBTCONSOLIDATION,B,19000,11.36,0.54,0,2
27,55000,MORTGAGE,2.0,VENTURE,D,7000,15.31,0.13,1,7
32,63000,MORTGAGE,6.0,PERSONAL,A,8000,6.17,0.13,0,8
24,74000,OWN,8.0,DEBTCONSOLIDATION,G,35000,20.11,0.47,0,3
41,71500,RENT,4.0,EDUCATION,A,10000,7.14,0.14,0,14
24,32000,RENT,8.0,DEBTCONSOLIDATION,C,12000,12.87,0.38,1,2
38,17280,OWN,0.0,VENTURE,D,1000,16.29,0.06,1,13
31,12996,RENT,4.0,MEDICAL,A,1750,6.76,0.13,0,10
31,24996,RENT,0.0,PERSONAL,C,10750,12.53,0.43,1,7
37,22800,OWN,18.0,EDUCATION,A,7000,6.03,0.31,0,12
25,62204,RENT,3.0,VENTURE,D,12000,14.11,0.19,1,2
24,55000,MORTGAGE,3.0,DEBTCONSOLIDATION,B,3000,11.12,0.05,0,2
23,62500,RENT,7.0,MEDICAL,B,26000,11.71,0.42,0,2
25,37676,RENT,6.0,PERSONAL,A,7500,8.32,0.2,0,4
22,44307,RENT,6.0,HOMEIMPROVEMENT,B,10000,11.36,0.23,0,2
26,97000,MORTGAGE,4.0,MEDICAL,C,6000,13.61,0.06,0,3
29,64402,RENT,1.0,DEBTCONSOLIDATION,A,13500,7.49,0.21,0,8
22,39000,RENT,1.0,VENTURE,D,7500,15.31,0.19,1,4
30,143000,MORTGAGE,11.0,PERSONAL,A,18000,8.49,0.13,0,7
36,84000,RENT,0.0,EDUCATION,B,20000,9.64,0.24,0,16
22,24000,OWN,5.0,MEDICAL,B,8000,9.91,0.33,0,2
29,74000,RENT,3.0,EDUCATION,C,16000,13.11,0.22,1,6
23,12000,RENT,0.0,PERSONAL,A,5825,6.62,0.49,0,4
31,30000,RENT,10.0,VENTURE,D,4400,15.62,0.15,0,8
27,78000,MORTGAGE,0.0,HOMEIMPROVEMENT,A,5000,5.42,0.06,0,7
25,76000,MORTGAGE,3.0,PERSONAL,A,20000,6.54,0.26,0,4
23,27000,RENT,2.0,MEDICAL,E,5000,16.77,0.19,1,2
25,55000,RENT,3.0,DEBTCONSOLIDATION,C,5000,13.48,0.09,1,4
24,31000,RENT,1.0,EDUCATION,D,2500,14.54,0.08,1,3
26,50004,OWN,2.0,HOMEIMPROVEMENT,D,11000,13.87,0.22,1,4
24,55000,RENT,0.0,EDUCATION,A,7500,6.03,0.14,0,3
33,72000,MORTGAGE,4.0,VENTURE,A,5000,6.99,0.07,0,7
26,60000,MORTGAGE,6.0,PERSONAL,A,3050,7.29,0.05,0,3
22,54000,RENT,6.0,PERSONAL,A,9600,7.9,0.18,0,4
23,35000,RENT,0.0,EDUCATION,B,7000,10.99,0.2,0,3
29,115000,MORTGAGE,13.0,DEBTCONSOLIDATION,A,5000,6.03,0.04,0,9
23,47000,RENT,5.0,VENTURE,B,16500,10.62,0.35,0,3
24,75600,MORTGAGE,5.0,VENTURE,A,7200,5.99,0.1,0,2
44,62400,RENT,4.0,PERSONAL,E,10000,16.82,0.16,0,15
30,31200,RENT,0.0,EDUCATION,C,3100,13.35,0.1,0,10
24,75000,RENT,7.0,PERSONAL,C,12000,13.48,0.16,1,3
21,19253,MORTGAGE,4.0,DEBTCONSOLIDATION,A,6250,6.17,0.32,0,3
27,28500,MORTGAGE,3.0,VENTURE,C,1600,13.49,0.06,0,8
34,35000,RENT,2.0,VENTURE,B,15000,10.99,0.43,0,5
25,50000,RENT,0.0,HOMEIMPROVEMENT,B,6400,9.91,0.13,0,4
30,90000,RENT,2.0,EDUCATION,A,6400,6.62,0.07,0,7
23,75000,OWN,5.0,PERSONAL,A,5000,8.49,0.07,0,4
29,37100,MORTGAGE,9.0,PERSONAL,E,3000,16.82,0.08,0,7
25,75600,MORTGAGE,2.0,DEBTCONSOLIDATION,A,14500,9.63,0.19,0,3
33,42996,RENT,2.0,DEBTCONSOLIDATION,A,8200,7.88,0.19,0,9
46,44782,MORTGAGE,14.0,PERSONAL,D,6000,13.67,0.13,1,12
25,48000,MORTGAGE,3.0,DEBTCONSOLIDATION,A,4000,7.14,0.08,0,3
23,36000,RENT,0.0,EDUCATION,B,5000,10.99,0.14,0,3
23,16000,MORTGAGE,1.0,MEDICAL,C,5600,12.84,0.35,0,4
43,79000,MORTGAGE,3.0,HOMEIMPROVEMENT,B,4000,8.88,0.05,0,12
24,55530,MORTGAGE,8.0,HOMEIMPROVEMENT,A,8000,5.99,0.14,0,4
27,124100,RENT,3.0,MEDICAL,C,10175,12.99,0.07,0,6
30,82000,MORTGAGE,5.0,PERSONAL,A,5000,6.76,0.06,0,8
26,108000,RENT,9.0,EDUCATION,G,24000,20.16,0.22,0,3
24,30996,RENT,2.0,MEDICAL,A,5600,7.49,0.18,0,2
34,60000,RENT,2.0,MEDICAL,A,15000,7.88,0.25,0,7
23,14000,RENT,0.0,DEBTCONSOLIDATION,C,1500,13.48,0.11,1,4
41,55000,MORTGAGE,17.0,PERSONAL,A,9000,5.99,0.16,0,17
30,140000,MORTGAGE,6.0,PERSONAL,A,5000,8.9,0.04,0,6
22,37200,RENT,6.0,PERSONAL,B,10000,10.99,0.27,0,2
25,100000,MORTGAGE,2.0,EDUCATION,D,15000,15.99,0.15,1,3
33,124000,OWN,10.0,PERSONAL,D,23500,14.96,0.19,1,6
29,95000,RENT,0.0,VENTURE,B,6000,11.49,0.06,0,7
24,33000,MORTGAGE,3.0,VENTURE,C,4000,13.04,0.12,0,4
35,92000,MORTGAGE,11.0,VENTURE,A,12000,6.99,0.13,0,8
36,135000,RENT,0.0,DEBTCONSOLIDATION,C,24250,12.87,0.18,1,15
24,22392,RENT,4.0,MEDICAL,B,4650,9.99,0.21,0,4
24,100000,RENT,4.0,HOMEIMPROVEMENT,E,10000,16.4,0.1,1,2
29,50000,MORTGAGE,9.0,MEDICAL,A,10000,7.88,0.2,0,8
26,132750,MORTGAGE,8.0,HOMEIMPROVEMENT,B,12000,11.49,0.09,0,4
35,32900,RENT,4.0,HOMEIMPROVEMENT,C,4800,13.23,0.15,1,8
24,43000,MORTGAGE,1.0,PERSONAL,D,4000,17.49,0.09,0,3
36,62000,RENT,3.0,HOMEIMPROVEMENT,B,8000,11.12,0.13,0,12
24,57000,RENT,8.0,MEDICAL,A,14400,7.49,0.25,0,4
25,55315,RENT,3.0,EDUCATION,B,15000,10.74,0.27,0,2
21,27996,RENT,2.0,VENTURE,B,14075,10.99,0.5,0,2
47,80004,MORTGAGE,5.0,EDUCATION,B,7000,10.99,0.09,0,15
29,61656,RENT,4.0,VENTURE,A,15000,6.91,0.24,0,10
23,75000,MORTGAGE,0.0,EDUCATION,B,12000,9.62,0.16,0,2
31,38970,MORTGAGE,4.0,MEDICAL,C,5750,12.68,0.15,1,7
27,60000,RENT,5.0,VENTURE,C,4500,14.22,0.07,0,8
21,70000,RENT,3.0,PERSONAL,A,12000,6.99,0.17,0,3
31,47000,RENT,5.0,EDUCATION,B,10000,11.99,0.21,0,8
22,72000,RENT,5.0,PERSONAL,D,10000,17.27,0.14,0,2
23,25200,RENT,0.0,HOMEIMPROVEMENT,C,6000,13.23,0.24,1,4
26,95000,RENT,3.0,MEDICAL,C,12500,12.61,0.13,0,2
22,32000,RENT,1.0,PERSONAL,D,5400,16.29,0.17,0,2
24,40800,RENT,6.0,MEDICAL,B,17500,10.62,0.43,0,4
26,45243,RENT,3.0,VENTURE,B,4800,9.25,0.11,0,2
27,75000,MORTGAGE,4.0,DEBTCONSOLIDATION,B,6625,10.99,0.09,0,10
25,60000,MORTGAGE,2.0,EDUCATION,B,12500,11.49,0.21,0,4
30,43000,RENT,2.0,DEBTCONSOLIDATION,A,14400,6.99,0.33,0,10
38,81000,OWN,4.0,EDUCATION,B,7000,9.99,0.09,0,11
28,30000,RENT,0.0,DEBTCONSOLIDATION,A,10000,9.32,0.33,0,7
33,56000,RENT,7.0,PERSONAL,B,10000,11.36,0.18,0,6
23,120000,MORTGAGE,3.0,MEDICAL,B,30000,11.49,0.25,0,4
21,18000,RENT,1.0,VENTURE,A,3200,8.49,0.18,0,2
51,58000,RENT,2.0,MEDICAL,E,1500,19.03,0.03,1,22
23,42048,MORTGAGE,7.0,EDUCATION,A,8500,7.74,0.2,0,3
23,93000,RENT,6.0,EDUCATION,C,10000,14.26,0.11,0,2
23,70000,RENT,4.0,EDUCATION,A,6000,7.49,0.09,0,2
24,65000,MORTGAGE,8.0,PERSONAL,A,3300,7.51,0.05,0,4
29,30000,MORTGAGE,3.0,VENTURE,A,6000,5.79,0.2,0,8
34,120000,RENT,9.0,HOMEIMPROVEMENT,D,7500,16.29,0.06,0,5
26,95000,RENT,9.0,HOMEIMPROVEMENT,D,18000,15.31,0.19,0,3
22,88512,MORTGAGE,6.0,EDUCATION,A,3000,5.79,0.03,0,2
26,36000,MORTGAGE,0.0,DEBTCONSOLIDATION,A,6350,8.94,0.18,0,4
29,20000,OWN,1.0,EDUCATION,A,5000,5.79,0.25,0,7
32,70400,MORTGAGE,3.0,PERSONAL,A,13000,7.88,0.18,0,9
22,75000,RENT,6.0,EDUCATION,A,12000,7.49,0.16,0,2
24,45000,RENT,7.0,DEBTCONSOLIDATION,D,9600,15.31,0.21,1,3
28,99000,MORTGAGE,12.0,VENTURE,B,18000,9.76,0.18,0,7
28,46097,MORTGAGE,12.0,DEBTCONSOLIDATION,B,6000,10.75,0.13,0,8
21,50000,MORTGAGE,5.0,VENTURE,A,3500,6.03,0.07,0,4
41,125000,MORTGAGE,4.0,VENTURE,A,14975,6.03,0.12,0,16
46,170000,MORTGAGE,13.0,HOMEIMPROVEMENT,B,7200,9.91,0.04,0,12
36,29000,MORTGAGE,5.0,EDUCATION,A,4000,8.49,0.14,0,13
33,92000,MORTGAGE,8.0,EDUCATION,C,20000,13.06,0.22,0,10
22,69000,MORTGAGE,6.0,DEBTCONSOLIDATION,D,10000,15.62,0.14,0,3
24,40000,MORTGAGE,8.0,DEBTCONSOLIDATION,A,4500,6.62,0.11,0,3
29,162350,RENT,12.0,MEDICAL,G,25000,21.64,0.13,1,9
28,42000,RENT,4.0,MEDICAL,A,9600,7.9,0.23,0,7
46,35004,RENT,0.0,PERSONAL,C,4500,12.68,0.13,0,13
22,24000,RENT,1.0,HOMEIMPROVEMENT,A,9250,8.94,0.39,0,2
25,221004,MORTGAGE,6.0,DEBTCONSOLIDATION,D,11900,14.42,0.05,1,3
25,86000,RENT,10.0,HOMEIMPROVEMENT,D,10000,15.31,0.12,0,2
25,40800,RENT,4.0,DEBTCONSOLIDATION,D,1000,15.57,0.02,0,2
23,10000,RENT,1.0,DEBTCONSOLIDATION,D,1750,15.05,0.17,1,3
23,58800,RENT,7.0,EDUCATION,B,3000,10.36,0.05,0,3
34,138571,MORTGAGE,18.0,PERSONAL,D,25000,14.59,0.18,0,8
31,64900,RENT,2.0,MEDICAL,A,10000,7.66,0.15,0,5
22,58000,RENT,6.0,VENTURE,B,12000,11.49,0.21,0,4
23,37000,RENT,7.0,EDUCATION,B,3000,10.75,0.08,0,4
31,46000,RENT,4.0,DEBTCONSOLIDATION,C,11200,14.27,0.24,1,6
24,36708,RENT,2.0,HOMEIMPROVEMENT,D,3000,15.33,0.08,1,3
35,124596,MORTGAGE,1.0,EDUCATION,B,20000,11.49,0.16,0,5
23,111000,MORTGAGE,7.0,MEDICAL,B,8350,11.89,0.08,0,2
29,62050,MORTGAGE,13.0,MEDICAL,E,3600,17.99,0.05,0,9
24,46500,RENT,2.0,HOMEIMPROVEMENT,C,8000,15.23,0.17,1,2
26,70000,RENT,6.0,HOMEIMPROVEMENT,A,12000,6.99,0.17,0,3
27,35000,RENT,11.0,VENTURE,A,10000,8.49,0.29,0,6
35,39000,RENT,8.0,DEBTCONSOLIDATION,A,4500,6.62,0.12,0,6
24,140000,MORTGAGE,5.0,HOMEIMPROVEMENT,B,25000,10.74,0.18,0,4
23,48000,RENT,7.0,MEDICAL,D,20000,15.65,0.42,0,4
26,110000,RENT,4.0,VENTURE,B,12000,10.99,0.11,0,2
23,90000,MORTGAGE,4.0,PERSONAL,A,3000,6.03,0.03,0,4
22,30000,RENT,3.0,EDUCATION,A,4000,7.9,0.13,0,3
24,100860,MORTGAGE,8.0,HOMEIMPROVEMENT,A,6000,5.99,0.06,0,4
24,120000,MORTGAGE,3.0,HOMEIMPROVEMENT,D,7000,15.62,0.06,0,2
21,98000,MORTGAGE,5.0,PERSONAL,B,6000,10.59,0.06,0,4
23,80000,RENT,6.0,EDUCATION,A,16000,7.49,0.2,0,2
40,33600,RENT,8.0,EDUCATION,E,19275,14.5,0.57,0,11
23,38500,RENT,1.0,EDUCATION,B,8450,10.62,0.22,0,4
21,52500,RENT,0.0,DEBTCONSOLIDATION,A,2225,7.66,0.04,0,3
34,64000,MORTGAGE,13.0,PERSONAL,B,24000,10.71,0.38,0,7
25,38000,RENT,3.0,VENTURE,A,6400,7.88,0.17,0,3
23,23000,RENT,0.0,PERSONAL,B,4325,11.11,0.19,0,3
22,17280,RENT,0.0,EDUCATION,D,3500,15.31,0.2,1,4
27,50000,MORTGAGE,7.0,MEDICAL,A,9500,8.9,0.19,0,8
25,44000,RENT,2.0,PERSONAL,D,10000,15.65,0.23,0,2
41,32000,MORTGAGE,2.0,PERSONAL,C,6000,13.48,0.19,0,12
25,49000,RENT,5.0,MEDICAL,B,15000,12.18,0.31,0,4
22,45975,MORTGAGE,6.0,MEDICAL,B,10375,10.99,0.23,0,4
34,74000,RENT,3.0,EDUCATION,C,11200,11.66,0.15,0,10
34,84000,MORTGAGE,10.0,VENTURE,A,30000,7.9,0.36,0,8
27,47000,RENT,3.0,EDUCATION,C,9000,12.98,0.19,0,7
23,18000,RENT,1.0,VENTURE,C,3250,13.22,0.18,0,2
24,65000,MORTGAGE,3.0,DEBTCONSOLIDATION,C,7000,13.61,0.11,1,3
30,48000,MORTGAGE,13.0,VENTURE,A,10950,7.49,0.23,0,9
31,68000,OWN,8.0,VENTURE,B,10000,10.99,0.15,0,7
42,300000,MORTGAGE,0.0,PERSONAL,D,10000,17.27,0.03,1,14
37,42000,RENT,2.0,MEDICAL,C,8400,13.49,0.2,0,14
24,80000,RENT,0.0,MEDICAL,A,22000,7.49,0.28,0,4
35,106800,MORTGAGE,4.0,DEBTCONSOLIDATION,A,8000,6.92,0.07,0,9
41,21600,OWN,1.0,EDUCATION,C,3500,13.61,0.16,1,13
32,80000,RENT,3.0,HOMEIMPROVEMENT,A,12000,6.62,0.15,0,10
40,28000,OWN,18.0,VENTURE,B,1600,9.99,0.06,0,17
21,28800,RENT,5.0,DEBTCONSOLIDATION,B,8000,9.88,0.28,0,2
30,50000,RENT,4.0,PERSONAL,A,6000,5.79,0.12,0,7
28,77500,OWN,3.0,EDUCATION,A,8000,8.49,0.1,0,7
29,48000,MORTGAGE,13.0,PERSONAL,A,6625,8.49,0.14,0,9
22,37392,RENT,1.0,EDUCATION,B,12000,10.62,0.32,0,2
27,48996,RENT,2.0,DEBTCONSOLIDATION,A,4000,9.32,0.08,0,9
26,30000,RENT,1.0,MEDICAL,E,6000,15.45,0.2,0,4
25,57000,OWN,5.0,PERSONAL,C,12000,13.23,0.21,0,3
29,50000,RENT,1.0,MEDICAL,C,6500,15.96,0.13,0,7
23,54000,RENT,0.0,DEBTCONSOLIDATION,B,12000,12.42,0.22,0,2
26,28000,RENT,5.0,VENTURE,A,9800,7.29,0.35,0,4
30,98000,MORTGAGE,12.0,VENTURE,B,12000,8.88,0.12,0,7
23,45000,MORTGAGE,2.0,DEBTCONSOLIDATION,A,6000,7.49,0.13,0,3
42,58000,RENT,16.0,DEBTCONSOLIDATION,C,7500,12.99,0.13,0,17
25,62496,MORTGAGE,1.0,HOMEIMPROVEMENT,A,8000,7.51,0.13,0,2
26,80000,RENT,4.0,EDUCATION,A,9600,7.49,0.12,0,2
23,120000,MORTGAGE,7.0,DEBTCONSOLIDATION,B,15000,10.99,0.13,0,4
23,140000,MORTGAGE,7.0,PERSONAL,C,6000,13.49,0.04,1,3
24,42000,MORTGAGE,6.0,MEDICAL,A,3125,8.9,0.07,0,3
27,102400,MORTGAGE,2.0,EDUCATION,D,25000,15.57,0.24,0,10
23,125000,MORTGAGE,7.0,EDUCATION,B,5000,10.99,0.04,0,2
22,96000,MORTGAGE,4.0,VENTURE,A,8000,7.88,0.08,0,4
21,44000,RENT,0.0,EDUCATION,D,12875,15.31,0.29,0,2
37,48000,MORTGAGE,3.0,HOMEIMPROVEMENT,A,3500,7.88,0.07,0,15
27,62000,RENT,2.0,PERSONAL,B,9600,10.25,0.15,0,8
25,59004,RENT,1.0,VENTURE,D,15000,15.58,0.25,0,2
22,50000,MORTGAGE,6.0,VENTURE,B,10000,9.88,0.2,0,4
31,47000,RENT,4.0,VENTURE,A,6000,6.99,0.13,0,7
23,48000,RENT,6.0,EDUCATION,A,4800,7.9,0.1,0,2
26,50000,OWN,10.0,VENTURE,A,9825,7.9,0.2,0,4
24,77385,RENT,6.0,DEBTCONSOLIDATION,A,9200,6.03,0.12,0,3
23,63250,RENT,1.0,EDUCATION,B,12000,10.99,0.19,0,2
35,46900,RENT,14.0,MEDICAL,C,14000,14.27,0.3,1,5
22,63000,OWN,6.0,EDUCATION,D,9000,15.31,0.14,0,4
27,31513,RENT,11.0,HOMEIMPROVEMENT,A,5000,6.62,0.16,0,7
23,78000,RENT,5.0,VENTURE,B,17000,10.99,0.22,0,2
25,55000,RENT,9.0,HOMEIMPROVEMENT,A,13000,7.51,0.24,0,4
31,30000,RENT,2.0,MEDICAL,B,3000,10.95,0.1,0,8
22,31760,RENT,3.0,PERSONAL,B,12875,12.53,0.41,0,4
25,115000,MORTGAGE,9.0,PERSONAL,A,4000,6.03,0.03,0,4
23,120000,MORTGAGE,7.0,MEDICAL,A,8500,5.42,0.07,0,4
23,113000,RENT,1.0,PERSONAL,D,12000,15.28,0.11,1,3
22,36000,MORTGAGE,3.0,MEDICAL,B,6000,12.53,0.17,0,2
30,219300,MORTGAGE,7.0,MEDICAL,E,35000,19.69,0.14,0,9
26,72000,RENT,8.0,PERSONAL,A,7000,9.32,0.1,0,2
24,40000,RENT,7.0,PERSONAL,C,3000,13.48,0.07,1,4
23,60000,MORTGAGE,4.0,EDUCATION,A,16000,7.49,0.27,0,3
23,80000,MORTGAGE,3.0,EDUCATION,A,6000,5.99,0.07,0,4
21,15300,RENT,5.0,HOMEIMPROVEMENT,B,3150,10.99,0.21,0,4
35,99000,MORTGAGE,12.0,MEDICAL,B,3000,10.99,0.03,0,9
40,62000,OWN,5.0,DEBTCONSOLIDATION,D,4800,15.31,0.08,0,16
27,26000,RENT,6.0,PERSONAL,B,6000,10.75,0.23,0,10
33,72250,MORTGAGE,0.0,MEDICAL,D,25000,16.0,0.29,1,5
26,135000,RENT,10.0,PERSONAL,B,14275,9.45,0.11,0,2
28,70000,MORTGAGE,2.0,VENTURE,A,5600,6.62,0.08,0,5
22,40000,MORTGAGE,6.0,MEDICAL,A,9875,7.9,0.25,0,4
22,96000,MORTGAGE,2.0,EDUCATION,A,12000,7.49,0.13,0,3
23,65000,RENT,6.0,PERSONAL,A,8000,9.32,0.12,0,3
25,68496,RENT,1.0,VENTURE,A,6000,8.0,0.09,0,3
22,30000,MORTGAGE,0.0,VENTURE,B,5000,11.48,0.17,0,4
23,45000,MORTGAGE,2.0,PERSONAL,A,3000,7.05,0.07,0,3
42,114000,MORTGAGE,4.0,PERSONAL,B,19200,11.36,0.17,0,15
44,65000,RENT,2.0,VENTURE,A,5000,8.0,0.08,0,15
25,60500,OWN,6.0,PERSONAL,B,17000,12.42,0.28,0,2
28,17004,RENT,4.0,HOMEIMPROVEMENT,A,3500,7.68,0.21,0,8
23,130992,MORTGAGE,6.0,EDUCATION,A,6000,7.51,0.05,0,3
25,96000,RENT,0.0,HOMEIMPROVEMENT,A,6000,6.99,0.06,0,4
23,39996,RENT,6.0,MEDICAL,B,12000,9.63,0.3,0,3
27,68808,MORTGAGE,2.0,VENTURE,C,20000,13.48,0.29,1,6
38,150000,MORTGAGE,5.0,MEDICAL,B,12000,11.14,0.08,0,17
30,15600,MORTGAGE,4.0,DEBTCONSOLIDATION,A,6250,5.79,0.4,0,6
31,85000,RENT,0.0,PERSONAL,B,25000,11.89,0.29,0,6
24,42000,RENT,8.0,EDUCATION,C,15000,15.27,0.36,0,3
27,80400,RENT,11.0,EDUCATION,B,10400,11.86,0.13,0,6
27,47000,RENT,1.0,MEDICAL,B,13000,10.99,0.28,0,6
24,42000,RENT,2.0,HOMEIMPROVEMENT,D,6000,14.96,0.14,1,3
24,62500,OWN,8.0,HOMEIMPROVEMENT,C,6500,13.22,0.1,0,3
22,12000,RENT,1.0,VENTURE,A,1500,6.99,0.13,0,2
30,25716,RENT,1.0,PERSONAL,C,3000,13.72,0.12,0,10
39,48000,RENT,3.0,MEDICAL,C,8400,12.53,0.17,1,17
27,36996,MORTGAGE,4.0,DEBTCONSOLIDATION,B,8800,11.48,0.24,0,6
26,42000,RENT,2.0,VENTURE,C,5000,11.91,0.12,1,4
23,36000,RENT,0.0,VENTURE,C,5000,13.22,0.14,0,4
26,119000,MORTGAGE,6.0,VENTURE,D,15000,14.42,0.13,0,2
31,120000,MORTGAGE,9.0,VENTURE,A,9000,8.94,0.07,0,6
44,49510,MORTGAGE,5.0,HOMEIMPROVEMENT,B,4000,10.62,0.08,0,14
28,32000,RENT,2.0,MEDICAL,C,7750,14.22,0.24,1,5
24,65000,MORTGAGE,0.0,MEDICAL,B,8000,10.99,0.12,0,3
24,165000,MORTGAGE,5.0,PERSONAL,B,20000,10.37,0.12,0,4
24,38400,RENT,6.0,DEBTCONSOLIDATION,A,9000,7.9,0.23,0,2
32,86800,MORTGAGE,6.0,HOMEIMPROVEMENT,A,2800,7.88,0.03,0,9
22,24000,MORTGAGE,2.0,DEBTCONSOLIDATION,B,5000,10.99,0.21,0,4
28,34000,RENT,4.0,PERSONAL,A,5000,7.9,0.15,0,5
34,48000,MORTGAGE,7.0,EDUCATION,B,8400,11.71,0.17,0,10
23,30000,RENT,7.0,MEDICAL,B,2500,9.88,0.08,0,2
23,40104,OTHER,7.0,EDUCATION,C,10000,12.72,0.25,1,2
26,46000,RENT,3.0,PERSONAL,D,8000,14.42,0.17,0,2
24,40000,RENT,4.0,MEDICAL,A,14000,6.03,0.35,0,2
27,69000,RENT,1.0,MEDICAL,A,2000,6.99,0.03,0,5
31,85000,RENT,5.0,EDUCATION,C,16000,11.34,0.19,1,8
25,181408,MORTGAGE,2.0,MEDICAL,B,14500,8.88,0.08,0,2
33,90000,MORTGAGE,12.0,PERSONAL,A,6000,5.42,0.07,0,7
38,26300,RENT,1.0,DEBTCONSOLIDATION,C,7500,13.47,0.29,0,12
28,90000,MORTGAGE,12.0,EDUCATION,A,5325,7.88,0.06,0,10
29,31632,RENT,2.0,PERSONAL,B,2100,10.99,0.07,0,6
25,43000,RENT,9.0,MEDICAL,C,4000,12.99,0.09,0,4
23,108000,RENT,7.0,EDUCATION,A,5000,7.66,0.05,0,4
26,60000,RENT,1.0,PERSONAL,B,12000,10.62,0.2,0,4
22,102000,MORTGAGE,3.0,MEDICAL,A,18000,8.49,0.18,0,3
26,55000,MORTGAGE,4.0,PERSONAL,A,10000,7.51,0.18,0,2
23,39000,RENT,3.0,DEBTCONSOLIDATION,D,8000,16.49,0.21,0,3
36,54996,RENT,4.0,MEDICAL,C,10000,13.47,0.18,0,13
25,84000,RENT,5.0,HOMEIMPROVEMENT,B,18000,9.88,0.21,0,3
24,54996,RENT,2.0,PERSONAL,B,23600,11.89,0.43,0,3
32,95000,RENT,5.0,HOMEIMPROVEMENT,C,6400,11.54,0.07,0,5
26,25000,OWN,0.0,VENTURE,C,7400,13.48,0.3,0,2
23,95000,RENT,6.0,DEBTCONSOLIDATION,B,12000,11.71,0.13,0,3
27,130000,RENT,6.0,EDUCATION,A,10000,7.74,0.08,0,5
35,175000,RENT,0.0,DEBTCONSOLIDATION,B,16000,11.49,0.09,0,10
23,33000,RENT,1.0,DEBTCONSOLIDATION,C,7000,13.61,0.21,0,4
29,78000,OWN,13.0,VENTURE,A,14400,7.49,0.18,0,7
24,30000,RENT,1.0,HOMEIMPROVEMENT,D,5000,15.7,0.17,1,4
28,24000,RENT,5.0,PERSONAL,B,5500,10.36,0.23,0,7
44,68500,MORTGAGE,4.0,PERSONAL,D,14300,15.31,0.21,0,17
26,48000,RENT,0.0,MEDICAL,C,12000,11.66,0.25,0,3
23,113000,MORTGAGE,2.0,VENTURE,A,22400,7.49,0.2,0,2
24,42000,RENT,2.0,VENTURE,C,1000,13.16,0.02,0,2
23,61000,MORTGAGE,2.0,VENTURE,E,18400,19.29,0.3,0,2
23,180000,MORTGAGE,2.0,VENTURE,B,5000,9.33,0.03,0,2
23,54996,MORTGAGE,2.0,MEDICAL,B,1925,10.59,0.04,0,4
36,108000,MORTGAGE,1.0,MEDICAL,A,7000,7.74,0.06,0,14
25,75000,MORTGAGE,9.0,PERSONAL,C,10000,11.34,0.13,1,2
25,38000,RENT,8.0,MEDICAL,C,16000,12.87,0.42,1,3
28,54000,RENT,2.0,MEDICAL,A,20000,7.9,0.37,0,8
36,65000,MORTGAGE,6.0,EDUCATION,C,23325,15.27,0.36,1,14
21,39000,MORTGAGE,5.0,EDUCATION,A,1000,7.49,0.03,0,3
46,60070,RENT,2.0,PERSONAL,C,5500,14.22,0.09,1,17
30,76000,RENT,3.0,DEBTCONSOLIDATION,B,12000,10.99,0.16,0,10
32,22800,RENT,1.0,VENTURE,D,7125,15.28,0.31,0,5
33,55000,RENT,1.0,EDUCATION,C,10725,13.16,0.2,0,6
22,94000,RENT,5.0,VENTURE,C,11800,13.99,0.13,0,4
30,78000,RENT,10.0,DEBTCONSOLIDATION,D,15000,14.96,0.19,0,9
51,45000,RENT,2.0,MEDICAL,C,8400,13.11,0.19,1,18
23,105000,MORTGAGE,5.0,EDUCATION,E,15000,16.82,0.14,1,4
23,85000,RENT,5.0,EDUCATION,A,10000,6.17,0.12,0,3
25,41000,RENT,4.0,PERSONAL,B,12000,10.0,0.29,0,3
39,325000,MORTGAGE,14.0,PERSONAL,D,18000,14.96,0.06,1,17
23,75000,RENT,2.0,PERSONAL,A,3000,7.49,0.04,0,2
34,45000,RENT,7.0,MEDICAL,A,1500,5.99,0.03,0,10
23,60000,RENT,3.0,EDUCATION,B,20000,12.21,0.33,0,2
25,150000,MORTGAGE,9.0,MEDICAL,B,12125,8.7,0.08,0,4
27,43000,RENT,8.0,VENTURE,B,4900,9.91,0.11,0,5
23,54000,RENT,2.0,MEDICAL,B,4200,10.99,0.08,0,2
29,56033,MORTGAGE,7.0,VENTURE,C,16000,14.65,0.29,0,6
22,39000,MORTGAGE,6.0,EDUCATION,A,10750,7.49,0.28,0,4
24,30000,RENT,4.0,DEBTCONSOLIDATION,E,3000,19.29,0.1,1,2
23,57800,RENT,2.0,MEDICAL,B,6000,10.99,0.09,0,4
33,40000,RENT,4.0,VENTURE,B,4000,10.99,0.1,0,7
28,35000,RENT,2.0,EDUCATION,C,12500,13.48,0.36,0,10
23,82000,MORTGAGE,5.0,PERSONAL,B,9600,10.0,0.12,0,2
30,72000,MORTGAGE,4.0,VENTURE,B,6000,11.99,0.08,0,10
30,57120,RENT,3.0,DEBTCONSOLIDATION,B,2750,10.37,0.05,0,5
50,35880,RENT,0.0,MEDICAL,C,4600,12.23,0.13,1,13
25,57000,MORTGAGE,5.0,PERSONAL,A,13000,8.9,0.23,0,2
22,55000,OWN,6.0,EDUCATION,B,25000,10.74,0.45,0,2
25,75000,MORTGAGE,1.0,VENTURE,A,6000,9.63,0.08,0,4
39,60000,RENT,3.0,HOMEIMPROVEMENT,B,3800,10.37,0.06,0,14
27,80000,MORTGAGE,4.0,PERSONAL,A,6000,6.03,0.07,0,10
29,48000,MORTGAGE,8.0,VENTURE,A,4500,5.42,0.09,0,6
28,123000,MORTGAGE,0.0,PERSONAL,A,10000,7.14,0.08,0,6
25,30000,RENT,1.0,EDUCATION,B,3075,10.59,0.1,0,2
28,175000,RENT,7.0,HOMEIMPROVEMENT,A,6000,7.9,0.03,0,10
28,51996,MORTGAGE,4.0,PERSONAL,A,5000,7.51,0.1,0,7
24,32000,MORTGAGE,4.0,VENTURE,B,3000,10.75,0.09,0,4
28,40000,RENT,12.0,DEBTCONSOLIDATION,B,12000,11.11,0.3,0,7
29,38004,RENT,2.0,PERSONAL,C,1500,12.53,0.04,1,7
28,150000,RENT,1.0,MEDICAL,C,12500,14.35,0.08,1,8
22,21600,RENT,0.0,MEDICAL,A,1200,5.99,0.06,0,2
34,54000,MORTGAGE,5.0,PERSONAL,A,3500,5.99,0.06,0,6
24,62000,MORTGAGE,6.0,HOMEIMPROVEMENT,B,10000,10.74,0.16,0,2
52,29000,OWN,23.0,PERSONAL,A,7000,7.49,0.24,0,20
23,36000,RENT,3.0,EDUCATION,B,7000,9.99,0.19,0,3
22,32769,RENT,3.0,VENTURE,A,7000,7.29,0.21,0,3
22,41000,OWN,0.0,PERSONAL,A,1000,6.99,0.02,0,2
24,31000,RENT,6.0,PERSONAL,C,15075,15.27,0.49,1,2
26,90000,RENT,0.0,HOMEIMPROVEMENT,A,14000,6.03,0.16,0,2
24,30000,RENT,3.0,MEDICAL,D,5300,15.28,0.18,1,3
23,51996,RENT,7.0,PERSONAL,C,4000,13.98,0.08,1,2
27,76000,MORTGAGE,7.0,EDUCATION,B,6400,10.65,0.08,0,7
23,87000,MORTGAGE,0.0,EDUCATION,C,12000,12.73,0.14,1,2
23,27000,MORTGAGE,0.0,HOMEIMPROVEMENT,D,1000,15.99,0.04,1,3
24,69000,MORTGAGE,9.0,DEBTCONSOLIDATION,B,3000,11.11,0.04,0,2
25,34000,MORTGAGE,1.0,HOMEIMPROVEMENT,A,2500,6.03,0.07,0,2
21,15996,RENT,3.0,MEDICAL,D,4800,15.37,0.3,1,3
27,30000,RENT,5.0,PERSONAL,B,4975,10.37,0.17,0,9
25,84000,MORTGAGE,9.0,MEDICAL,B,5000,10.99,0.06,0,2
26,100000,RENT,3.0,DEBTCONSOLIDATION,C,3000,13.57,0.03,0,3
26,38000,RENT,0.0,DEBTCONSOLIDATION,B,6025,10.99,0.16,0,3
25,77000,RENT,9.0,VENTURE,B,19200,10.99,0.25,0,3
25,38000,RENT,8.0,PERSONAL,A,6000,6.99,0.16,0,4
22,57000,MORTGAGE,6.0,EDUCATION,A,7000,7.14,0.12,0,3
24,130000,MORTGAGE,8.0,EDUCATION,A,18500,7.49,0.14,0,2
27,60000,RENT,3.0,PERSONAL,C,4800,13.35,0.08,1,9
24,45336,MORTGAGE,8.0,MEDICAL,A,10000,5.99,0.22,0,2
28,30000,OWN,1.0,HOMEIMPROVEMENT,C,7500,12.98,0.25,0,8
32,112000,MORTGAGE,4.0,EDUCATION,B,14000,9.63,0.13,0,9
25,95000,MORTGAGE,7.0,PERSONAL,A,5000,7.43,0.05,0,2
22,70404,MORTGAGE,5.0,EDUCATION,D,14075,14.74,0.2,1,4
51,76960,MORTGAGE,0.0,PERSONAL,B,15000,9.99,0.19,0,20
23,54000,RENT,7.0,VENTURE,B,15550,11.71,0.29,0,4
38,35000,RENT,0.0,PERSONAL,B,5600,11.11,0.16,0,11
26,150000,OWN,10.0,VENTURE,A,21000,7.49,0.14,0,4
27,125000,OWN,7.0,PERSONAL,B,13200,11.14,0.11,0,8
28,50000,RENT,5.0,PERSONAL,C,12000,13.11,0.24,0,10
40,62400,MORTGAGE,7.0,EDUCATION,F,7000,19.13,0.11,0,12
23,84996,MORTGAGE,7.0,MEDICAL,B,10000,10.95,0.12,0,4
23,48000,MORTGAGE,7.0,DEBTCONSOLIDATION,D,16800,14.59,0.35,0,2
22,32968,OWN,6.0,EDUCATION,A,16500,8.9,0.5,0,4
22,54400,RENT,6.0,MEDICAL,D,2500,16.49,0.04,1,3
27,159600,MORTGAGE,1.0,HOMEIMPROVEMENT,B,25000,10.99,0.16,0,8
30,74797,MORTGAGE,14.0,MEDICAL,E,4800,18.79,0.05,1,7
22,61000,MORTGAGE,1.0,MEDICAL,A,8000,5.79,0.13,0,4
22,130000,MORTGAGE,3.0,EDUCATION,C,14500,13.48,0.11,1,4
37,48000,RENT,0.0,PERSONAL,B,2500,9.62,0.05,0,12
23,147000,MORTGAGE,4.0,DEBTCONSOLIDATION,B,25000,10.25,0.17,0,3
24,138000,RENT,2.0,VENTURE,D,20000,15.99,0.14,1,3
28,114000,MORTGAGE,12.0,VENTURE,E,8000,18.64,0.07,0,10
27,60000,MORTGAGE,7.0,MEDICAL,B,3400,10.99,0.06,0,7
25,48000,RENT,2.0,VENTURE,B,8000,10.59,0.17,0,4
22,42000,RENT,6.0,PERSONAL,B,3000,11.49,0.07,0,2
21,24000,RENT,5.0,DEBTCONSOLIDATION,C,13000,12.87,0.54,0,2
28,140000,MORTGAGE,11.0,HOMEIMPROVEMENT,B,5000,11.49,0.04,0,9
28,64500,MORTGAGE,1.0,VENTURE,C,4000,13.79,0.06,1,8
30,105000,MORTGAGE,5.0,EDUCATION,B,20000,11.83,0.19,0,5
62,60000,MORTGAGE,5.0,PERSONAL,A,16000,8.9,0.27,0,19
22,70000,MORTGAGE,2.0,EDUCATION,A,5000,6.03,0.07,0,2
41,60000,MORTGAGE,3.0,PERSONAL,E,16800,17.99,0.28,1,16
21,50000,RENT,5.0,EDUCATION,A,4900,8.94,0.1,0,2
22,20008,RENT,2.0,EDUCATION,B,10000,10.95,0.5,0,2
33,86000,MORTGAGE,5.0,VENTURE,D,15000,16.49,0.17,1,9
27,30000,RENT,2.0,MEDICAL,A,6000,7.66,0.2,0,9
23,72000,RENT,3.0,PERSONAL,A,10000,6.91,0.14,0,2
22,31200,MORTGAGE,4.0,MEDICAL,A,2000,7.29,0.06,0,3
22,36000,OWN,6.0,EDUCATION,D,12000,15.21,0.33,1,3
30,105000,RENT,4.0,VENTURE,D,24250,15.65,0.23,0,10
35,53500,MORTGAGE,1.0,VENTURE,C,20000,12.53,0.37,1,7
22,75500,MORTGAGE,6.0,PERSONAL,A,12000,7.49,0.16,0,2
26,120000,RENT,3.0,HOMEIMPROVEMENT,A,5000,7.68,0.04,0,2
26,55000,RENT,10.0,MEDICAL,B,15000,11.12,0.27,0,2
24,42000,RENT,2.0,HOMEIMPROVEMENT,C,4000,12.73,0.1,1,3
40,45600,MORTGAGE,20.0,HOMEIMPROVEMENT,A,7000,6.62,0.15,0,17
23,60000,MORTGAGE,7.0,PERSONAL,A,3800,5.42,0.06,0,3
23,83000,RENT,2.0,DEBTCONSOLIDATION,D,12000,17.27,0.14,1,4
38,60000,MORTGAGE,22.0,VENTURE,B,2700,11.99,0.04,0,15
27,67200,MORTGAGE,2.0,HOMEIMPROVEMENT,A,10750,6.91,0.16,0,6
35,45000,RENT,3.0,MEDICAL,B,12000,11.26,0.27,0,5
39,90000,MORTGAGE,2.0,PERSONAL,B,4600,11.11,0.05,0,11
25,110000,MORTGAGE,4.0,VENTURE,B,7000,9.88,0.06,0,2
28,37000,RENT,0.0,DEBTCONSOLIDATION,D,14000,14.42,0.38,0,10
24,59000,RENT,1.0,HOMEIMPROVEMENT,D,18000,14.96,0.31,1,4
29,140000,RENT,3.0,PERSONAL,B,20000,10.0,0.14,0,9
24,133000,MORTGAGE,8.0,HOMEIMPROVEMENT,B,3000,11.99,0.02,0,4
34,52809,RENT,18.0,DEBTCONSOLIDATION,B,13000,10.62,0.25,0,8
22,15360,OWN,7.0,HOMEIMPROVEMENT,B,2500,12.53,0.16,0,3
24,24000,RENT,3.0,VENTURE,B,10000,8.7,0.42,0,2
40,41760,MORTGAGE,4.0,MEDICAL,A,18000,5.79,0.43,0,14
23,58000,MORTGAGE,8.0,VENTURE,C,8000,13.61,0.14,1,4
25,31200,RENT,1.0,DEBTCONSOLIDATION,C,6000,13.8,0.19,0,4
24,108288,MORTGAGE,5.0,DEBTCONSOLIDATION,A,10000,8.49,0.09,0,2
25,79000,MORTGAGE,9.0,DEBTCONSOLIDATION,A,10000,5.79,0.13,0,2
28,160000,OWN,12.0,VENTURE,B,23000,11.83,0.14,0,5
26,80000,MORTGAGE,2.0,HOMEIMPROVEMENT,C,4200,14.27,0.05,0,4
28,13500,OWN,0.0,PERSONAL,A,6700,9.63,0.5,0,5
22,12000,RENT,1.0,EDUCATION,D,3500,15.65,0.29,1,2
24,65600,MORTGAGE,8.0,VENTURE,A,10000,7.49,0.15,0,3
32,79050,MORTGAGE,10.0,MEDICAL,F,24000,18.62,0.26,1,8
25,56544,RENT,3.0,EDUCATION,B,23000,10.99,0.41,0,2
27,65000,RENT,9.0,PERSONAL,A,4000,6.99,0.06,0,5
26,30000,RENT,2.0,MEDICAL,A,6000,6.54,0.2,0,2
29,125000,MORTGAGE,2.0,HOMEIMPROVEMENT,C,8500,13.47,0.07,1,5
24,60000,RENT,8.0,DEBTCONSOLIDATION,B,15000,11.83,0.25,0,3
27,185232,MORTGAGE,10.0,PERSONAL,A,35000,7.49,0.19,0,8
26,75000,MORTGAGE,6.0,MEDICAL,A,13000,6.99,0.17,0,2
27,62900,MORTGAGE,1.0,MEDICAL,B,8000,11.46,0.11,0,8
44,39000,RENT,2.0,MEDICAL,B,12000,11.14,0.31,0,15
23,45000,MORTGAGE,5.0,EDUCATION,B,14500,11.48,0.32,0,2
23,80000,RENT,5.0,EDUCATION,A,8000,7.9,0.1,0,3
31,42000,RENT,3.0,MEDICAL,B,5000,11.86,0.12,0,9
24,110000,MORTGAGE,7.0,PERSONAL,A,12000,8.94,0.11,0,3
26,73000,RENT,3.0,PERSONAL,B,20000,12.53,0.27,0,2
25,85000,RENT,0.0,EDUCATION,B,18000,11.71,0.21,0,4
22,60000,MORTGAGE,1.0,PERSONAL,A,10000,5.42,0.17,0,2
25,36499,RENT,1.0,HOMEIMPROVEMENT,B,4200,10.99,0.12,0,4
23,54000,MORTGAGE,2.0,MEDICAL,D,7500,15.58,0.14,0,2
22,31500,OWN,4.0,VENTURE,A,8000,6.03,0.25,0,2
25,80000,RENT,6.0,EDUCATION,C,12000,12.99,0.15,0,3
29,61200,MORTGAGE,4.0,HOMEIMPROVEMENT,A,17000,6.03,0.28,0,10
23,54400,RENT,2.0,MEDICAL,D,5000,16.49,0.08,0,4
23,110000,MORTGAGE,7.0,PERSONAL,D,9600,15.31,0.09,1,2
25,45996,RENT,3.0,VENTURE,C,11500,12.53,0.25,0,4
30,90000,MORTGAGE,14.0,DEBTCONSOLIDATION,A,4500,5.99,0.05,0,6
29,54500,MORTGAGE,7.0,PERSONAL,D,4275,15.31,0.08,0,5
23,25000,RENT,0.0,EDUCATION,C,6400,12.84,0.26,0,3
35,75000,RENT,13.0,VENTURE,F,15175,21.74,0.2,1,8
26,42000,RENT,0.0,MEDICAL,B,8500,11.14,0.2,0,4
32,78000,RENT,1.0,MEDICAL,B,4000,9.88,0.05,0,6
22,73500,RENT,2.0,MEDICAL,A,8400,6.54,0.11,0,4
33,38196,RENT,1.0,MEDICAL,B,4000,10.0,0.1,0,5
34,220000,MORTGAGE,13.0,DEBTCONSOLIDATION,C,11275,12.99,0.05,1,8
28,30000,RENT,10.0,MEDICAL,B,6000,10.37,0.2,0,6
24,47000,OWN,1.0,PERSONAL,B,6000,11.11,0.13,0,4
25,54000,MORTGAGE,4.0,DEBTCONSOLIDATION,C,12000,12.73,0.22,0,4
28,92000,RENT,6.0,EDUCATION,B,22000,12.69,0.24,0,9
26,65000,RENT,5.0,DEBTCONSOLIDATION,B,3200,11.71,0.05,0,3
31,101416,MORTGAGE,9.0,HOMEIMPROVEMENT,C,15000,12.87,0.15,1,8
31,34000,MORTGAGE,15.0,PERSONAL,B,13000,10.99,0.38,0,8
44,62400,RENT,4.0,HOMEIMPROVEMENT,E,10000,16.82,0.16,0,15
23,38400,MORTGAGE,6.0,EDUCATION,A,8000,6.62,0.21,0,4
28,75000,RENT,4.0,DEBTCONSOLIDATION,B,8400,11.14,0.11,0,5
28,70000,OWN,4.0,PERSONAL,D,25000,15.57,0.36,0,9
22,20400,OWN,0.0,DEBTCONSOLIDATION,D,3800,15.31,0.19,1,3
26,54996,RENT,3.0,HOMEIMPROVEMENT,B,5000,11.86,0.09,0,2
24,90000,MORTGAGE,3.0,VENTURE,A,12000,7.51,0.13,0,3
31,65000,MORTGAGE,6.0,VENTURE,A,12000,7.49,0.18,0,6
25,46000,RENT,9.0,MEDICAL,A,7000,8.49,0.15,0,3
23,66000,MORTGAGE,7.0,PERSONAL,B,10000,9.63,0.15,0,4
42,105000,MORTGAGE,18.0,EDUCATION,C,2400,13.06,0.02,1,17
37,74000,RENT,9.0,HOMEIMPROVEMENT,C,19200,12.87,0.26,1,12
21,31000,MORTGAGE,5.0,PERSONAL,A,6000,7.51,0.19,0,4
25,101877,RENT,9.0,VENTURE,B,6600,10.99,0.06,0,2
24,30000,RENT,2.0,DEBTCONSOLIDATION,C,3350,14.72,0.11,1,2
22,83000,RENT,4.0,EDUCATION,A,3000,9.63,0.04,0,3
29,54000,RENT,1.0,HOMEIMPROVEMENT,B,2000,10.01,0.04,0,7
35,22608,RENT,1.0,EDUCATION,C,3500,14.22,0.15,0,9
24,50000,RENT,3.0,MEDICAL,C,3000,13.48,0.06,0,2
50,19200,RENT,2.0,DEBTCONSOLIDATION,F,4000,18.535,0.21,0,11
26,33000,RENT,7.0,MEDICAL,A,3000,5.99,0.09,0,4
37,110000,MORTGAGE,0.0,MEDICAL,B,24000,11.36,0.22,0,11
60,29000,RENT,0.0,HOMEIMPROVEMENT,D,2500,15.33,0.09,1,27
28,56100,MORTGAGE,12.0,MEDICAL,A,10000,8.49,0.15,0,8
32,38000,RENT,0.0,EDUCATION,B,7200,10.08,0.19,0,7
48,30000,RENT,0.0,DEBTCONSOLIDATION,B,6000,12.42,0.2,0,12
22,78369,MORTGAGE,6.0,DEBTCONSOLIDATION,E,11000,17.99,0.14,0,3
30,105000,MORTGAGE,0.0,VENTURE,C,6000,14.72,0.06,1,10
22,60000,RENT,5.0,PERSONAL,D,10900,15.65,0.18,0,2
29,40000,RENT,4.0,DEBTCONSOLIDATION,A,2800,7.49,0.07,0,5
23,8000,RENT,0.0,EDUCATION,A,3250,7.49,0.41,0,4
21,36780,RENT,2.0,DEBTCONSOLIDATION,B,12000,11.49,0.33,0,4
22,25992,OTHER,6.0,DEBTCONSOLIDATION,B,3000,9.45,0.12,0,3
24,84000,RENT,1.0,PERSONAL,A,12000,6.91,0.14,0,2
27,30000,RENT,2.0,DEBTCONSOLIDATION,B,7000,10.37,0.23,0,7
52,25000,RENT,23.0,MEDICAL,D,5000,12.61,0.2,1,22
25,70000,MORTGAGE,6.0,MEDICAL,B,12000,10.37,0.17,0,4
21,30000,RENT,5.0,PERSONAL,B,3000,9.62,0.1,0,4
27,40000,RENT,9.0,PERSONAL,A,5000,8.49,0.13,0,8
26,55000,RENT,6.0,HOMEIMPROVEMENT,A,6000,7.14,0.11,0,4
31,75000,RENT,0.0,MEDICAL,B,5000,10.75,0.07,0,6
26,99900,MORTGAGE,10.0,PERSONAL,A,2700,7.49,0.03,0,3
30,44208,RENT,1.0,MEDICAL,A,7600,7.74,0.17,0,8
26,24000,RENT,5.0,DEBTCONSOLIDATION,A,6000,6.62,0.25,0,4
29,34000,MORTGAGE,0.0,MEDICAL,D,10200,17.27,0.3,1,5
23,52000,RENT,2.0,EDUCATION,A,8400,6.17,0.16,0,3
24,35000,RENT,1.0,DEBTCONSOLIDATION,B,10000,10.99,0.29,0,4
42,38400,RENT,4.0,MEDICAL,B,13000,10.99,0.34,0,17
31,143000,RENT,4.0,VENTURE,D,25000,16.07,0.17,1,7
47,24000,MORTGAGE,4.0,HOMEIMPROVEMENT,D,5100,15.31,0.21,1,16
38,34800,RENT,1.0,DEBTCONSOLIDATION,C,2100,14.72,0.06,0,13
23,32000,RENT,4.0,PERSONAL,A,10700,6.03,0.33,0,3
26,100000,MORTGAGE,4.0,DEBTCONSOLIDATION,B,25000,11.99,0.25,0,3
30,43000,RENT,3.0,VENTURE,A,15000,7.49,0.35,0,8
22,66000,RENT,4.0,EDUCATION,B,6000,9.99,0.09,0,4
38,30000,RENT,6.0,DEBTCONSOLIDATION,A,8000,7.49,0.27,0,12
23,16800,RENT,0.0,DEBTCONSOLIDATION,B,1950,10.37,0.12,0,2
22,31000,RENT,2.0,MEDICAL,B,5000,10.62,0.16,0,4
25,115000,MORTGAGE,3.0,EDUCATION,A,7600,6.99,0.07,0,4
36,48000,RENT,2.0,MEDICAL,C,20000,13.61,0.42,0,14
26,55000,RENT,10.0,EDUCATION,E,9000,16.7,0.16,0,3
36,48000,RENT,8.0,MEDICAL,C,15000,13.98,0.31,0,15
27,160000,MORTGAGE,12.0,MEDICAL,C,1500,11.78,0.01,1,6
21,81600,MORTGAGE,6.0,EDUCATION,A,14400,6.92,0.18,0,4
23,140000,MORTGAGE,7.0,PERSONAL,A,12000,8.49,0.09,0,3
27,45468,RENT,2.0,VENTURE,C,4000,13.99,0.09,1,5
36,62000,MORTGAGE,15.0,DEBTCONSOLIDATION,A,7500,8.59,0.12,0,14
31,80000,RENT,15.0,DEBTCONSOLIDATION,A,12000,5.79,0.15,0,5
23,54000,RENT,3.0,DEBTCONSOLIDATION,A,6250,6.99,0.12,0,3
23,28800,RENT,0.0,EDUCATION,B,5000,11.49,0.17,0,2
25,39000,RENT,1.0,HOMEIMPROVEMENT,D,10750,14.59,0.28,1,4
22,35000,RENT,1.0,EDUCATION,C,2400,13.48,0.07,1,4
24,47000,RENT,8.0,VENTURE,A,7000,6.62,0.15,0,3
29,126000,MORTGAGE,5.0,VENTURE,D,7000,16.02,0.06,0,5
40,60000,RENT,3.0,EDUCATION,D,5000,15.31,0.08,1,16
30,50000,RENT,2.0,VENTURE,C,2000,14.79,0.04,0,10
29,60000,RENT,1.0,HOMEIMPROVEMENT,C,9600,11.66,0.16,1,6
22,29000,RENT,4.0,VENTURE,B,6000,11.46,0.21,0,3
22,46500,MORTGAGE,0.0,DEBTCONSOLIDATION,B,9500,12.69,0.2,0,4
25,58000,MORTGAGE,5.0,EDUCATION,A,3150,6.17,0.05,0,4
25,30000,RENT,4.0,MEDICAL,A,10000,7.51,0.33,0,3
22,31500,RENT,3.0,DEBTCONSOLIDATION,D,2900,15.31,0.09,0,4
24,54000,RENT,0.0,HOMEIMPROVEMENT,D,16000,15.65,0.3,0,4
28,90000,OWN,5.0,HOMEIMPROVEMENT,D,20000,15.28,0.22,1,6
23,53976,MORTGAGE,7.0,EDUCATION,B,2000,10.74,0.04,0,3
28,63000,RENT,1.0,EDUCATION,C,11200,12.99,0.18,1,7
23,90000,MORTGAGE,6.0,DEBTCONSOLIDATION,A,12000,7.49,0.13,0,3
27,64000,MORTGAGE,0.0,MEDICAL,A,8000,5.79,0.13,0,5
28,36000,RENT,1.0,MEDICAL,B,5700,10.39,0.16,0,5
29,50004,MORTGAGE,1.0,HOMEIMPROVEMENT,C,1500,13.11,0.03,1,6
29,50400,RENT,6.0,DEBTCONSOLIDATION,A,7000,6.17,0.14,0,8
28,44928,MORTGAGE,5.0,VENTURE,C,1000,13.06,0.02,1,8
25,48000,RENT,4.0,EDUCATION,C,1200,12.68,0.03,0,4
29,60000,MORTGAGE,13.0,DEBTCONSOLIDATION,B,6400,11.89,0.11,0,8
21,10140,RENT,4.0,HOMEIMPROVEMENT,C,1000,13.43,0.1,0,4
30,125000,MORTGAGE,14.0,HOMEIMPROVEMENT,A,5750,7.43,0.05,0,5
31,60000,RENT,4.0,HOMEIMPROVEMENT,A,4200,8.49,0.07,0,10
22,41000,RENT,2.0,DEBTCONSOLIDATION,B,11000,12.18,0.27,0,4
29,130000,MORTGAGE,13.0,DEBTCONSOLIDATION,C,6000,13.04,0.05,1,9
23,98000,MORTGAGE,3.0,VENTURE,A,10000,8.94,0.1,0,3
31,125000,MORTGAGE,2.0,PERSONAL,B,25000,10.75,0.2,0,7
32,25000,RENT,1.0,DEBTCONSOLIDATION,A,10000,8.49,0.4,0,10
22,28000,RENT,0.0,MEDICAL,B,1200,12.69,0.04,0,3
31,79050,RENT,7.0,MEDICAL,C,11200,13.99,0.12,0,8
22,55000,RENT,6.0,EDUCATION,C,6000,14.27,0.11,1,2
32,120000,RENT,5.0,VENTURE,E,15000,15.68,0.13,0,7
27,50000,MORTGAGE,2.0,VENTURE,C,10750,13.48,0.21,0,7
27,71000,RENT,11.0,EDUCATION,B,15000,9.01,0.21,0,6
24,90000,MORTGAGE,1.0,PERSONAL,C,12000,13.48,0.13,1,4
24,36000,RENT,6.0,PERSONAL,D,8000,15.28,0.22,0,3
32,54000,MORTGAGE,0.0,DEBTCONSOLIDATION,A,5000,5.79,0.09,0,6
27,60000,MORTGAGE,3.0,EDUCATION,C,5000,12.73,0.08,1,8
22,44000,MORTGAGE,1.0,DEBTCONSOLIDATION,B,18900,10.14,0.43,0,2
27,82500,MORTGAGE,3.0,DEBTCONSOLIDATION,A,11100,8.94,0.13,0,7
33,50800,RENT,16.0,VENTURE,E,10000,16.4,0.2,1,10
27,110000,MORTGAGE,0.0,MEDICAL,B,10000,10.37,0.09,0,9
25,42000,RENT,3.0,EDUCATION,A,8000,7.49,0.19,0,4
28,35004,RENT,2.0,EDUCATION,B,4000,12.53,0.11,0,5
25,63000,RENT,0.0,DEBTCONSOLIDATION,B,1500,12.42,0.02,0,4
28,73000,RENT,3.0,DEBTCONSOLIDATION,C,1000,13.48,0.01,0,7
42,125000,MORTGAGE,5.0,VENTURE,A,35000,7.9,0.28,0,17
29,14400,RENT,3.0,EDUCATION,D,1000,16.32,0.07,1,8
24,32000,RENT,1.0,HOMEIMPROVEMENT,C,6000,13.49,0.19,0,3
25,63000,RENT,3.0,MEDICAL,A,8900,7.29,0.14,0,3
41,268000,MORTGAGE,0.0,PERSONAL,B,24000,10.37,0.09,0,11
27,65000,MORTGAGE,7.0,HOMEIMPROVEMENT,B,12000,11.36,0.18,0,8
26,65000,RENT,5.0,HOMEIMPROVEMENT,C,10000,14.27,0.15,0,4
33,143004,MORTGAGE,17.0,HOMEIMPROVEMENT,A,10000,6.99,0.07,0,7
25,107000,MORTGAGE,10.0,HOMEIMPROVEMENT,A,3000,7.49,0.03,0,2
37,60000,RENT,4.0,MEDICAL,B,14400,10.62,0.24,0,15
25,58560,MORTGAGE,9.0,DEBTCONSOLIDATION,B,5000,10.59,0.09,0,4
24,78000,MORTGAGE,8.0,DEBTCONSOLIDATION,A,3600,5.42,0.05,0,4
22,60000,RENT,3.0,PERSONAL,A,7500,6.17,0.13,0,3
29,115500,RENT,1.0,EDUCATION,B,20000,10.46,0.17,0,9
26,64000,MORTGAGE,9.0,DEBTCONSOLIDATION,D,8000,12.17,0.13,0,4
23,94965,MORTGAGE,3.0,EDUCATION,C,8000,13.22,0.08,0,2
24,95000,MORTGAGE,2.0,VENTURE,B,20000,10.62,0.21,0,4
24,51000,OWN,8.0,HOMEIMPROVEMENT,A,9000,7.14,0.18,0,3
24,80000,MORTGAGE,8.0,EDUCATION,A,7500,8.63,0.09,0,4
32,78400,MORTGAGE,2.0,EDUCATION,B,1200,10.0,0.02,0,5
22,118812,MORTGAGE,6.0,MEDICAL,C,15000,13.35,0.13,0,2
23,30000,MORTGAGE,4.0,MEDICAL,D,4000,16.32,0.13,0,2
27,45000,MORTGAGE,9.0,MEDICAL,B,12000,9.76,0.27,0,6
22,110000,RENT,6.0,DEBTCONSOLIDATION,C,20000,13.72,0.18,0,3
46,70000,MORTGAGE,5.0,PERSONAL,A,8000,7.29,0.11,0,13
25,23000,MORTGAGE,4.0,PERSONAL,C,10000,13.48,0.43,1,2
29,79200,MORTGAGE,4.0,VENTURE,A,8000,5.42,0.1,0,9
26,300000,MORTGAGE,10.0,MEDICAL,C,7800,13.49,0.03,0,4
29,71000,MORTGAGE,4.0,HOMEIMPROVEMENT,C,11000,13.43,0.15,1,6
28,140000,MORTGAGE,4.0,HOMEIMPROVEMENT,C,18000,14.65,0.13,1,7
27,114000,MORTGAGE,7.0,EDUCATION,C,20000,13.06,0.18,1,8
35,45000,MORTGAGE,4.0,DEBTCONSOLIDATION,A,7500,7.29,0.17,0,9
34,50000,RENT,0.0,HOMEIMPROVEMENT,C,15000,12.72,0.3,1,9
33,45600,RENT,0.0,DEBTCONSOLIDATION,A,11200,5.79,0.25,0,8
27,123996,MORTGAGE,11.0,MEDICAL,A,6500,8.0,0.05,0,6
23,49000,MORTGAGE,7.0,DEBTCONSOLIDATION,A,2400,7.66,0.05,0,3
27,120000,MORTGAGE,11.0,EDUCATION,B,20000,10.65,0.17,0,8
23,56000,RENT,3.0,DEBTCONSOLIDATION,A,11000,7.49,0.2,0,4
49,86400,RENT,0.0,MEDICAL,C,4000,13.48,0.05,0,17
24,36852,MORTGAGE,4.0,EDUCATION,B,6000,9.99,0.16,0,4
23,70550,RENT,3.0,MEDICAL,F,25000,19.04,0.3,1,4
25,25716,RENT,1.0,MEDICAL,A,9250,6.54,0.36,0,3
29,70000,OTHER,1.0,PERSONAL,B,5000,11.14,0.07,0,6
23,45000,RENT,2.0,EDUCATION,B,9600,10.25,0.21,0,2
37,90000,RENT,15.0,HOMEIMPROVEMENT,A,12000,7.51,0.13,0,11
30,504000,RENT,4.0,DEBTCONSOLIDATION,B,3000,11.36,0.01,0,9
23,34174,MORTGAGE,8.0,PERSONAL,C,9000,13.47,0.26,0,4
23,70000,RENT,5.0,MEDICAL,B,8000,11.99,0.11,0,4
25,53000,MORTGAGE,10.0,MEDICAL,B,16000,12.53,0.3,0,2
27,48000,RENT,5.0,MEDICAL,B,9000,10.99,0.19,0,10
23,44340,OWN,0.0,VENTURE,C,3000,12.98,0.07,1,3
33,135000,MORTGAGE,6.0,MEDICAL,B,22250,10.99,0.16,0,9
33,44000,RENT,3.0,HOMEIMPROVEMENT,B,2725,12.18,0.06,0,7
22,37200,RENT,6.0,MEDICAL,B,10000,10.99,0.27,0,3
28,105000,MORTGAGE,1.0,MEDICAL,B,25000,11.12,0.24,0,9
27,75000,MORTGAGE,6.0,MEDICAL,A,10000,5.79,0.13,0,7
35,45996,MORTGAGE,0.0,VENTURE,D,15000,14.42,0.33,1,7
25,18204,RENT,0.0,EDUCATION,C,4500,13.61,0.25,0,2
30,42000,RENT,4.0,MEDICAL,C,10000,16.11,0.24,0,9
21,24000,RENT,5.0,EDUCATION,A,10000,7.49,0.42,0,2
25,72000,MORTGAGE,9.0,PERSONAL,F,18000,20.89,0.25,1,4
29,97000,MORTGAGE,13.0,VENTURE,C,10000,14.65,0.1,0,8
21,50000,MORTGAGE,5.0,PERSONAL,C,9000,13.49,0.18,0,2
28,95000,MORTGAGE,9.0,MEDICAL,C,5000,13.48,0.05,1,7
21,35000,MORTGAGE,2.0,VENTURE,A,800,7.37,0.02,0,3
28,48000,MORTGAGE,4.0,DEBTCONSOLIDATION,C,5000,14.65,0.1,1,7
23,44500,MORTGAGE,4.0,EDUCATION,B,9250,9.62,0.21,0,3
33,104000,MORTGAGE,3.0,EDUCATION,A,16000,7.49,0.15,0,9
27,116000,MORTGAGE,0.0,EDUCATION,C,3500,12.53,0.03,0,10
33,24000,RENT,2.0,MEDICAL,A,3000,6.62,0.13,0,9
24,145000,MORTGAGE,0.0,PERSONAL,B,7000,10.99,0.05,0,2
29,290000,MORTGAGE,13.0,PERSONAL,B,13175,10.99,0.05,0,7
26,79000,MORTGAGE,4.0,DEBTCONSOLIDATION,C,18500,13.48,0.23,1,3
22,85000,MORTGAGE,2.0,VENTURE,A,6000,7.88,0.07,0,2
23,92000,MORTGAGE,2.0,DEBTCONSOLIDATION,B,15000,9.91,0.16,0,2
36,14004,RENT,0.0,MEDICAL,D,4800,15.28,0.34,0,15
24,54000,MORTGAGE,5.0,MEDICAL,B,9000,11.14,0.17,0,4
29,60000,RENT,5.0,MEDICAL,A,10000,7.88,0.17,0,8
42,316800,MORTGAGE,3.0,PERSONAL,D,19400,15.31,0.06,1,13
29,120000,MORTGAGE,5.0,DEBTCONSOLIDATION,A,14000,6.17,0.12,0,9
21,29004,MORTGAGE,3.0,EDUCATION,E,7400,17.56,0.26,0,3
22,50000,OWN,1.0,MEDICAL,A,3600,7.49,0.07,0,2
24,87000,MORTGAGE,5.0,DEBTCONSOLIDATION,B,10000,10.36,0.11,0,2
36,99500,OWN,5.0,VENTURE,A,4000,7.74,0.04,0,16
22,63000,RENT,2.0,DEBTCONSOLIDATION,A,5000,7.74,0.08,0,3
23,33000,RENT,1.0,EDUCATION,C,8950,13.22,0.27,1,3
30,60000,RENT,7.0,PERSONAL,C,18950,15.96,0.32,1,6
42,153936,OWN,26.0,PERSONAL,A,20000,7.49,0.13,0,15
32,38400,OWN,4.0,MEDICAL,B,2400,9.99,0.06,0,7
31,258000,MORTGAGE,3.0,PERSONAL,A,28000,5.99,0.11,0,5
23,69000,MORTGAGE,7.0,MEDICAL,C,8325,13.49,0.12,0,4
25,65000,MORTGAGE,2.0,MEDICAL,B,10000,10.75,0.15,0,4
25,120000,MORTGAGE,9.0,PERSONAL,A,10000,5.42,0.08,0,4
33,98000,RENT,2.0,EDUCATION,A,20000,6.91,0.2,0,5
25,50400,MORTGAGE,4.0,HOMEIMPROVEMENT,A,6000,7.14,0.12,0,4
30,103500,MORTGAGE,14.0,VENTURE,D,24150,14.61,0.23,0,9
33,14400,OWN,0.0,VENTURE,C,2000,14.79,0.14,0,8
24,49992,RENT,5.0,VENTURE,D,8000,15.95,0.16,1,2
26,39000,RENT,11.0,EDUCATION,C,3000,13.48,0.08,1,2
26,54000,RENT,10.0,PERSONAL,B,1000,11.71,0.02,0,3
23,26976,RENT,4.0,PERSONAL,A,9000,7.51,0.33,0,4
30,34000,RENT,2.0,DEBTCONSOLIDATION,D,1500,14.61,0.04,1,5
23,45204,MORTGAGE,0.0,EDUCATION,B,4750,12.21,0.11,0,4
26,45000,MORTGAGE,10.0,PERSONAL,A,1500,6.76,0.03,0,4
22,54000,RENT,5.0,HOMEIMPROVEMENT,D,3200,16.49,0.06,1,4
36,66847,RENT,3.0,PERSONAL,D,10000,16.0,0.15,1,14
23,45000,OWN,3.0,MEDICAL,A,7000,9.63,0.16,0,3
26,75000,MORTGAGE,6.0,MEDICAL,A,6375,5.99,0.09,0,3
28,110000,MORTGAGE,12.0,MEDICAL,A,6000,6.03,0.05,0,5
22,36000,RENT,5.0,MEDICAL,D,5000,16.32,0.14,0,4
25,77078,MORTGAGE,1.0,DEBTCONSOLIDATION,B,3425,12.18,0.04,0,4
27,72000,MORTGAGE,5.0,MEDICAL,A,11500,6.91,0.16,0,10
22,48000,RENT,3.0,MEDICAL,A,13000,7.88,0.27,0,2
30,45000,MORTGAGE,11.0,VENTURE,C,10000,13.57,0.22,1,6
39,52000,RENT,5.0,PERSONAL,B,6500,10.99,0.13,0,12
22,38000,MORTGAGE,5.0,DEBTCONSOLIDATION,B,10000,12.21,0.26,0,3
29,48000,OWN,3.0,PERSONAL,C,9600,12.23,0.2,1,8
31,50000,RENT,9.0,DEBTCONSOLIDATION,A,12000,6.03,0.24,0,6
25,34500,RENT,1.0,VENTURE,E,18250,17.04,0.53,0,3
32,110888,MORTGAGE,0.0,HOMEIMPROVEMENT,B,10400,9.91,0.09,0,7
23,54000,MORTGAGE,8.0,VENTURE,A,3000,5.42,0.06,0,2
24,56000,MORTGAGE,1.0,VENTURE,C,10000,14.35,0.18,0,4
24,141000,OWN,8.0,PERSONAL,A,10000,7.49,0.07,0,2
23,36000,RENT,0.0,MEDICAL,A,3000,7.29,0.08,0,3
24,109720,MORTGAGE,2.0,VENTURE,B,20000,10.75,0.18,0,4
32,11688,RENT,4.0,PERSONAL,C,5600,13.48,0.48,1,10
21,30000,RENT,1.0,PERSONAL,D,5600,14.46,0.19,0,2
25,47412,MORTGAGE,0.0,EDUCATION,A,6500,8.59,0.14,0,3
26,35000,MORTGAGE,0.0,HOMEIMPROVEMENT,A,3800,6.54,0.11,0,3
25,85000,MORTGAGE,4.0,HOMEIMPROVEMENT,A,5000,6.17,0.06,0,2
24,65000,RENT,3.0,EDUCATION,A,3500,7.74,0.05,0,3
26,72000,RENT,6.0,PERSONAL,A,15000,6.92,0.21,0,3
22,40000,OWN,0.0,EDUCATION,B,6000,11.48,0.15,0,4
22,44004,MORTGAGE,3.0,VENTURE,D,9000,14.11,0.2,1,3
25,53481,OWN,4.0,EDUCATION,A,15000,6.03,0.28,0,3
32,170000,RENT,9.0,PERSONAL,B,10000,11.14,0.06,0,5
28,37000,RENT,2.0,VENTURE,B,4500,11.11,0.12,0,6
32,59000,RENT,1.0,PERSONAL,D,8000,14.96,0.14,1,10
34,19200,RENT,12.0,DEBTCONSOLIDATION,B,4750,11.83,0.25,0,10
29,28140,RENT,0.0,MEDICAL,A,5000,7.29,0.18,0,9
22,55000,OWN,4.0,VENTURE,A,1275,6.91,0.02,0,3
24,36000,RENT,5.0,VENTURE,D,3525,14.59,0.1,1,3
24,32500,OWN,2.0,EDUCATION,D,5600,14.42,0.17,0,3
42,55392,RENT,17.0,DEBTCONSOLIDATION,D,7000,15.95,0.13,1,15
26,45000,RENT,2.0,DEBTCONSOLIDATION,A,9050,7.29,0.2,0,3
29,46296,RENT,14.0,EDUCATION,D,8800,14.42,0.19,0,7
21,65000,MORTGAGE,2.0,VENTURE,B,8400,11.86,0.13,0,4
33,98000,RENT,2.0,HOMEIMPROVEMENT,A,20000,6.91,0.2,0,7
21,21816,MORTGAGE,2.0,PERSONAL,B,1500,11.86,0.07,0,3
22,18000,OWN,1.0,DEBTCONSOLIDATION,B,3000,9.96,0.17,0,3
26,37200,MORTGAGE,10.0,DEBTCONSOLIDATION,C,16000,13.11,0.43,0,2
34,109800,MORTGAGE,12.0,DEBTCONSOLIDATION,B,10000,10.99,0.09,0,8
21,74000,MORTGAGE,0.0,DEBTCONSOLIDATION,B,15000,11.99,0.2,0,3
26,96000,RENT,6.0,PERSONAL,C,19000,13.22,0.2,1,2
28,125004,MORTGAGE,9.0,PERSONAL,A,12000,7.14,0.1,0,5
33,39504,MORTGAGE,17.0,PERSONAL,A,3000,7.37,0.08,0,9
26,70885,MORTGAGE,10.0,DEBTCONSOLIDATION,A,1000,6.39,0.01,0,4
21,30000,RENT,6.0,PERSONAL,A,3200,7.49,0.11,0,2
28,200000,MORTGAGE,2.0,MEDICAL,A,15000,8.9,0.07,0,10
24,40000,RENT,1.0,MEDICAL,B,1000,10.99,0.03,0,3
25,80000,RENT,0.0,MEDICAL,B,10000,10.37,0.13,0,2
27,58800,MORTGAGE,0.0,EDUCATION,C,9800,13.22,0.17,1,9
26,95000,RENT,0.0,VENTURE,B,12000,10.65,0.13,0,3
40,15864,RENT,4.0,MEDICAL,B,2375,11.11,0.15,0,12
24,21000,RENT,2.0,MEDICAL,B,1800,10.65,0.09,0,2
30,19200,OWN,4.0,PERSONAL,A,2100,7.14,0.11,0,5
27,225000,MORTGAGE,1.0,DEBTCONSOLIDATION,B,14000,10.99,0.06,0,6
25,78000,MORTGAGE,9.0,EDUCATION,B,14200,11.48,0.18,0,3
26,30576,MORTGAGE,10.0,MEDICAL,D,3000,14.46,0.1,1,2
25,38000,RENT,9.0,EDUCATION,B,4800,11.71,0.13,0,3
23,136000,MORTGAGE,2.0,PERSONAL,D,9800,15.99,0.07,1,3
41,56004,RENT,4.0,VENTURE,B,12800,11.48,0.23,0,12
27,62900,RENT,9.0,MEDICAL,D,7450,15.99,0.1,0,10
22,54000,MORTGAGE,4.0,MEDICAL,B,15000,11.99,0.28,0,2
25,45000,RENT,2.0,EDUCATION,A,11250,9.38,0.25,0,4
33,37200,MORTGAGE,3.0,EDUCATION,A,3000,6.92,0.08,0,5
24,74004,MORTGAGE,8.0,DEBTCONSOLIDATION,D,8000,15.21,0.11,0,3
22,22000,OWN,1.0,DEBTCONSOLIDATION,D,8500,15.05,0.39,0,4
22,84000,MORTGAGE,6.0,DEBTCONSOLIDATION,A,7500,8.63,0.09,0,2
23,50000,MORTGAGE,7.0,MEDICAL,D,7500,15.62,0.15,0,3
39,116000,RENT,1.0,VENTURE,C,8000,15.27,0.07,0,11
22,100000,MORTGAGE,0.0,DEBTCONSOLIDATION,B,20000,11.83,0.2,0,2
26,28000,RENT,2.0,HOMEIMPROVEMENT,D,3250,14.59,0.12,0,4
28,50176,RENT,3.0,MEDICAL,B,5000,10.59,0.1,0,9
22,60000,RENT,6.0,MEDICAL,B,6000,11.99,0.1,0,3
22,60000,MORTGAGE,1.0,EDUCATION,C,7500,11.66,0.13,0,2
29,69000,MORTGAGE,5.0,HOMEIMPROVEMENT,A,14000,7.51,0.2,0,5
27,48000,RENT,4.0,MEDICAL,A,2800,7.49,0.06,0,5
27,36000,RENT,11.0,HOMEIMPROVEMENT,D,15000,16.77,0.42,0,9
28,80000,MORTGAGE,5.0,HOMEIMPROVEMENT,C,15000,14.17,0.19,0,8
23,40000,RENT,2.0,EDUCATION,B,17475,9.91,0.44,0,2
36,50000,RENT,3.0,VENTURE,B,3000,11.26,0.06,0,11
23,29000,OWN,4.0,MEDICAL,F,10000,18.62,0.34,1,3
23,45600,RENT,5.0,MEDICAL,C,4250,13.48,0.09,1,2
24,40000,MORTGAGE,3.0,EDUCATION,B,6400,9.91,0.16,0,4
28,53500,RENT,4.0,VENTURE,B,5000,12.18,0.09,0,5
23,55000,MORTGAGE,5.0,EDUCATION,A,15000,6.17,0.27,0,3
23,57500,RENT,2.0,MEDICAL,B,9000,10.37,0.16,0,3
23,32400,RENT,7.0,EDUCATION,A,10000,8.49,0.31,0,3
35,46654,MORTGAGE,19.0,EDUCATION,B,17000,11.83,0.36,0,10
41,30840,RENT,8.0,MEDICAL,B,6000,10.59,0.19,0,13
30,93132,MORTGAGE,10.0,HOMEIMPROVEMENT,A,2500,5.99,0.03,0,6
23,75000,RENT,4.0,MEDICAL,B,15000,10.99,0.2,0,3
25,23198,RENT,2.0,VENTURE,A,6000,8.0,0.26,0,2
26,55000,RENT,1.0,EDUCATION,C,3000,13.48,0.05,1,2
25,40000,RENT,5.0,PERSONAL,A,1200,8.0,0.03,0,4
25,112000,RENT,7.0,DEBTCONSOLIDATION,B,5000,10.25,0.04,0,3
36,45000,RENT,12.0,MEDICAL,D,10000,15.99,0.22,0,14
39,60000,RENT,3.0,PERSONAL,B,8000,9.88,0.13,0,14
34,72000,RENT,2.0,VENTURE,B,20000,11.89,0.28,0,10
25,42500,RENT,1.0,PERSONAL,C,8000,13.48,0.19,1,4
26,139992,MORTGAGE,0.0,EDUCATION,B,14400,10.99,0.1,0,4
31,54000,MORTGAGE,12.0,HOMEIMPROVEMENT,A,15000,8.49,0.28,0,5
22,31200,RENT,3.0,VENTURE,C,4200,13.57,0.13,1,2
23,44004,OWN,7.0,MEDICAL,A,17000,6.62,0.39,0,2
30,70000,RENT,2.0,MEDICAL,C,8000,13.11,0.11,1,6
22,85000,MORTGAGE,4.0,MEDICAL,A,12000,6.91,0.14,0,3
25,70000,OWN,4.0,HOMEIMPROVEMENT,D,12000,14.59,0.17,0,2
22,36000,RENT,0.0,MEDICAL,A,4000,5.42,0.11,0,3
23,39000,RENT,7.0,MEDICAL,B,12000,10.83,0.31,0,3
22,14400,RENT,0.0,PERSONAL,B,1200,10.37,0.08,0,2
26,70000,MORTGAGE,10.0,PERSONAL,B,8000,10.0,0.11,0,2
23,70522,RENT,7.0,MEDICAL,C,9325,10.91,0.13,1,3
21,49200,RENT,4.0,EDUCATION,C,6000,13.72,0.12,0,3
29,72000,OWN,1.0,EDUCATION,C,10000,13.48,0.14,0,6
29,98000,MORTGAGE,11.0,DEBTCONSOLIDATION,C,1825,14.27,0.02,0,6
28,34000,MORTGAGE,12.0,MEDICAL,D,3500,15.58,0.1,0,6
27,60000,RENT,2.0,HOMEIMPROVEMENT,B,8800,11.36,0.15,0,10
25,42288,RENT,2.0,EDUCATION,B,5000,10.99,0.12,0,2
25,32000,RENT,4.0,VENTURE,A,5100,8.38,0.16,0,3
23,28000,OWN,6.0,VENTURE,B,7000,9.99,0.25,0,4
36,106000,MORTGAGE,15.0,HOMEIMPROVEMENT,A,4025,7.49,0.04,0,14
24,45000,RENT,1.0,DEBTCONSOLIDATION,B,3000,9.99,0.07,0,4
29,200000,RENT,14.0,EDUCATION,B,16000,12.69,0.08,0,7
32,45000,RENT,1.0,DEBTCONSOLIDATION,B,5000,10.36,0.11,0,5
28,73073,MORTGAGE,8.0,VENTURE,A,4200,5.79,0.06,0,7
23,91000,RENT,5.0,EDUCATION,B,10000,10.2,0.11,0,2
22,62400,MORTGAGE,6.0,EDUCATION,D,2400,14.46,0.04,1,2
27,55200,OWN,4.0,PERSONAL,B,4000,10.99,0.07,0,10
25,96000,RENT,5.0,MEDICAL,B,15000,11.58,0.16,0,4
30,24000,RENT,0.0,DEBTCONSOLIDATION,B,5000,10.59,0.21,0,6
25,22000,RENT,3.0,VENTURE,A,7200,5.79,0.33,0,2
24,50000,RENT,0.0,EDUCATION,C,15000,13.49,0.3,1,4
33,42000,MORTGAGE,2.0,PERSONAL,A,9050,7.49,0.22,0,7
31,45000,MORTGAGE,15.0,HOMEIMPROVEMENT,C,15000,13.06,0.33,1,5
22,29000,RENT,6.0,HOMEIMPROVEMENT,A,4200,6.62,0.14,0,2
22,56000,RENT,6.0,MEDICAL,A,5600,8.32,0.1,0,2
21,18000,RENT,0.0,DEBTCONSOLIDATION,A,3000,7.9,0.17,0,2
32,47000,OWN,8.0,VENTURE,A,6000,8.9,0.13,0,5
23,68000,MORTGAGE,2.0,VENTURE,B,10000,10.37,0.15,0,2
25,31920,MORTGAGE,8.0,MEDICAL,C,4500,13.48,0.14,1,2
27,98000,MORTGAGE,11.0,PERSONAL,B,17000,8.88,0.17,0,5
23,149385,OWN,7.0,VENTURE,A,7000,8.94,0.05,0,4
26,31200,RENT,8.0,PERSONAL,A,5000,8.63,0.16,0,2
44,37000,RENT,0.0,PERSONAL,C,3500,12.87,0.09,0,13
22,68000,MORTGAGE,6.0,VENTURE,D,20000,16.77,0.29,1,3
36,39520,OWN,14.0,VENTURE,A,5000,5.79,0.13,0,16
25,60000,MORTGAGE,9.0,VENTURE,B,12000,10.99,0.2,0,2
25,54000,RENT,4.0,HOMEIMPROVEMENT,B,8000,9.91,0.15,0,2
23,103240,MORTGAGE,0.0,VENTURE,A,4000,7.49,0.04,0,4
26,46000,MORTGAGE,3.0,HOMEIMPROVEMENT,B,11000,12.69,0.24,0,2
31,90000,MORTGAGE,11.0,DEBTCONSOLIDATION,B,6000,11.71,0.07,0,8
25,24996,RENT,3.0,EDUCATION,C,7500,12.98,0.3,1,3
24,27456,RENT,1.0,MEDICAL,C,9250,12.87,0.34,0,3
23,60000,MORTGAGE,7.0,EDUCATION,A,12000,5.99,0.2,0,3
24,98004,RENT,0.0,VENTURE,D,16000,16.32,0.16,1,4
37,74400,OWN,21.0,VENTURE,A,7500,7.05,0.1,0,14
23,90000,MORTGAGE,1.0,EDUCATION,E,15000,16.32,0.17,0,2
24,85000,MORTGAGE,8.0,VENTURE,A,15000,7.9,0.18,0,2
23,52000,RENT,5.0,DEBTCONSOLIDATION,C,8000,13.22,0.15,0,2
27,43200,RENT,2.0,DEBTCONSOLIDATION,D,4500,16.07,0.1,1,5
23,40000,RENT,3.0,EDUCATION,B,10000,10.75,0.25,0,4
57,56650,RENT,1.0,PERSONAL,C,5000,15.96,0.09,0,24
25,39204,RENT,3.0,PERSONAL,F,10500,18.535,0.27,1,4
29,43800,OWN,13.0,HOMEIMPROVEMENT,A,4800,7.05,0.11,0,7
26,51996,RENT,1.0,PERSONAL,C,10000,13.23,0.19,1,4
29,32400,RENT,4.0,MEDICAL,A,5000,8.9,0.15,0,8
27,49500,MORTGAGE,7.0,VENTURE,C,4750,15.27,0.1,0,7
22,36000,MORTGAGE,0.0,EDUCATION,B,12375,10.99,0.34,0,3
28,90000,RENT,5.0,DEBTCONSOLIDATION,C,7000,12.87,0.08,1,10
20,188004,MORTGAGE,4.0,EDUCATION,A,2000,8.59,0.01,0,4
23,100000,RENT,5.0,EDUCATION,A,5000,6.03,0.05,0,2
23,105000,RENT,7.0,MEDICAL,B,7200,11.71,0.07,0,2
25,42000,RENT,6.0,VENTURE,B,6850,10.99,0.16,0,4
24,77500,RENT,0.0,DEBTCONSOLIDATION,B,6800,10.99,0.09,0,3
26,56000,MORTGAGE,11.0,MEDICAL,B,12000,11.89,0.21,0,3
24,85000,RENT,1.0,MEDICAL,A,11000,6.91,0.13,0,2
21,12000,RENT,5.0,EDUCATION,A,3000,8.9,0.25,0,4
23,18000,RENT,5.0,DEBTCONSOLIDATION,B,4000,10.99,0.22,0,3
34,80000,RENT,6.0,EDUCATION,C,14000,14.27,0.17,1,7
29,89000,RENT,1.0,EDUCATION,A,28800,7.49,0.32,0,6
25,60000,OWN,0.0,VENTURE,B,9000,9.91,0.15,0,3
22,15996,RENT,3.0,DEBTCONSOLIDATION,C,4000,13.35,0.25,1,2
28,48000,RENT,2.0,VENTURE,B,4600,11.86,0.1,0,8
51,67619,MORTGAGE,11.0,PERSONAL,C,15000,13.11,0.22,0,27
25,44000,MORTGAGE,6.0,HOMEIMPROVEMENT,A,7000,6.03,0.16,0,3
23,72000,MORTGAGE,7.0,EDUCATION,B,11875,10.38,0.16,0,3
24,30000,OWN,7.0,HOMEIMPROVEMENT,C,10000,12.61,0.33,0,3
36,84000,MORTGAGE,14.0,VENTURE,A,1000,7.51,0.01,0,16
23,70000,MORTGAGE,4.0,EDUCATION,A,8400,8.0,0.12,0,3
22,55000,OWN,4.0,PERSONAL,A,1275,6.91,0.02,0,4
24,96000,MORTGAGE,8.0,HOMEIMPROVEMENT,A,35000,7.9,0.36,0,4
27,15600,RENT,1.0,HOMEIMPROVEMENT,D,2250,18.25,0.14,0,6
24,24000,RENT,5.0,PERSONAL,C,5500,14.27,0.23,1,3
32,59500,RENT,3.0,EDUCATION,D,6000,13.36,0.1,1,8
32,140000,MORTGAGE,16.0,VENTURE,B,25000,10.08,0.18,0,7
33,55000,MORTGAGE,7.0,HOMEIMPROVEMENT,B,3500,10.65,0.06,0,5
25,28000,RENT,6.0,VENTURE,A,4000,6.39,0.14,0,3
22,83000,OWN,6.0,DEBTCONSOLIDATION,D,25000,15.95,0.3,1,4
24,156000,MORTGAGE,8.0,EDUCATION,B,15000,10.25,0.1,0,3
35,126400,MORTGAGE,0.0,DEBTCONSOLIDATION,B,13000,10.38,0.1,0,8
25,122000,MORTGAGE,9.0,PERSONAL,C,20000,13.23,0.16,0,4
28,15600,RENT,4.0,HOMEIMPROVEMENT,B,5000,10.37,0.32,0,9
23,90000,RENT,0.0,EDUCATION,A,12000,8.9,0.13,0,2
30,59000,MORTGAGE,4.0,MEDICAL,A,10000,8.0,0.17,0,9
29,36000,RENT,4.0,EDUCATION,A,6000,5.99,0.17,0,6
40,36100,RENT,9.0,VENTURE,B,15250,12.53,0.42,0,16
22,49200,MORTGAGE,6.0,MEDICAL,C,6500,12.68,0.13,1,2
25,98000,MORTGAGE,2.0,PERSONAL,A,6400,9.63,0.07,0,4
28,41600,OWN,0.0,VENTURE,B,13000,11.58,0.31,0,9
27,27900,RENT,3.0,MEDICAL,A,10625,7.9,0.38,0,5
24,72000,MORTGAGE,8.0,PERSONAL,A,12000,6.03,0.17,0,2
26,20000,MORTGAGE,1.0,DEBTCONSOLIDATION,A,1500,7.74,0.07,0,4
26,26000,RENT,2.0,PERSONAL,B,7500,12.18,0.29,0,2
21,19000,RENT,3.0,EDUCATION,C,4000,14.35,0.21,1,3
31,40000,RENT,4.0,EDUCATION,A,7200,9.63,0.18,0,8
25,51850,RENT,2.0,MEDICAL,C,3600,13.99,0.06,0,2
25,36000,OWN,10.0,MEDICAL,B,11200,9.76,0.31,0,2
31,125000,MORTGAGE,5.0,MEDICAL,B,18000,11.99,0.14,0,7
31,40000,MORTGAGE,5.0,HOMEIMPROVEMENT,B,11000,9.99,0.28,0,8
23,28800,RENT,1.0,PERSONAL,D,1675,15.21,0.06,1,2
26,52700,MORTGAGE,3.0,MEDICAL,D,7500,13.8,0.12,0,2
46,48956,RENT,0.0,MEDICAL,B,2800,10.59,0.06,0,13
23,20400,RENT,3.0,PERSONAL,C,3125,12.61,0.15,0,3
26,34000,MORTGAGE,6.0,DEBTCONSOLIDATION,A,12000,6.03,0.35,0,4
23,108000,RENT,1.0,MEDICAL,C,3800,14.26,0.04,1,4
25,67000,MORTGAGE,0.0,EDUCATION,A,7000,8.63,0.1,0,3
31,250000,MORTGAGE,14.0,PERSONAL,D,12000,14.09,0.05,1,6
25,44000,RENT,1.0,EDUCATION,D,15000,14.59,0.34,0,3
29,65000,MORTGAGE,2.0,MEDICAL,A,4800,7.49,0.07,0,5
25,33000,OWN,7.0,VENTURE,B,8000,10.38,0.24,0,2
30,74000,MORTGAGE,0.0,PERSONAL,A,7625,7.49,0.1,0,5
23,27996,RENT,3.0,MEDICAL,C,5500,12.53,0.2,0,2
32,34310,RENT,2.0,VENTURE,D,12000,14.96,0.35,1,8
23,24000,OWN,5.0,EDUCATION,B,7000,11.86,0.29,0,4
25,33000,RENT,9.0,MEDICAL,A,3200,5.42,0.1,0,4
23,30000,OWN,4.0,VENTURE,A,7000,7.49,0.23,0,3
58,27000,RENT,0.0,HOMEIMPROVEMENT,D,3500,16.0,0.13,1,21
24,61147,MORTGAGE,5.0,MEDICAL,A,17000,6.03,0.28,0,4
33,85000,RENT,16.0,DEBTCONSOLIDATION,C,20000,15.27,0.24,0,10
53,85000,RENT,2.0,PERSONAL,A,8000,7.74,0.09,0,26
21,35000,RENT,6.0,VENTURE,A,10000,7.66,0.29,0,3
32,36000,OWN,3.0,EDUCATION,B,5000,10.0,0.14,0,6
31,84000,MORTGAGE,2.0,EDUCATION,D,10400,14.96,0.12,0,7
30,96000,RENT,3.0,PERSONAL,B,25000,10.99,0.26,0,6
26,70000,MORTGAGE,9.0,VENTURE,A,35000,7.9,0.5,0,2
31,240000,MORTGAGE,15.0,MEDICAL,A,5500,5.42,0.02,0,5
23,30000,RENT,4.0,VENTURE,A,1000,7.49,0.03,0,3
23,25500,MORTGAGE,2.0,DEBTCONSOLIDATION,C,7850,13.49,0.31,0,4
21,34500,RENT,5.0,EDUCATION,A,10500,8.49,0.3,0,3
27,35000,RENT,4.0,EDUCATION,B,12800,10.0,0.37,0,7
22,31356,MORTGAGE,6.0,DEBTCONSOLIDATION,D,11225,15.31,0.36,1,2
23,43500,RENT,0.0,MEDICAL,C,10450,13.57,0.24,0,2
23,20000,RENT,6.0,PERSONAL,C,4000,12.23,0.2,1,2
32,30000,RENT,4.0,PERSONAL,C,3000,13.49,0.1,1,6
22,74000,RENT,6.0,VENTURE,B,8500,11.71,0.11,0,4
36,150000,OWN,8.0,VENTURE,A,7200,6.92,0.05,0,13
27,100000,MORTGAGE,4.0,EDUCATION,F,20500,18.67,0.2,0,7
40,87048,MORTGAGE,11.0,PERSONAL,A,17600,7.9,0.2,0,13
22,18000,RENT,1.0,EDUCATION,B,7000,10.65,0.39,0,3
43,46000,RENT,2.0,MEDICAL,D,13000,15.7,0.28,1,15
22,29376,RENT,1.0,EDUCATION,A,2800,7.43,0.1,0,4
22,54000,RENT,6.0,DEBTCONSOLIDATION,D,5000,17.27,0.09,1,2
27,80000,MORTGAGE,7.0,DEBTCONSOLIDATION,B,7400,12.69,0.09,0,7
22,42000,RENT,3.0,DEBTCONSOLIDATION,B,1000,9.62,0.02,0,3
25,25000,RENT,5.0,MEDICAL,B,9000,11.49,0.36,0,2
23,115275,RENT,7.0,EDUCATION,C,7500,11.28,0.07,1,4
25,28800,RENT,2.0,VENTURE,B,3000,11.12,0.1,0,3
23,34000,MORTGAGE,0.0,DEBTCONSOLIDATION,D,2525,13.12,0.07,0,3
23,88000,MORTGAGE,2.0,MEDICAL,C,6625,11.22,0.08,1,3
25,135000,RENT,8.0,PERSONAL,B,24000,10.99,0.18,0,2
41,61000,MORTGAGE,7.0,DEBTCONSOLIDATION,B,15000,10.99,0.25,0,11
24,79632,MORTGAGE,8.0,EDUCATION,C,7200,14.17,0.09,1,3
23,97000,RENT,7.0,VENTURE,B,30000,10.65,0.31,0,2
32,140900,RENT,1.0,PERSONAL,C,10000,14.79,0.07,1,9
24,43000,MORTGAGE,8.0,DEBTCONSOLIDATION,D,10000,16.89,0.23,1,2
22,65416,MORTGAGE,6.0,EDUCATION,A,8000,6.92,0.12,0,2
29,35000,MORTGAGE,11.0,VENTURE,B,5000,10.65,0.14,0,9
29,32800,RENT,13.0,MEDICAL,E,12000,16.45,0.37,0,9
26,24000,RENT,5.0,VENTURE,A,4500,5.79,0.19,0,3
24,112000,RENT,5.0,DEBTCONSOLIDATION,C,5400,15.27,0.05,1,4
25,61800,OWN,1.0,VENTURE,A,4000,7.75,0.06,0,4
23,39456,OWN,7.0,EDUCATION,A,14000,7.29,0.35,0,3
44,36000,MORTGAGE,0.0,VENTURE,B,1000,11.48,0.03,0,15
23,36996,OWN,4.0,MEDICAL,A,10000,7.51,0.27,0,3
34,76000,RENT,4.0,MEDICAL,B,6000,10.99,0.08,0,10
28,75000,RENT,0.0,VENTURE,A,5625,6.91,0.07,0,5
39,18996,RENT,5.0,EDUCATION,A,2000,7.88,0.11,0,12
37,37000,OWN,5.0,VENTURE,B,6075,11.86,0.16,0,14
24,128000,MORTGAGE,7.0,DEBTCONSOLIDATION,D,18000,17.27,0.14,1,2
28,36000,RENT,8.0,PERSONAL,B,5600,11.11,0.16,0,5
22,102000,OWN,1.0,MEDICAL,C,7000,12.87,0.07,0,3
21,35000,OWN,5.0,EDUCATION,C,6500,13.43,0.19,0,2
38,35000,OWN,5.0,EDUCATION,D,1800,16.49,0.05,1,12
24,48000,MORTGAGE,4.0,PERSONAL,A,1200,6.76,0.03,0,3
30,32004,RENT,2.0,PERSONAL,D,8700,15.58,0.27,0,10
29,72000,MORTGAGE,12.0,DEBTCONSOLIDATION,D,12000,15.62,0.17,1,9
40,80004,MORTGAGE,15.0,EDUCATION,A,9500,7.51,0.12,0,12
26,90000,RENT,0.0,MEDICAL,A,12000,9.38,0.13,0,3
42,889000,RENT,13.0,EDUCATION,A,20000,7.49,0.02,0,17
23,130000,MORTGAGE,7.0,EDUCATION,A,5000,5.79,0.04,0,4
33,51000,MORTGAGE,2.0,EDUCATION,A,1200,9.63,0.02,0,7
21,68000,RENT,3.0,MEDICAL,C,3000,11.78,0.04,1,4
29,40000,RENT,2.0,VENTURE,C,9000,14.27,0.23,1,5
27,88000,MORTGAGE,11.0,HOMEIMPROVEMENT,A,5000,8.9,0.06,0,9
34,18000,RENT,0.0,DEBTCONSOLIDATION,B,1500,11.48,0.08,0,8
23,46000,RENT,2.0,DEBTCONSOLIDATION,D,10000,12.61,0.22,0,2
26,65000,MORTGAGE,4.0,EDUCATION,B,6000,11.36,0.09,0,4
29,32000,RENT,3.0,PERSONAL,A,12000,7.49,0.38,0,9
27,29000,RENT,4.0,PERSONAL,A,9750,7.51,0.34,0,6
25,130000,MORTGAGE,5.0,HOMEIMPROVEMENT,A,3000,5.42,0.02,0,2
23,78000,RENT,5.0,VENTURE,D,3000,16.89,0.04,0,3
40,53000,RENT,2.0,MEDICAL,A,3000,9.32,0.06,0,15
23,74064,RENT,3.0,DEBTCONSOLIDATION,B,22000,10.59,0.3,0,3
46,90000,MORTGAGE,5.0,DEBTCONSOLIDATION,A,20000,6.91,0.22,0,15
27,48000,RENT,8.0,MEDICAL,C,5250,15.27,0.11,1,6
24,38000,RENT,6.0,EDUCATION,B,10000,10.99,0.26,0,4
27,65000,MORTGAGE,11.0,VENTURE,A,9000,7.66,0.14,0,6
26,150000,MORTGAGE,10.0,DEBTCONSOLIDATION,B,14000,10.36,0.09,0,3
27,24000,OWN,1.0,EDUCATION,C,6000,13.48,0.25,0,7
27,33000,RENT,5.0,MEDICAL,A,4000,5.99,0.12,0,8
48,100000,MORTGAGE,3.0,DEBTCONSOLIDATION,B,15000,9.88,0.15,0,11
21,41000,RENT,5.0,VENTURE,A,7000,5.79,0.17,0,2
34,45000,RENT,17.0,VENTURE,A,12000,6.03,0.27,0,9
29,141000,MORTGAGE,1.0,VENTURE,A,8000,6.99,0.06,0,9
35,96000,MORTGAGE,5.0,MEDICAL,A,14000,7.49,0.15,0,10
31,54996,RENT,5.0,PERSONAL,A,5000,8.0,0.09,0,9
31,75797,RENT,8.0,MEDICAL,C,5600,13.22,0.07,1,8
24,60000,RENT,1.0,EDUCATION,B,12000,10.99,0.2,0,4
28,33400,MORTGAGE,12.0,PERSONAL,A,16700,7.66,0.5,0,5
34,45204,MORTGAGE,4.0,PERSONAL,A,5000,9.63,0.11,0,9
45,118000,MORTGAGE,15.0,HOMEIMPROVEMENT,B,25000,12.18,0.21,0,12
47,90000,RENT,1.0,VENTURE,D,25000,15.65,0.28,1,17
22,69000,MORTGAGE,6.0,DEBTCONSOLIDATION,D,10000,15.62,0.14,1,2
29,52000,OWN,13.0,VENTURE,C,1000,13.23,0.02,0,8
30,53208,MORTGAGE,5.0,EDUCATION,C,8500,13.48,0.16,1,5
23,40000,RENT,5.0,DEBTCONSOLIDATION,C,10000,13.22,0.25,1,4
25,62000,MORTGAGE,7.0,VENTURE,A,12000,5.42,0.19,0,2
23,91092,MORTGAGE,2.0,PERSONAL,C,10000,13.43,0.11,0,2
31,55200,RENT,5.0,MEDICAL,D,15000,15.58,0.27,1,10
24,98000,MORTGAGE,1.0,DEBTCONSOLIDATION,C,16000,14.79,0.16,1,2
29,78000,MORTGAGE,13.0,VENTURE,C,10000,12.73,0.13,0,7
27,56525,MORTGAGE,4.0,MEDICAL,D,12000,15.95,0.18,1,7
29,50000,MORTGAGE,4.0,MEDICAL,B,21850,12.42,0.44,0,10
32,45000,MORTGAGE,6.0,MEDICAL,A,6400,7.49,0.14,0,9
33,50400,MORTGAGE,3.0,VENTURE,A,6000,6.92,0.12,0,9
24,120000,MORTGAGE,2.0,PERSONAL,A,12000,7.51,0.1,0,3
22,86000,MORTGAGE,6.0,EDUCATION,B,25000,11.83,0.29,0,4
22,35000,RENT,2.0,VENTURE,B,10000,10.99,0.29,0,2
22,90000,RENT,4.0,EDUCATION,D,5000,14.96,0.06,1,4
53,304800,RENT,6.0,VENTURE,B,5000,8.88,0.02,0,29
23,75000,RENT,4.0,PERSONAL,C,6000,13.98,0.08,1,2
24,90000,RENT,0.0,MEDICAL,C,7000,13.99,0.08,0,4
28,140000,MORTGAGE,12.0,VENTURE,A,9000,5.99,0.06,0,9
27,40000,MORTGAGE,4.0,HOMEIMPROVEMENT,C,8000,14.72,0.2,0,7
35,39000,RENT,2.0,MEDICAL,C,10000,13.16,0.26,0,6
23,48000,MORTGAGE,8.0,MEDICAL,D,1400,14.83,0.03,1,2
28,100000,MORTGAGE,13.0,VENTURE,A,13000,8.59,0.13,0,5
24,64500,MORTGAGE,8.0,EDUCATION,C,1200,14.72,0.02,0,2
23,70000,MORTGAGE,7.0,PERSONAL,A,13000,5.42,0.19,0,3
30,41998,RENT,0.0,HOMEIMPROVEMENT,E,5000,16.0,0.12,0,6
27,44004,RENT,2.0,PERSONAL,E,6000,17.19,0.14,1,5
23,54000,RENT,7.0,VENTURE,C,16750,13.48,0.31,0,4
24,60000,RENT,5.0,EDUCATION,B,3500,11.86,0.06,0,4
28,31800,RENT,2.0,MEDICAL,D,8500,16.07,0.27,0,10
32,37050,RENT,2.0,DEBTCONSOLIDATION,A,8000,8.0,0.22,0,6
22,67320,MORTGAGE,7.0,EDUCATION,C,3900,14.35,0.06,1,4
23,95000,MORTGAGE,1.0,EDUCATION,C,19800,13.22,0.21,1,4
22,36000,MORTGAGE,0.0,PERSONAL,A,2000,7.49,0.06,0,4
21,25200,RENT,3.0,MEDICAL,C,8500,13.61,0.34,1,2
23,58000,MORTGAGE,8.0,VENTURE,C,8000,13.61,0.14,1,3
22,59000,MORTGAGE,6.0,DEBTCONSOLIDATION,A,6400,7.49,0.11,0,4
26,50000,RENT,3.0,EDUCATION,B,7525,11.49,0.15,0,2
23,60000,RENT,1.0,DEBTCONSOLIDATION,B,6200,10.65,0.1,0,3
40,136000,MORTGAGE,5.0,EDUCATION,B,21000,9.99,0.15,0,13
24,156000,MORTGAGE,8.0,PERSONAL,B,15000,10.25,0.1,0,2
28,56864,MORTGAGE,5.0,PERSONAL,A,12300,7.88,0.22,0,7
28,201000,OWN,4.0,VENTURE,A,12000,7.49,0.06,0,8
22,69108,RENT,2.0,PERSONAL,E,5400,15.95,0.08,1,2
37,68480,RENT,2.0,HOMEIMPROVEMENT,C,3600,15.23,0.05,1,15
26,95400,MORTGAGE,8.0,PERSONAL,C,5000,12.68,0.05,0,3
37,29000,MORTGAGE,8.0,DEBTCONSOLIDATION,B,7750,10.99,0.27,0,16
26,54000,MORTGAGE,4.0,PERSONAL,A,9600,6.62,0.18,0,3
26,97000,RENT,2.0,DEBTCONSOLIDATION,A,7000,7.91,0.07,0,4
26,232500,MORTGAGE,0.0,MEDICAL,C,25000,14.17,0.11,1,2
24,85000,RENT,0.0,MEDICAL,C,15000,13.11,0.18,0,3
39,24000,RENT,1.0,DEBTCONSOLIDATION,A,8500,7.49,0.35,0,12
23,38400,RENT,1.0,VENTURE,B,13250,10.99,0.35,0,4
28,62040,RENT,0.0,PERSONAL,C,13400,13.06,0.22,1,6
23,75000,RENT,1.0,PERSONAL,A,6000,6.03,0.08,0,4
25,62400,OWN,4.0,DEBTCONSOLIDATION,D,15000,17.58,0.24,0,3
40,150000,MORTGAGE,18.0,MEDICAL,A,24000,6.62,0.16,0,14
23,26000,RENT,2.0,MEDICAL,A,3525,6.62,0.14,0,4
41,121200,RENT,1.0,VENTURE,A,10000,6.03,0.08,0,13
26,103992,RENT,10.0,VENTURE,A,5000,7.88,0.05,0,3
38,104800,MORTGAGE,6.0,HOMEIMPROVEMENT,A,14000,6.03,0.13,0,11
29,70000,RENT,6.0,EDUCATION,A,7000,7.74,0.1,0,6
23,24000,RENT,4.0,PERSONAL,B,9600,9.99,0.4,0,4
27,31200,MORTGAGE,1.0,DEBTCONSOLIDATION,A,7500,7.74,0.24,0,5
26,41004,RENT,2.0,MEDICAL,B,3000,11.14,0.07,0,2
28,16000,RENT,2.0,DEBTCONSOLIDATION,E,5000,16.45,0.31,1,7
29,100000,MORTGAGE,2.0,HOMEIMPROVEMENT,D,20000,14.61,0.2,1,10
30,30000,RENT,2.0,VENTURE,C,10000,13.48,0.33,0,7
39,105000,MORTGAGE,1.0,DEBTCONSOLIDATION,A,9000,9.32,0.09,0,12
25,46000,RENT,5.0,EDUCATION,B,7000,10.25,0.15,0,3
23,30000,RENT,4.0,DEBTCONSOLIDATION,C,7925,15.27,0.26,1,4
24,96000,MORTGAGE,1.0,HOMEIMPROVEMENT,B,4800,11.99,0.05,0,3
26,78000,RENT,6.0,DEBTCONSOLIDATION,C,18000,13.49,0.23,0,4
27,45000,OWN,4.0,VENTURE,C,20000,12.84,0.44,0,10
38,30000,RENT,2.0,PERSONAL,C,2200,13.48,0.07,1,15
28,95680,MORTGAGE,12.0,VENTURE,A,17000,7.88,0.18,0,7
39,24000,RENT,1.0,MEDICAL,A,8500,7.49,0.35,0,12
23,38004,RENT,2.0,EDUCATION,A,4500,7.88,0.12,0,2
27,115000,MORTGAGE,4.0,MEDICAL,C,9600,12.87,0.08,0,9
24,57600,MORTGAGE,9.0,VENTURE,B,6500,10.99,0.11,0,2
30,60000,OWN,3.0,HOMEIMPROVEMENT,A,21000,7.9,0.35,0,5
34,48000,MORTGAGE,5.0,VENTURE,B,3600,10.37,0.07,0,5
23,30000,RENT,6.0,VENTURE,B,19750,11.14,0.66,0,4
24,51684,RENT,8.0,PERSONAL,B,3000,10.59,0.06,0,2
26,18000,RENT,1.0,VENTURE,C,2400,13.06,0.13,1,2
23,53004,MORTGAGE,7.0,PERSONAL,A,10000,5.79,0.19,0,3
41,42600,RENT,0.0,VENTURE,D,10000,15.62,0.23,1,12
34,55000,RENT,3.0,DEBTCONSOLIDATION,C,12000,13.16,0.22,0,8
29,60000,MORTGAGE,0.0,HOMEIMPROVEMENT,B,20000,12.53,0.33,0,7
24,53000,OWN,3.0,HOMEIMPROVEMENT,A,9800,7.51,0.18,0,4
26,57550,MORTGAGE,4.0,DEBTCONSOLIDATION,A,3500,5.42,0.06,0,4
21,14400,RENT,2.0,PERSONAL,D,1825,15.62,0.13,1,2
22,50000,RENT,6.0,EDUCATION,D,11400,17.58,0.23,1,4
35,175000,MORTGAGE,12.0,VENTURE,A,2200,8.49,0.01,0,7
57,64000,RENT,20.0,VENTURE,A,8000,8.9,0.13,0,19
25,91229,RENT,2.0,EDUCATION,C,20000,14.35,0.22,0,3
25,133000,MORTGAGE,8.0,DEBTCONSOLIDATION,F,3000,17.9,0.02,1,2
25,66300,MORTGAGE,6.0,MEDICAL,C,20000,15.27,0.26,0,4
33,83200,MORTGAGE,18.0,HOMEIMPROVEMENT,A,13000,6.99,0.16,0,7
36,79200,MORTGAGE,19.0,PERSONAL,A,10000,6.03,0.13,0,14
24,73600,MORTGAGE,7.0,HOMEIMPROVEMENT,B,24000,11.36,0.33,0,2
27,48000,MORTGAGE,1.0,PERSONAL,C,6000,13.49,0.13,0,7
26,51840,RENT,9.0,EDUCATION,A,9000,8.0,0.17,0,4
23,13000,RENT,0.0,PERSONAL,E,2400,16.82,0.18,0,3
26,200000,MORTGAGE,10.0,HOMEIMPROVEMENT,B,12000,11.71,0.06,0,2
29,74000,RENT,2.0,DEBTCONSOLIDATION,D,30750,15.31,0.42,0,6
24,80000,MORTGAGE,8.0,VENTURE,D,5000,15.62,0.06,0,2
22,50000,MORTGAGE,0.0,EDUCATION,B,20000,11.48,0.4,0,2
27,18835,RENT,2.0,MEDICAL,D,6000,16.49,0.32,1,8
22,30000,MORTGAGE,6.0,VENTURE,A,2000,5.42,0.07,0,2
23,15000,OWN,4.0,DEBTCONSOLIDATION,C,4000,13.98,0.27,0,4
23,39000,RENT,6.0,EDUCATION,B,5000,12.69,0.13,0,3
24,40000,RENT,0.0,MEDICAL,B,3600,10.59,0.09,0,4
24,28800,MORTGAGE,1.0,PERSONAL,B,3500,9.99,0.12,0,4
25,78000,MORTGAGE,7.0,DEBTCONSOLIDATION,C,9000,11.78,0.12,1,3
30,110000,RENT,5.0,VENTURE,D,20000,14.11,0.18,1,5
35,15000,OWN,3.0,HOMEIMPROVEMENT,A,3700,9.32,0.25,0,6
23,16000,RENT,6.0,DEBTCONSOLIDATION,C,2250,13.49,0.14,0,4
25,36000,RENT,0.0,DEBTCONSOLIDATION,C,7500,13.49,0.21,0,4
28,54000,MORTGAGE,11.0,HOMEIMPROVEMENT,A,1200,7.51,0.02,0,7
28,47004,MORTGAGE,12.0,MEDICAL,C,10000,13.61,0.21,0,10
21,32868,OWN,2.0,VENTURE,C,2500,13.61,0.08,1,3
25,40000,MORTGAGE,5.0,HOMEIMPROVEMENT,B,15000,11.36,0.38,0,2
25,60000,RENT,9.0,MEDICAL,B,7000,10.36,0.12,0,4
22,36250,RENT,6.0,EDUCATION,C,6000,14.22,0.17,1,3
24,28800,RENT,5.0,MEDICAL,A,8000,7.49,0.28,0,2
43,77000,MORTGAGE,3.0,EDUCATION,A,12000,5.99,0.16,0,16
25,12000,RENT,0.0,EDUCATION,B,1000,10.65,0.08,0,2
39,85000,RENT,3.0,PERSONAL,A,10000,9.32,0.12,0,16
27,20000,RENT,4.0,PERSONAL,C,3250,13.48,0.16,0,5
32,130000,MORTGAGE,0.0,EDUCATION,A,12000,8.59,0.09,0,5
31,58000,OWN,15.0,MEDICAL,C,14500,13.06,0.25,0,7
26,84996,RENT,0.0,MEDICAL,B,9000,11.26,0.11,0,2
22,70000,RENT,3.0,PERSONAL,B,5600,11.14,0.08,0,3
32,45000,MORTGAGE,6.0,PERSONAL,A,15000,7.51,0.33,0,5
30,41604,MORTGAGE,7.0,VENTURE,B,15000,10.0,0.36,0,9
22,27996,MORTGAGE,4.0,MEDICAL,D,3250,15.21,0.12,0,2
22,48000,RENT,7.0,PERSONAL,B,7200,12.69,0.15,0,2
23,45000,RENT,0.0,EDUCATION,C,1775,12.72,0.04,0,2
30,69600,RENT,0.0,PERSONAL,D,15000,14.59,0.22,0,7
28,51000,OWN,2.0,DEBTCONSOLIDATION,E,20400,17.74,0.4,1,5
35,45000,MORTGAGE,16.0,EDUCATION,C,6500,13.98,0.14,1,10
23,105000,MORTGAGE,4.0,VENTURE,A,7200,7.51,0.07,0,3
28,78000,MORTGAGE,0.0,HOMEIMPROVEMENT,A,19700,7.9,0.25,0,9
22,108000,OWN,2.0,VENTURE,C,8000,15.27,0.07,1,2
28,35000,RENT,4.0,PERSONAL,D,10000,16.77,0.29,1,8
26,60000,MORTGAGE,10.0,PERSONAL,A,1200,7.4,0.02,0,4
26,90000,MORTGAGE,9.0,DEBTCONSOLIDATION,A,6500,7.14,0.07,0,3
22,55000,RENT,6.0,VENTURE,C,16000,13.48,0.29,1,3
31,41000,RENT,7.0,VENTURE,B,4000,10.99,0.1,0,8
29,118400,MORTGAGE,11.0,EDUCATION,A,35000,7.9,0.3,0,7
25,74000,OWN,1.0,MEDICAL,A,16000,8.49,0.22,0,3
27,30000,RENT,1.0,EDUCATION,A,1000,5.79,0.03,0,10
27,100000,MORTGAGE,11.0,DEBTCONSOLIDATION,A,7600,6.03,0.08,0,9
33,124000,MORTGAGE,6.0,DEBTCONSOLIDATION,A,14000,6.03,0.11,0,10
21,45000,MORTGAGE,5.0,DEBTCONSOLIDATION,A,8000,7.51,0.18,0,4
21,31000,MORTGAGE,5.0,EDUCATION,A,7500,5.42,0.24,0,4
25,33500,RENT,2.0,VENTURE,B,10000,10.25,0.3,0,3
22,21600,RENT,3.0,MEDICAL,B,2100,9.99,0.1,0,4
30,26400,RENT,14.0,DEBTCONSOLIDATION,C,3250,14.35,0.12,0,9
26,24500,RENT,4.0,PERSONAL,B,8875,10.0,0.36,0,2
24,50000,RENT,3.0,MEDICAL,B,8000,12.42,0.16,0,2
24,145000,MORTGAGE,3.0,MEDICAL,B,12000,10.99,0.08,0,2
47,52000,MORTGAGE,4.0,MEDICAL,A,12000,7.29,0.23,0,16
30,38400,RENT,2.0,PERSONAL,B,9800,11.48,0.26,0,5
22,70204,RENT,6.0,PERSONAL,D,15000,15.7,0.21,1,3
23,75000,OWN,8.0,EDUCATION,A,8000,6.17,0.11,0,2
25,225000,MORTGAGE,0.0,VENTURE,F,25000,18.67,0.11,0,2
34,26496,OWN,7.0,MEDICAL,B,4400,10.59,0.17,0,8
25,82000,RENT,0.0,PERSONAL,B,6000,9.91,0.07,0,2
23,54000,MORTGAGE,7.0,EDUCATION,B,4800,12.42,0.09,0,2
21,30000,RENT,2.0,PERSONAL,D,5000,14.96,0.17,0,2
64,120000,MORTGAGE,0.0,PERSONAL,B,20000,11.11,0.17,0,25
25,95000,RENT,3.0,HOMEIMPROVEMENT,C,8000,13.8,0.08,0,3
22,60000,RENT,6.0,PERSONAL,B,8000,11.14,0.13,0,3
21,32000,RENT,0.0,PERSONAL,B,12000,10.99,0.38,0,4
31,36000,MORTGAGE,4.0,EDUCATION,B,1000,10.59,0.03,0,9
25,53004,MORTGAGE,3.0,VENTURE,A,4800,5.42,0.09,0,2
29,142000,OWN,14.0,EDUCATION,B,24250,11.48,0.17,0,7
32,74000,OWN,3.0,PERSONAL,B,5000,10.62,0.07,0,10
22,45000,RENT,3.0,EDUCATION,B,5000,11.11,0.11,0,4
35,225000,MORTGAGE,17.0,VENTURE,A,5000,7.49,0.02,0,9
26,32000,MORTGAGE,7.0,VENTURE,C,4800,12.61,0.15,1,3
22,38628,MORTGAGE,6.0,DEBTCONSOLIDATION,B,4800,9.99,0.12,0,4
21,27024,RENT,4.0,EDUCATION,A,8000,8.49,0.3,0,3
23,150000,MORTGAGE,5.0,VENTURE,A,10000,7.14,0.07,0,4
23,65000,RENT,7.0,MEDICAL,B,3600,10.59,0.06,0,3
26,43680,RENT,5.0,MEDICAL,B,5000,10.65,0.11,0,4
28,85000,RENT,7.0,DEBTCONSOLIDATION,B,11200,9.91,0.13,0,10
23,60000,OWN,7.0,VENTURE,A,11500,7.49,0.19,0,4
27,73004,RENT,5.0,EDUCATION,A,9000,9.63,0.12,0,7
24,15600,OWN,5.0,HOMEIMPROVEMENT,A,3300,6.39,0.21,0,4
28,107364,MORTGAGE,12.0,HOMEIMPROVEMENT,A,8000,6.76,0.07,0,9
26,130000,RENT,3.0,VENTURE,D,14400,14.46,0.11,1,2
27,36500,RENT,3.0,DEBTCONSOLIDATION,C,7000,10.78,0.19,0,8
24,92341,RENT,9.0,HOMEIMPROVEMENT,A,12000,7.51,0.13,0,3
26,54528,MORTGAGE,9.0,HOMEIMPROVEMENT,A,10000,8.94,0.18,0,3
24,134000,MORTGAGE,2.0,DEBTCONSOLIDATION,D,25000,14.83,0.19,0,4
23,58000,RENT,2.0,DEBTCONSOLIDATION,A,10000,7.88,0.17,0,2
25,72000,OWN,3.0,VENTURE,E,16000,17.14,0.22,1,3
44,37000,RENT,0.0,MEDICAL,C,3500,12.87,0.09,1,13
33,66000,OWN,3.0,VENTURE,B,5600,10.99,0.08,0,9
22,115000,MORTGAGE,6.0,EDUCATION,A,12000,5.99,0.1,0,3
26,87500,OTHER,3.0,VENTURE,D,7500,15.05,0.09,1,2
21,30000,OWN,6.0,DEBTCONSOLIDATION,D,4000,15.31,0.13,1,3
26,34000,MORTGAGE,4.0,PERSONAL,A,12250,6.91,0.36,0,4
22,35000,RENT,3.0,EDUCATION,A,4800,5.42,0.14,0,3
31,175000,MORTGAGE,3.0,EDUCATION,E,7500,19.69,0.04,0,9
33,81000,OWN,4.0,PERSONAL,A,12000,6.17,0.15,0,8
26,40000,RENT,0.0,VENTURE,C,1800,13.23,0.04,1,3
34,140000,OWN,13.0,EDUCATION,A,4000,7.88,0.03,0,7
22,78792,MORTGAGE,4.0,EDUCATION,D,5500,14.61,0.07,0,4
22,37000,MORTGAGE,6.0,VENTURE,B,7500,10.95,0.2,0,3
23,24000,RENT,5.0,PERSONAL,B,5000,10.75,0.21,0,3
30,47581,RENT,2.0,MEDICAL,C,6000,13.16,0.13,1,9
22,48526,MORTGAGE,0.0,EDUCATION,B,13500,11.14,0.28,0,3
35,250000,OWN,8.0,VENTURE,B,15000,9.88,0.06,0,5
24,87504,OWN,9.0,VENTURE,B,7000,8.88,0.08,0,3
33,59450,MORTGAGE,1.0,EDUCATION,B,3000,10.38,0.05,0,6
21,47500,RENT,2.0,DEBTCONSOLIDATION,B,7500,10.99,0.16,0,2
31,62000,MORTGAGE,4.0,VENTURE,A,6550,5.79,0.11,0,5
29,47000,MORTGAGE,8.0,EDUCATION,B,8000,12.42,0.17,0,9
28,48500,RENT,0.0,MEDICAL,C,15000,12.99,0.31,1,7
31,55000,MORTGAGE,2.0,PERSONAL,A,8000,7.14,0.15,0,10
22,60000,RENT,4.0,EDUCATION,A,20000,7.88,0.33,0,3
25,65000,MORTGAGE,0.0,HOMEIMPROVEMENT,B,15000,11.48,0.23,0,4
34,57000,RENT,7.0,DEBTCONSOLIDATION,C,4800,13.48,0.08,1,10
21,55272,RENT,5.0,VENTURE,A,5000,5.42,0.09,0,3
26,70000,RENT,0.0,EDUCATION,A,12000,5.99,0.17,0,4
30,36996,RENT,5.0,EDUCATION,A,10000,8.9,0.27,0,6
24,30000,RENT,0.0,PERSONAL,E,10000,19.29,0.33,0,3
25,55344,RENT,2.0,HOMEIMPROVEMENT,B,18000,10.99,0.33,0,4
24,45600,RENT,2.0,VENTURE,C,18250,13.35,0.4,0,4
23,87500,MORTGAGE,2.0,PERSONAL,B,1600,9.88,0.02,0,2
24,52000,MORTGAGE,8.0,PERSONAL,A,5000,8.32,0.1,0,2
34,48989,OWN,10.0,EDUCATION,A,2400,7.14,0.05,0,5
45,75000,MORTGAGE,2.0,EDUCATION,B,15000,10.99,0.2,0,12
24,58000,MORTGAGE,6.0,DEBTCONSOLIDATION,A,2200,7.4,0.04,0,3
32,155004,MORTGAGE,9.0,VENTURE,A,15000,8.49,0.1,0,8
27,78000,MORTGAGE,1.0,VENTURE,A,5125,8.59,0.07,0,8
24,57000,MORTGAGE,8.0,HOMEIMPROVEMENT,B,19725,9.99,0.35,0,2
22,50000,RENT,6.0,EDUCATION,C,10000,13.57,0.2,1,3
33,14400,OWN,0.0,VENTURE,C,2000,14.79,0.14,0,10
23,25800,RENT,2.0,PERSONAL,C,6000,13.48,0.23,1,4
21,28800,RENT,3.0,EDUCATION,C,6000,13.8,0.21,1,4
27,101000,MORTGAGE,1.0,PERSONAL,D,20000,15.31,0.2,0,8
30,26000,OWN,4.0,PERSONAL,B,1200,10.99,0.05,0,6
28,84000,MORTGAGE,1.0,PERSONAL,A,8400,7.51,0.1,0,10
22,41196,RENT,6.0,PERSONAL,C,6800,11.59,0.17,1,2
33,18000,RENT,0.0,VENTURE,C,2700,12.61,0.15,1,9
22,70000,RENT,1.0,MEDICAL,B,19000,8.88,0.27,0,4
28,86000,MORTGAGE,12.0,PERSONAL,A,15600,5.99,0.18,0,7
28,32500,RENT,0.0,MEDICAL,A,8250,7.51,0.25,0,10
28,20000,RENT,2.0,MEDICAL,A,4800,7.49,0.24,0,8
32,103000,MORTGAGE,3.0,MEDICAL,A,6000,7.49,0.06,0,8
23,40000,RENT,7.0,VENTURE,B,7500,12.69,0.19,0,2
25,122000,MORTGAGE,1.0,PERSONAL,C,35000,13.8,0.29,1,3
22,60000,MORTGAGE,5.0,DEBTCONSOLIDATION,C,12500,13.11,0.21,1,2
30,50000,MORTGAGE,0.0,VENTURE,C,10000,13.48,0.2,0,9
23,30000,RENT,2.0,MEDICAL,A,6400,7.49,0.21,0,3
30,45000,MORTGAGE,11.0,PERSONAL,D,10000,14.74,0.22,0,6
45,26748,OWN,8.0,MEDICAL,A,4000,7.88,0.15,0,12
23,28000,RENT,0.0,EDUCATION,A,6000,9.63,0.21,0,4
35,45000,RENT,2.0,VENTURE,B,10000,10.36,0.22,0,5
23,40000,RENT,3.0,DEBTCONSOLIDATION,C,3600,15.96,0.09,1,4
26,55000,MORTGAGE,10.0,VENTURE,A,5000,6.92,0.09,0,3
28,30000,MORTGAGE,4.0,MEDICAL,A,4750,7.9,0.16,0,7
22,53124,MORTGAGE,4.0,EDUCATION,C,6500,13.61,0.12,0,3
22,43000,RENT,2.0,DEBTCONSOLIDATION,A,14400,7.88,0.33,0,2
23,28000,RENT,0.0,VENTURE,C,5000,11.78,0.18,0,3
38,70000,MORTGAGE,0.0,PERSONAL,A,9250,7.51,0.13,0,17
22,48000,RENT,2.0,EDUCATION,B,2600,11.12,0.05,0,3
22,73000,MORTGAGE,6.0,HOMEIMPROVEMENT,C,6000,13.49,0.08,1,2
28,60000,MORTGAGE,0.0,HOMEIMPROVEMENT,A,7500,5.79,0.13,0,8
22,62400,RENT,6.0,VENTURE,A,9000,8.49,0.14,0,3
21,33600,RENT,5.0,PERSONAL,B,9000,11.86,0.27,0,4
26,60000,MORTGAGE,7.0,DEBTCONSOLIDATION,A,16000,7.9,0.27,0,3
21,38400,RENT,5.0,EDUCATION,B,5000,10.59,0.13,0,3
25,88500,RENT,3.0,VENTURE,C,7200,13.47,0.08,1,2
25,250000,MORTGAGE,4.0,EDUCATION,A,10575,6.99,0.04,0,2
24,78300,RENT,0.0,HOMEIMPROVEMENT,A,5000,7.74,0.06,0,3
28,80000,MORTGAGE,12.0,DEBTCONSOLIDATION,B,12000,12.18,0.15,0,5
21,63000,RENT,0.0,EDUCATION,B,4000,11.49,0.06,0,3
21,43000,MORTGAGE,5.0,PERSONAL,A,7000,6.62,0.16,0,4
41,39996,MORTGAGE,8.0,VENTURE,D,1200,15.21,0.03,0,16
21,63000,MORTGAGE,2.0,PERSONAL,B,10000,10.59,0.16,0,2
44,99000,MORTGAGE,5.0,EDUCATION,C,10000,12.68,0.1,0,11
27,28968,RENT,1.0,PERSONAL,C,5000,13.16,0.17,1,5
23,50000,RENT,1.0,VENTURE,C,15000,13.61,0.3,0,3
33,33000,MORTGAGE,3.0,EDUCATION,B,4000,12.69,0.12,0,8
22,75000,MORTGAGE,6.0,MEDICAL,B,25000,9.25,0.33,0,2
26,76250,RENT,6.0,VENTURE,B,10000,10.71,0.13,0,3
22,120000,MORTGAGE,5.0,MEDICAL,A,18000,8.94,0.15,0,3
28,46858,MORTGAGE,4.0,PERSONAL,B,3600,9.91,0.08,0,10
22,56000,MORTGAGE,5.0,MEDICAL,B,12000,10.99,0.21,0,2
32,50000,RENT,3.0,VENTURE,D,6500,16.32,0.13,1,10
33,72000,MORTGAGE,4.0,PERSONAL,A,5000,6.99,0.07,0,5
27,72000,MORTGAGE,7.0,MEDICAL,A,6500,6.03,0.09,0,5
23,74000,OWN,7.0,PERSONAL,D,15000,15.99,0.2,1,4
22,20000,RENT,1.0,DEBTCONSOLIDATION,B,6500,10.99,0.33,0,2
37,15000,OWN,0.0,VENTURE,A,5000,7.74,0.33,0,13
23,80038,RENT,3.0,PERSONAL,B,10000,10.59,0.12,0,2
21,31700,RENT,0.0,DEBTCONSOLIDATION,B,7200,11.71,0.23,0,4
23,133000,MORTGAGE,2.0,EDUCATION,A,24000,7.49,0.18,0,4
23,36000,RENT,3.0,EDUCATION,B,9000,9.99,0.25,0,2
23,45992,MORTGAGE,7.0,VENTURE,A,10000,5.42,0.22,0,3
29,20000,RENT,0.0,PERSONAL,B,1000,10.65,0.05,0,10
28,144000,MORTGAGE,12.0,MEDICAL,A,35000,8.9,0.24,0,7
26,30000,MORTGAGE,4.0,DEBTCONSOLIDATION,A,8000,6.62,0.27,0,4
31,62000,MORTGAGE,7.0,PERSONAL,B,7500,10.99,0.12,0,5
27,34000,RENT,4.0,MEDICAL,G,14000,19.82,0.41,0,10
32,35000,RENT,2.0,PERSONAL,B,5500,11.49,0.16,0,5
31,24000,RENT,2.0,MEDICAL,A,1800,8.59,0.07,0,6
26,38400,OWN,2.0,EDUCATION,B,5550,9.99,0.14,0,2
22,100000,RENT,3.0,DEBTCONSOLIDATION,A,1200,8.59,0.01,0,4
29,108996,MORTGAGE,12.0,VENTURE,E,22000,16.82,0.2,1,5
27,30000,RENT,6.0,EDUCATION,B,4000,12.69,0.13,0,7
32,110000,MORTGAGE,0.0,VENTURE,B,23000,11.48,0.21,0,9
25,120000,RENT,3.0,PERSONAL,B,12000,9.01,0.1,0,2
21,44000,MORTGAGE,5.0,MEDICAL,D,6000,12.61,0.14,0,3
27,40000,RENT,4.0,VENTURE,D,10000,15.31,0.25,0,7
22,35000,RENT,4.0,VENTURE,B,11800,10.95,0.34,0,2
25,63996,RENT,2.0,VENTURE,B,8500,11.89,0.13,0,4
29,62000,MORTGAGE,6.0,VENTURE,A,12000,7.51,0.19,0,8
35,94000,MORTGAGE,9.0,DEBTCONSOLIDATION,B,15000,9.88,0.16,0,9
32,40000,MORTGAGE,4.0,VENTURE,A,7500,5.99,0.19,0,8
32,74280,MORTGAGE,4.0,DEBTCONSOLIDATION,B,6400,10.99,0.09,0,10
25,84000,RENT,4.0,EDUCATION,B,6500,11.89,0.08,0,4
29,41000,RENT,3.0,PERSONAL,B,5000,11.49,0.12,0,9
36,144000,MORTGAGE,1.0,DEBTCONSOLIDATION,A,21000,7.9,0.15,0,16
32,93000,MORTGAGE,16.0,VENTURE,B,21000,10.74,0.23,0,10
23,50000,RENT,1.0,DEBTCONSOLIDATION,A,3000,8.49,0.06,0,2
48,30000,MORTGAGE,21.0,VENTURE,B,2100,12.42,0.07,0,16
41,50780,MORTGAGE,14.0,PERSONAL,B,6000,10.99,0.12,0,17
27,66000,RENT,11.0,PERSONAL,B,20000,12.21,0.3,0,5
24,30000,RENT,6.0,MEDICAL,A,6000,7.51,0.2,0,3
29,71000,RENT,4.0,DEBTCONSOLIDATION,A,9700,8.94,0.14,0,5
23,32993,RENT,6.0,MEDICAL,B,4000,11.71,0.12,0,4
22,19000,RENT,5.0,VENTURE,C,3000,13.06,0.16,0,2
23,20000,OWN,7.0,MEDICAL,A,1200,7.49,0.06,0,3
21,35000,RENT,5.0,MEDICAL,B,5000,10.65,0.14,0,3
34,90000,MORTGAGE,7.0,HOMEIMPROVEMENT,A,7000,5.79,0.08,0,8
21,75000,MORTGAGE,5.0,PERSONAL,C,20000,13.11,0.27,1,2
27,52000,MORTGAGE,6.0,PERSONAL,A,11500,7.14,0.22,0,9
25,141996,MORTGAGE,0.0,PERSONAL,A,14000,7.51,0.1,0,3
24,75000,MORTGAGE,8.0,DEBTCONSOLIDATION,C,12000,12.61,0.16,0,4
27,55000,RENT,4.0,PERSONAL,C,12000,13.48,0.22,0,6
23,70000,RENT,1.0,MEDICAL,B,17000,8.88,0.24,0,4
24,54000,OWN,8.0,PERSONAL,B,10000,10.99,0.19,0,3
22,32000,RENT,5.0,PERSONAL,C,9500,13.57,0.3,0,3
27,56000,RENT,1.0,DEBTCONSOLIDATION,C,2500,11.72,0.04,0,5
23,15000,MORTGAGE,0.0,PERSONAL,C,3600,13.47,0.24,0,4
23,55000,MORTGAGE,4.0,EDUCATION,A,8000,7.49,0.15,0,4
37,124000,MORTGAGE,4.0,HOMEIMPROVEMENT,E,30000,17.99,0.24,0,12
36,45000,MORTGAGE,21.0,HOMEIMPROVEMENT,B,2000,9.88,0.04,0,12
24,62467,RENT,0.0,HOMEIMPROVEMENT,A,10625,8.49,0.17,0,2
27,118500,MORTGAGE,4.0,DEBTCONSOLIDATION,A,15000,6.91,0.13,0,9
55,78000,MORTGAGE,2.0,DEBTCONSOLIDATION,D,8000,15.31,0.1,0,29
23,38376,OWN,4.0,VENTURE,C,8400,13.8,0.22,1,2
24,34000,MORTGAGE,1.0,DEBTCONSOLIDATION,D,7000,14.09,0.21,0,2
32,202300,MORTGAGE,9.0,MEDICAL,D,25000,14.59,0.11,0,7
25,57600,RENT,0.0,HOMEIMPROVEMENT,A,8000,7.66,0.14,0,2
25,29000,RENT,1.0,HOMEIMPROVEMENT,D,4000,14.54,0.14,1,3
35,59000,RENT,5.0,PERSONAL,C,10000,13.49,0.17,1,10
35,66000,RENT,0.0,HOMEIMPROVEMENT,B,18000,9.99,0.27,0,8
40,40000,OWN,2.0,EDUCATION,E,10000,16.82,0.25,0,16
32,65000,OWN,3.0,PERSONAL,C,12000,13.35,0.18,1,9
50,120000,MORTGAGE,0.0,HOMEIMPROVEMENT,D,5575,15.2,0.05,1,13
23,42000,MORTGAGE,3.0,EDUCATION,A,11000,6.54,0.26,0,3
24,70000,MORTGAGE,9.0,DEBTCONSOLIDATION,B,12000,11.36,0.17,0,4
30,31000,RENT,7.0,MEDICAL,D,4750,14.84,0.15,0,9
27,24000,RENT,4.0,EDUCATION,C,8000,12.99,0.33,1,6
21,45000,RENT,4.0,MEDICAL,A,4000,7.9,0.09,0,3
34,54600,RENT,2.0,MEDICAL,A,2500,7.88,0.05,0,8
35,94000,MORTGAGE,9.0,VENTURE,B,15000,9.88,0.16,0,10
25,115000,MORTGAGE,4.0,VENTURE,C,25000,12.53,0.22,1,4
28,130000,MORTGAGE,2.0,HOMEIMPROVEMENT,D,12000,13.55,0.09,1,8
35,130000,RENT,6.0,MEDICAL,B,4375,10.99,0.03,0,8
25,70000,RENT,5.0,HOMEIMPROVEMENT,B,20000,9.99,0.29,0,2
21,42000,RENT,5.0,VENTURE,D,1000,15.58,0.02,0,4
26,78000,RENT,1.0,DEBTCONSOLIDATION,B,15000,12.42,0.19,0,3
22,153000,MORTGAGE,5.0,DEBTCONSOLIDATION,D,24000,15.62,0.16,1,2
66,40000,RENT,2.0,EDUCATION,E,7000,15.68,0.17,1,29
22,80000,RENT,6.0,EDUCATION,B,4000,11.12,0.05,0,4
22,40000,MORTGAGE,7.0,EDUCATION,A,14000,7.49,0.35,0,3
24,105000,RENT,2.0,HOMEIMPROVEMENT,C,19000,12.29,0.18,1,2
24,75000,MORTGAGE,8.0,DEBTCONSOLIDATION,B,15000,12.21,0.2,0,3
27,92300,MORTGAGE,6.0,HOMEIMPROVEMENT,E,17500,17.93,0.19,0,5
30,79416,MORTGAGE,12.0,MEDICAL,C,6000,13.49,0.08,1,8
34,140000,MORTGAGE,8.0,EDUCATION,A,12000,7.29,0.09,0,8
26,100000,MORTGAGE,10.0,EDUCATION,C,14000,13.11,0.14,1,2
25,110004,MORTGAGE,9.0,HOMEIMPROVEMENT,A,15000,7.66,0.14,0,4
22,80000,RENT,1.0,EDUCATION,B,18000,10.99,0.23,0,4
24,36000,RENT,3.0,EDUCATION,A,10000,5.99,0.28,0,3
25,102000,MORTGAGE,7.0,HOMEIMPROVEMENT,G,25000,20.16,0.25,1,4
33,42000,RENT,12.0,VENTURE,D,14000,15.7,0.33,1,8
21,10000,OWN,6.0,VENTURE,D,1600,14.74,0.16,0,3
28,37290,MORTGAGE,7.0,PERSONAL,A,5500,5.42,0.15,0,5
28,58650,RENT,13.0,MEDICAL,B,20000,10.59,0.29,0,8
40,160000,MORTGAGE,3.0,EDUCATION,C,12000,14.27,0.07,1,17
33,21600,RENT,3.0,DEBTCONSOLIDATION,B,10000,12.53,0.46,0,8
22,57200,MORTGAGE,7.0,DEBTCONSOLIDATION,A,7500,7.51,0.13,0,3
29,31000,MORTGAGE,1.0,DEBTCONSOLIDATION,A,9950,7.9,0.32,0,6
28,150000,OWN,12.0,HOMEIMPROVEMENT,A,8500,6.76,0.06,0,8
22,65000,MORTGAGE,6.0,MEDICAL,B,3800,11.12,0.06,0,4
30,61400,RENT,4.0,VENTURE,C,6000,15.96,0.1,0,9
23,79996,MORTGAGE,2.0,EDUCATION,E,24000,16.32,0.3,1,3
27,85000,MORTGAGE,9.0,MEDICAL,B,24000,11.71,0.28,0,10
26,75000,MORTGAGE,7.0,DEBTCONSOLIDATION,A,6500,8.9,0.09,0,4
37,800000,MORTGAGE,10.0,DEBTCONSOLIDATION,B,15000,11.36,0.02,0,17
30,54000,RENT,13.0,MEDICAL,B,25000,10.74,0.46,0,6
28,36000,RENT,13.0,MEDICAL,A,10000,8.59,0.28,0,9
23,36000,RENT,6.0,VENTURE,C,9000,10.78,0.25,1,4
26,22000,RENT,2.0,MEDICAL,B,1750,10.99,0.08,0,3
29,57600,RENT,1.0,EDUCATION,B,6000,9.91,0.1,0,5
41,105000,MORTGAGE,4.0,VENTURE,B,21000,10.25,0.2,0,15
35,37440,RENT,2.0,MEDICAL,B,8000,10.99,0.21,0,9
22,45000,MORTGAGE,1.0,EDUCATION,B,8000,12.53,0.18,0,3
23,48235,MORTGAGE,5.0,VENTURE,B,20000,12.18,0.41,0,2
23,24000,OWN,0.0,EDUCATION,A,7000,7.14,0.29,0,3
29,69000,MORTGAGE,2.0,HOMEIMPROVEMENT,D,25000,12.8,0.36,1,5
24,60000,RENT,0.0,PERSONAL,B,20000,10.99,0.33,0,2
28,28896,RENT,6.0,PERSONAL,C,15000,13.48,0.52,1,8
23,27252,RENT,3.0,PERSONAL,C,5800,13.06,0.21,0,3
37,110000,RENT,12.0,EDUCATION,B,25000,10.99,0.23,0,12
40,72000,MORTGAGE,18.0,DEBTCONSOLIDATION,A,14500,7.88,0.2,0,12
22,21120,MORTGAGE,3.0,DEBTCONSOLIDATION,D,1625,16.89,0.08,1,3
32,27000,RENT,5.0,VENTURE,C,4500,13.11,0.17,1,5
23,95000,MORTGAGE,7.0,EDUCATION,A,35000,7.9,0.37,0,4
38,77250,OWN,4.0,VENTURE,A,3000,8.59,0.04,0,15
24,115000,OWN,8.0,HOMEIMPROVEMENT,A,10000,7.51,0.09,0,3
26,69000,MORTGAGE,4.0,HOMEIMPROVEMENT,B,25000,10.99,0.36,0,3
26,95400,MORTGAGE,8.0,PERSONAL,C,5000,12.68,0.05,0,2
31,39000,RENT,5.0,MEDICAL,C,6600,13.79,0.17,1,9
22,105000,MORTGAGE,6.0,PERSONAL,C,6000,14.22,0.06,1,3
24,70000,OWN,8.0,PERSONAL,B,24250,12.18,0.35,0,2
23,45000,MORTGAGE,1.0,EDUCATION,B,8000,10.51,0.18,0,4
33,84000,MORTGAGE,17.0,VENTURE,A,20000,5.99,0.24,0,8
24,35000,RENT,8.0,DEBTCONSOLIDATION,C,10000,13.48,0.29,0,4
24,45000,RENT,2.0,PERSONAL,A,10000,6.62,0.22,0,3
26,74000,MORTGAGE,4.0,EDUCATION,B,7500,10.08,0.1,0,4
29,32000,RENT,6.0,MEDICAL,C,10800,13.57,0.34,0,5
36,39000,MORTGAGE,8.0,VENTURE,A,7000,5.79,0.18,0,17
21,75000,MORTGAGE,5.0,EDUCATION,A,8550,6.91,0.11,0,3
25,21221,MORTGAGE,4.0,VENTURE,B,8500,9.63,0.4,0,4
25,70000,RENT,0.0,EDUCATION,B,5000,11.71,0.07,0,3
22,38000,MORTGAGE,6.0,DEBTCONSOLIDATION,A,8500,5.42,0.22,0,2
24,52800,RENT,3.0,HOMEIMPROVEMENT,B,6000,9.91,0.11,0,4
27,146000,MORTGAGE,5.0,MEDICAL,A,2500,8.49,0.02,0,5
26,45000,RENT,5.0,PERSONAL,B,2000,11.49,0.04,0,2
32,64000,RENT,1.0,EDUCATION,B,10000,12.69,0.16,0,10
33,102000,RENT,2.0,MEDICAL,D,3600,15.31,0.03,1,6
38,78000,MORTGAGE,19.0,VENTURE,A,4575,7.74,0.06,0,14
23,42000,RENT,2.0,EDUCATION,C,4550,15.23,0.11,0,4
23,50000,RENT,0.0,EDUCATION,A,10000,6.92,0.2,0,2
27,26400,RENT,9.0,EDUCATION,B,10000,10.25,0.38,0,9
50,36000,RENT,13.0,MEDICAL,B,6000,10.99,0.17,0,11
22,65000,RENT,3.0,EDUCATION,B,5000,11.49,0.08,0,3
26,28700,RENT,6.0,MEDICAL,D,8500,13.55,0.3,1,3
27,30000,RENT,5.0,PERSONAL,B,4975,10.37,0.17,0,10
26,30000,RENT,0.0,VENTURE,B,10625,11.71,0.35,0,3
23,75000,RENT,4.0,VENTURE,B,5000,10.99,0.07,0,3
23,30000,RENT,2.0,DEBTCONSOLIDATION,D,10000,15.31,0.33,1,4
21,46000,RENT,2.0,PERSONAL,D,5200,17.27,0.11,1,3
28,65984,RENT,12.0,MEDICAL,D,10000,15.33,0.13,0,5
23,45000,RENT,7.0,VENTURE,B,6000,11.49,0.13,0,2
26,105400,MORTGAGE,6.0,MEDICAL,D,24000,14.61,0.19,0,3
32,70000,RENT,6.0,MEDICAL,C,13200,13.49,0.19,0,6
28,55000,MORTGAGE,4.0,HOMEIMPROVEMENT,A,20000,6.62,0.36,0,10
35,280000,MORTGAGE,19.0,HOMEIMPROVEMENT,C,21600,12.99,0.08,0,8
22,40000,RENT,2.0,VENTURE,A,11200,7.88,0.28,0,2
24,43200,RENT,5.0,VENTURE,B,12000,10.36,0.28,0,4
22,50000,MORTGAGE,2.0,EDUCATION,B,22000,9.91,0.44,0,2
27,37440,RENT,7.0,PERSONAL,B,2800,10.99,0.07,0,9
26,59000,RENT,1.0,HOMEIMPROVEMENT,D,12000,15.31,0.2,0,4
22,87000,MORTGAGE,0.0,PERSONAL,B,8000,12.21,0.09,0,4
38,81000,RENT,7.0,DEBTCONSOLIDATION,B,18000,10.59,0.22,0,16
26,53000,OWN,2.0,VENTURE,B,2500,9.91,0.05,0,2
34,100000,MORTGAGE,7.0,EDUCATION,A,12000,7.49,0.12,0,6
35,30996,RENT,18.0,EDUCATION,C,4200,14.79,0.14,1,6
23,42000,RENT,2.0,EDUCATION,B,12000,10.65,0.29,0,4
22,55000,RENT,7.0,MEDICAL,B,10000,10.37,0.18,0,2
22,56400,MORTGAGE,6.0,EDUCATION,D,8400,14.91,0.15,0,2
33,150000,MORTGAGE,0.0,DEBTCONSOLIDATION,B,4000,10.37,0.03,0,7
31,89000,RENT,1.0,VENTURE,B,10000,10.99,0.11,0,9
33,58000,MORTGAGE,2.0,VENTURE,B,15000,9.91,0.26,0,9
35,32000,RENT,4.0,DEBTCONSOLIDATION,A,14500,6.17,0.45,0,5
22,49600,MORTGAGE,4.0,VENTURE,D,10000,14.96,0.2,1,3
28,73500,OWN,12.0,HOMEIMPROVEMENT,B,10000,9.88,0.14,0,10
24,130000,RENT,7.0,MEDICAL,B,24000,11.49,0.18,0,3
34,24000,OWN,4.0,HOMEIMPROVEMENT,C,2400,13.98,0.1,0,9
31,55000,MORTGAGE,7.0,HOMEIMPROVEMENT,A,12000,7.49,0.22,0,5
29,74000,MORTGAGE,8.0,EDUCATION,B,25000,11.49,0.34,0,6
24,83904,MORTGAGE,8.0,DEBTCONSOLIDATION,D,16000,16.07,0.19,1,4
28,50000,RENT,7.0,VENTURE,F,14000,19.04,0.28,1,5
22,32400,RENT,7.0,PERSONAL,C,4800,13.98,0.15,1,2
24,56100,RENT,7.0,MEDICAL,D,25000,16.49,0.38,0,4
23,63800,RENT,7.0,EDUCATION,B,5000,9.99,0.08,0,4
22,35000,RENT,5.0,EDUCATION,A,8000,7.29,0.23,0,2
23,46330,RENT,0.0,PERSONAL,B,8000,10.65,0.17,0,4
27,69000,RENT,0.0,PERSONAL,D,3325,16.32,0.05,1,7
22,76800,MORTGAGE,3.0,DEBTCONSOLIDATION,A,6000,6.62,0.08,0,4
22,43000,RENT,7.0,DEBTCONSOLIDATION,B,15000,10.99,0.35,0,2
39,117996,RENT,6.0,HOMEIMPROVEMENT,D,7500,13.24,0.06,1,14
27,36000,MORTGAGE,3.0,HOMEIMPROVEMENT,A,10000,7.88,0.28,0,6
26,65520,RENT,3.0,DEBTCONSOLIDATION,A,10000,7.51,0.15,0,4
21,37000,OWN,0.0,VENTURE,C,9250,12.23,0.25,0,4
36,28800,RENT,2.0,EDUCATION,C,6000,15.96,0.21,1,12
23,31000,RENT,0.0,MEDICAL,A,10000,7.51,0.32,0,2
25,80500,RENT,3.0,PERSONAL,E,16000,16.45,0.2,1,4
26,30000,RENT,1.0,PERSONAL,B,4000,11.83,0.13,0,4
30,130000,MORTGAGE,14.0,VENTURE,B,7000,9.91,0.05,0,9
24,125000,RENT,4.0,VENTURE,B,11500,10.38,0.09,0,2
25,85000,MORTGAGE,6.0,DEBTCONSOLIDATION,C,1500,13.06,0.02,0,2
25,57000,RENT,0.0,PERSONAL,C,15000,13.85,0.26,1,2
23,42000,RENT,5.0,EDUCATION,E,3000,17.93,0.07,1,2
22,61200,RENT,6.0,PERSONAL,A,11200,6.62,0.18,0,4
21,165000,MORTGAGE,5.0,EDUCATION,A,20000,6.91,0.12,0,4
25,80000,RENT,9.0,VENTURE,B,2000,11.49,0.03,0,3
23,93000,MORTGAGE,5.0,DEBTCONSOLIDATION,A,2000,7.9,0.02,0,4
27,30000,RENT,5.0,PERSONAL,C,6575,13.49,0.22,0,9
22,46000,RENT,1.0,MEDICAL,C,12000,12.84,0.26,0,3
24,54996,OWN,0.0,VENTURE,B,12000,11.26,0.22,0,3
37,200000,MORTGAGE,7.0,EDUCATION,D,25000,15.57,0.13,0,14
26,70000,RENT,8.0,EDUCATION,C,8000,15.96,0.11,1,3
23,67000,OWN,7.0,PERSONAL,C,6400,13.48,0.1,0,3
28,65000,OWN,13.0,VENTURE,A,8000,7.66,0.12,0,7
23,29000,RENT,5.0,EDUCATION,A,6000,7.88,0.21,0,3
26,64000,RENT,4.0,DEBTCONSOLIDATION,B,1000,10.75,0.02,0,3
23,62000,RENT,7.0,VENTURE,D,5500,17.49,0.09,0,3
28,59520,MORTGAGE,9.0,PERSONAL,A,5000,8.59,0.08,0,7
23,60000,MORTGAGE,7.0,VENTURE,B,2450,11.48,0.04,0,2
33,48000,RENT,4.0,DEBTCONSOLIDATION,B,3600,11.99,0.07,0,10
22,55000,MORTGAGE,6.0,EDUCATION,C,1400,13.49,0.03,1,3
23,73000,MORTGAGE,7.0,EDUCATION,C,7500,13.22,0.1,1,2
22,24000,OWN,2.0,PERSONAL,C,3000,13.61,0.13,0,2
43,27036,RENT,1.0,PERSONAL,D,13750,15.31,0.51,1,15
25,100505,OWN,9.0,HOMEIMPROVEMENT,B,35000,11.99,0.35,0,3
26,40000,RENT,2.0,MEDICAL,A,12000,7.88,0.3,0,2
23,160000,MORTGAGE,5.0,VENTURE,A,35000,7.66,0.22,0,3
23,47000,RENT,1.0,VENTURE,E,25000,17.93,0.53,0,2
23,69000,RENT,5.0,VENTURE,C,12000,12.68,0.17,0,3
26,53000,RENT,11.0,EDUCATION,C,4200,14.22,0.08,0,4
23,88000,RENT,1.0,EDUCATION,C,18000,13.16,0.2,0,4
35,37000,RENT,2.0,VENTURE,B,2000,11.26,0.05,0,8
22,62000,MORTGAGE,6.0,PERSONAL,A,5000,6.03,0.08,0,4
37,174996,MORTGAGE,11.0,MEDICAL,C,6500,13.35,0.04,1,17
24,27360,MORTGAGE,5.0,PERSONAL,A,8000,7.29,0.29,0,3
27,80000,RENT,5.0,HOMEIMPROVEMENT,A,16000,7.49,0.2,0,8
31,50000,MORTGAGE,5.0,VENTURE,A,2000,6.39,0.04,0,5
24,35004,MORTGAGE,3.0,PERSONAL,A,9600,7.88,0.27,0,3
30,31200,RENT,7.0,MEDICAL,D,2400,16.49,0.08,1,6
27,118000,RENT,1.0,PERSONAL,D,13425,15.99,0.11,1,10
30,132000,RENT,14.0,HOMEIMPROVEMENT,B,21500,10.62,0.16,0,8
21,44000,RENT,0.0,PERSONAL,D,5500,15.28,0.13,0,3
21,30000,RENT,5.0,EDUCATION,C,2000,13.43,0.07,0,4
29,124000,MORTGAGE,11.0,HOMEIMPROVEMENT,A,2000,5.42,0.02,0,7
28,93200,RENT,1.0,VENTURE,A,8800,7.88,0.09,0,7
45,30000,MORTGAGE,5.0,MEDICAL,C,1000,15.23,0.03,1,11
33,97000,MORTGAGE,0.0,HOMEIMPROVEMENT,D,25000,16.0,0.26,0,6
30,52000,MORTGAGE,7.0,PERSONAL,D,5500,14.96,0.11,1,10
23,43200,RENT,0.0,EDUCATION,A,9000,6.17,0.21,0,3
26,74000,MORTGAGE,1.0,MEDICAL,A,3000,6.76,0.04,0,3
22,60000,MORTGAGE,3.0,MEDICAL,C,3250,12.73,0.05,1,4
27,62000,RENT,9.0,EDUCATION,C,10400,13.49,0.17,1,10
27,65000,RENT,0.0,HOMEIMPROVEMENT,B,12000,10.99,0.18,0,7
34,135000,MORTGAGE,18.0,EDUCATION,A,8000,9.32,0.06,0,6
34,47125,MORTGAGE,12.0,VENTURE,B,3200,10.99,0.07,0,8
25,58000,MORTGAGE,9.0,MEDICAL,B,10400,12.18,0.18,0,2
30,44449,MORTGAGE,2.0,VENTURE,C,21250,13.48,0.48,1,6
24,185000,MORTGAGE,8.0,PERSONAL,A,10000,6.92,0.05,0,3
23,95000,MORTGAGE,2.0,VENTURE,A,4000,7.88,0.04,0,3
23,46000,MORTGAGE,6.0,PERSONAL,A,15000,6.99,0.33,0,3
32,130000,MORTGAGE,13.0,EDUCATION,A,7500,7.29,0.06,0,6
25,37200,RENT,6.0,VENTURE,A,7000,7.14,0.19,0,4
26,42000,MORTGAGE,0.0,VENTURE,B,4500,11.48,0.11,0,3
23,40000,OWN,7.0,MEDICAL,A,5000,8.49,0.13,0,4
30,33600,MORTGAGE,12.0,HOMEIMPROVEMENT,C,3000,13.48,0.09,0,9
29,89520,OWN,13.0,MEDICAL,C,8000,13.23,0.09,0,10
24,102000,MORTGAGE,6.0,VENTURE,B,9800,10.36,0.1,0,4
34,56400,OWN,8.0,MEDICAL,A,12100,5.79,0.21,0,9
22,115200,RENT,0.0,DEBTCONSOLIDATION,A,7000,7.66,0.06,0,2
24,70000,MORTGAGE,2.0,MEDICAL,C,10000,13.49,0.14,0,4
25,126000,MORTGAGE,9.0,VENTURE,B,10200,10.99,0.08,0,4
25,45000,MORTGAGE,0.0,VENTURE,B,17000,11.89,0.38,0,2
22,115000,MORTGAGE,7.0,VENTURE,A,13600,7.29,0.12,0,3
27,66000,RENT,6.0,VENTURE,A,10000,7.9,0.15,0,7
36,50000,RENT,4.0,HOMEIMPROVEMENT,C,3125,13.47,0.06,1,14
28,41400,RENT,2.0,DEBTCONSOLIDATION,C,14000,13.48,0.34,0,6
26,36000,RENT,3.0,DEBTCONSOLIDATION,D,7000,14.96,0.19,1,4
22,59000,MORTGAGE,7.0,HOMEIMPROVEMENT,D,4900,15.62,0.08,1,4
27,60000,RENT,0.0,HOMEIMPROVEMENT,B,11000,10.71,0.18,0,7
26,130000,RENT,0.0,HOMEIMPROVEMENT,C,4550,13.57,0.04,1,4
23,30000,RENT,3.0,PERSONAL,B,10000,11.48,0.33,0,4
33,84000,RENT,2.0,VENTURE,E,15000,16.7,0.18,0,9
24,48661,MORTGAGE,7.0,EDUCATION,D,8000,17.58,0.16,0,2
23,32000,RENT,4.0,EDUCATION,B,11000,9.91,0.34,0,3
31,75000,RENT,1.0,PERSONAL,A,1200,6.54,0.02,0,5
21,38400,RENT,5.0,EDUCATION,A,10000,7.66,0.26,0,4
22,81800,MORTGAGE,6.0,EDUCATION,A,2500,6.39,0.03,0,2
26,80000,MORTGAGE,0.0,EDUCATION,A,6300,5.79,0.08,0,4
25,100000,RENT,2.0,HOMEIMPROVEMENT,D,21000,16.49,0.21,1,3
23,44000,RENT,7.0,MEDICAL,C,9800,13.11,0.22,0,2
40,29000,RENT,3.0,PERSONAL,A,10500,7.51,0.36,0,16
41,120000,MORTGAGE,8.0,MEDICAL,B,20000,10.25,0.17,0,11
24,40000,RENT,2.0,MEDICAL,B,6000,10.99,0.15,0,3
27,40000,MORTGAGE,4.0,HOMEIMPROVEMENT,C,8000,14.72,0.2,0,9
24,102000,MORTGAGE,5.0,EDUCATION,C,12000,15.27,0.12,1,3
31,25000,OWN,5.0,VENTURE,C,4500,13.48,0.18,1,8
29,60000,MORTGAGE,2.0,MEDICAL,A,1500,6.03,0.03,0,5
28,69996,MORTGAGE,1.0,HOMEIMPROVEMENT,B,7200,11.83,0.1,0,10
23,65000,RENT,1.0,PERSONAL,A,4000,7.49,0.06,0,4
22,59000,MORTGAGE,6.0,DEBTCONSOLIDATION,A,6400,7.49,0.11,0,4
30,60600,MORTGAGE,1.0,MEDICAL,A,3000,7.12,0.05,0,5
38,117960,MORTGAGE,0.0,MEDICAL,A,12000,7.49,0.1,0,17
23,65025,MORTGAGE,7.0,MEDICAL,C,16000,14.35,0.21,0,3
24,31000,RENT,8.0,VENTURE,C,13500,13.43,0.44,1,4
32,105000,MORTGAGE,17.0,MEDICAL,C,5000,14.65,0.05,0,9
34,39996,RENT,6.0,DEBTCONSOLIDATION,A,1200,7.88,0.03,0,8
23,48000,RENT,7.0,PERSONAL,B,7200,11.71,0.15,0,2
36,52000,MORTGAGE,8.0,DEBTCONSOLIDATION,B,2275,11.86,0.04,0,12
30,21600,RENT,1.0,PERSONAL,B,1500,11.71,0.07,0,9
27,50000,RENT,11.0,HOMEIMPROVEMENT,C,5500,12.73,0.11,0,7
22,19728,RENT,5.0,DEBTCONSOLIDATION,A,2000,7.49,0.1,0,2
29,48000,MORTGAGE,3.0,VENTURE,A,3250,6.76,0.07,0,7
26,60000,MORTGAGE,0.0,PERSONAL,A,9800,7.75,0.16,0,3
24,115154,RENT,8.0,DEBTCONSOLIDATION,C,3000,14.27,0.03,1,2
27,70000,MORTGAGE,1.0,DEBTCONSOLIDATION,C,5500,13.49,0.08,1,10
23,48000,RENT,1.0,MEDICAL,A,2400,8.49,0.05,0,4
29,35000,RENT,12.0,DEBTCONSOLIDATION,A,1800,5.42,0.05,0,7
40,25000,OWN,2.0,VENTURE,A,8500,7.51,0.34,0,11
23,135000,OWN,7.0,VENTURE,A,16000,6.91,0.12,0,3
42,97000,MORTGAGE,13.0,PERSONAL,C,1500,15.96,0.02,1,16
33,63000,MORTGAGE,7.0,DEBTCONSOLIDATION,A,18250,8.9,0.29,0,9
23,67200,MORTGAGE,7.0,VENTURE,A,16000,6.03,0.24,0,2
28,42000,RENT,5.0,MEDICAL,B,4800,12.42,0.11,0,9
23,43000,MORTGAGE,7.0,DEBTCONSOLIDATION,B,7200,10.59,0.17,0,3
25,75000,MORTGAGE,7.0,DEBTCONSOLIDATION,B,15000,9.99,0.2,0,4
25,108000,MORTGAGE,0.0,HOMEIMPROVEMENT,B,21000,11.71,0.19,0,4
26,97188,RENT,7.0,VENTURE,D,16000,12.8,0.16,0,3
43,180000,MORTGAGE,5.0,HOMEIMPROVEMENT,C,6000,14.27,0.03,0,17
22,74000,MORTGAGE,6.0,MEDICAL,A,2500,6.62,0.03,0,3
33,60000,RENT,3.0,DEBTCONSOLIDATION,A,9000,8.49,0.15,0,8
22,66000,RENT,6.0,DEBTCONSOLIDATION,E,11750,17.14,0.18,0,2
23,40000,MORTGAGE,7.0,VENTURE,B,14000,10.99,0.35,0,3
53,110000,RENT,3.0,VENTURE,A,6000,7.9,0.05,0,23
28,115000,MORTGAGE,12.0,VENTURE,C,16000,13.85,0.14,1,8
24,95004,MORTGAGE,8.0,VENTURE,A,16000,5.79,0.17,0,4
25,180000,OWN,9.0,MEDICAL,C,20000,14.26,0.11,1,4
25,89000,RENT,4.0,EDUCATION,B,7000,10.99,0.08,0,3
22,71000,MORTGAGE,6.0,PERSONAL,A,3200,7.4,0.05,0,2
36,90000,MORTGAGE,13.0,EDUCATION,A,12000,6.62,0.13,0,13
30,20000,RENT,1.0,PERSONAL,B,3000,11.49,0.15,0,8
23,97500,RENT,0.0,DEBTCONSOLIDATION,B,9600,10.37,0.1,0,3
26,36000,MORTGAGE,2.0,HOMEIMPROVEMENT,B,6000,11.49,0.17,0,2
25,60000,RENT,3.0,VENTURE,C,3000,13.47,0.05,1,3
21,65000,MORTGAGE,5.0,DEBTCONSOLIDATION,B,2200,12.42,0.03,0,3
22,55250,MORTGAGE,2.0,MEDICAL,D,7400,14.84,0.11,0,2
31,110000,MORTGAGE,2.0,MEDICAL,A,6000,7.4,0.05,0,6
22,62236,OWN,4.0,MEDICAL,B,5000,9.99,0.08,0,4
23,54000,MORTGAGE,5.0,DEBTCONSOLIDATION,E,10000,16.45,0.19,0,3
31,36900,MORTGAGE,15.0,HOMEIMPROVEMENT,B,1600,9.62,0.04,0,8
23,54000,RENT,2.0,PERSONAL,B,20000,11.12,0.37,0,2
32,74000,MORTGAGE,16.0,EDUCATION,B,13650,12.42,0.18,0,10
35,90000,RENT,0.0,DEBTCONSOLIDATION,B,12000,10.99,0.13,0,6
22,29000,RENT,5.0,VENTURE,B,6000,10.25,0.21,0,2
40,85000,MORTGAGE,1.0,EDUCATION,C,10000,12.87,0.12,0,11
30,42000,RENT,0.0,MEDICAL,B,1850,11.99,0.04,0,6
27,11808,RENT,4.0,MEDICAL,D,1000,14.91,0.08,0,8
26,114000,MORTGAGE,4.0,HOMEIMPROVEMENT,B,6000,10.0,0.05,0,2
36,60000,RENT,3.0,EDUCATION,A,9500,7.14,0.16,0,12
27,26400,MORTGAGE,6.0,MEDICAL,A,6000,6.91,0.23,0,9
21,82100,RENT,3.0,PERSONAL,A,12200,6.03,0.15,0,2
37,50000,MORTGAGE,15.0,VENTURE,A,8400,6.03,0.17,0,11
22,47472,MORTGAGE,6.0,VENTURE,B,20000,11.83,0.42,0,3
24,44000,RENT,4.0,DEBTCONSOLIDATION,B,10400,12.69,0.24,0,4
23,60495,RENT,8.0,MEDICAL,A,6000,7.49,0.1,0,3
23,20400,RENT,4.0,EDUCATION,D,1200,18.25,0.06,0,4
31,68000,MORTGAGE,2.0,PERSONAL,B,12000,12.69,0.18,0,9
23,77200,RENT,1.0,EDUCATION,B,3000,9.63,0.04,0,2
26,70000,MORTGAGE,1.0,VENTURE,B,25000,10.99,0.36,0,4
39,57996,MORTGAGE,10.0,HOMEIMPROVEMENT,A,8000,7.88,0.14,0,16
22,43600,MORTGAGE,4.0,DEBTCONSOLIDATION,D,10000,14.96,0.23,0,2
33,18000,RENT,1.0,HOMEIMPROVEMENT,B,1600,9.88,0.09,0,5
22,61000,MORTGAGE,6.0,EDUCATION,A,12000,7.49,0.2,0,2
36,35000,MORTGAGE,5.0,DEBTCONSOLIDATION,A,12000,8.9,0.34,0,17
27,90000,RENT,4.0,HOMEIMPROVEMENT,A,10000,7.49,0.11,0,10
23,67000,MORTGAGE,7.0,MEDICAL,B,2500,11.71,0.04,0,3
31,53000,MORTGAGE,15.0,VENTURE,D,10000,15.31,0.19,0,10
22,35900,MORTGAGE,6.0,PERSONAL,C,6000,15.27,0.17,0,3
26,47000,RENT,8.0,PERSONAL,C,3800,13.49,0.08,0,3
22,18000,RENT,0.0,PERSONAL,B,3600,10.99,0.2,0,2
24,56000,MORTGAGE,8.0,EDUCATION,A,10000,7.49,0.18,0,3
23,66000,RENT,2.0,VENTURE,A,12000,7.49,0.18,0,4
24,50740,RENT,0.0,MEDICAL,A,6000,9.63,0.12,0,3
21,31776,MORTGAGE,5.0,VENTURE,A,6000,8.9,0.19,0,3
25,60000,RENT,0.0,MEDICAL,A,1200,7.66,0.02,0,3
25,72000,RENT,2.0,DEBTCONSOLIDATION,A,8000,7.9,0.11,0,4
31,81000,MORTGAGE,15.0,HOMEIMPROVEMENT,A,7200,9.63,0.09,0,8
31,24996,RENT,0.0,EDUCATION,C,10750,12.53,0.43,0,8
25,108820,RENT,4.0,EDUCATION,B,15000,9.63,0.14,0,3
23,21600,RENT,0.0,MEDICAL,C,5400,13.48,0.25,1,4
22,35000,RENT,4.0,VENTURE,C,1000,13.48,0.03,1,3
29,31100,MORTGAGE,9.0,DEBTCONSOLIDATION,E,3000,16.82,0.1,1,5
29,37200,RENT,1.0,MEDICAL,A,15000,6.03,0.4,0,10
25,77000,MORTGAGE,6.0,EDUCATION,D,8000,15.33,0.1,0,2
22,47000,RENT,6.0,DEBTCONSOLIDATION,A,12000,6.03,0.26,0,3
23,62400,MORTGAGE,4.0,VENTURE,A,7200,8.9,0.12,0,4
23,98000,MORTGAGE,7.0,VENTURE,A,10000,7.49,0.1,0,4
24,45000,MORTGAGE,2.0,HOMEIMPROVEMENT,B,9200,11.89,0.2,0,4
25,25000,RENT,3.0,DEBTCONSOLIDATION,B,3000,11.12,0.12,0,4
47,53808,MORTGAGE,4.0,VENTURE,B,15000,11.71,0.28,0,17
23,45600,MORTGAGE,3.0,VENTURE,C,12000,14.65,0.26,1,2
25,49963,MORTGAGE,9.0,MEDICAL,B,2100,11.49,0.04,0,3
28,42016,RENT,3.0,MEDICAL,B,5000,10.36,0.12,0,5
23,55000,RENT,4.0,VENTURE,A,4500,8.49,0.08,0,3
70,48000,RENT,0.0,MEDICAL,A,15000,6.99,0.31,0,24
25,49029,RENT,8.0,MEDICAL,B,2000,11.99,0.04,0,2
30,22584,OWN,4.0,MEDICAL,A,5000,7.51,0.22,0,10
24,92000,RENT,8.0,MEDICAL,B,24500,11.46,0.27,0,4
24,80000,RENT,5.0,VENTURE,B,10000,11.14,0.13,0,4
40,95000,RENT,0.0,PERSONAL,B,17000,10.0,0.18,0,15
35,39800,RENT,5.0,DEBTCONSOLIDATION,B,2400,11.71,0.06,0,10
26,83004,RENT,7.0,EDUCATION,A,5450,7.9,0.07,0,4
34,50000,RENT,1.0,EDUCATION,C,2400,13.49,0.05,1,9
23,80000,MORTGAGE,4.0,PERSONAL,A,3000,5.99,0.04,0,3
25,50000,RENT,4.0,HOMEIMPROVEMENT,A,25000,5.99,0.5,0,2
27,16800,RENT,3.0,DEBTCONSOLIDATION,B,6500,11.99,0.39,0,8
26,75000,MORTGAGE,2.0,VENTURE,A,4000,5.79,0.05,0,3
22,62000,MORTGAGE,3.0,EDUCATION,A,2000,6.03,0.03,0,3
23,60000,MORTGAGE,6.0,PERSONAL,A,3350,7.49,0.06,0,4
27,35000,RENT,0.0,MEDICAL,A,6400,7.74,0.18,0,5
27,85000,MORTGAGE,11.0,PERSONAL,A,10000,7.49,0.12,0,8
24,62500,MORTGAGE,2.0,VENTURE,A,6000,5.79,0.1,0,2
24,18000,OWN,6.0,PERSONAL,A,13000,7.88,0.72,0,3
25,80400,MORTGAGE,10.0,VENTURE,D,25000,17.49,0.31,1,4
23,88000,MORTGAGE,4.0,VENTURE,C,1000,13.49,0.01,1,4
23,57996,RENT,1.0,MEDICAL,C,11650,13.47,0.2,0,2
24,86000,MORTGAGE,8.0,EDUCATION,A,15000,5.79,0.17,0,3
24,25000,RENT,6.0,PERSONAL,A,2000,6.62,0.08,0,4
25,120000,RENT,2.0,VENTURE,A,32000,6.62,0.27,0,2
26,111147,MORTGAGE,4.0,EDUCATION,C,15000,13.61,0.13,1,2
24,48000,RENT,0.0,PERSONAL,B,4800,9.88,0.1,0,3
34,130000,MORTGAGE,5.0,MEDICAL,C,6450,13.23,0.05,0,7
25,66800,MORTGAGE,3.0,DEBTCONSOLIDATION,A,12000,9.63,0.18,0,4
21,38000,RENT,5.0,VENTURE,B,3500,10.59,0.09,0,3
22,75000,RENT,3.0,EDUCATION,B,10600,10.99,0.14,0,3
27,71000,RENT,9.0,DEBTCONSOLIDATION,B,4200,10.99,0.06,0,5
25,42996,RENT,6.0,DEBTCONSOLIDATION,B,5000,10.38,0.12,0,2
38,108000,MORTGAGE,7.0,VENTURE,A,4000,7.74,0.04,0,11
22,56400,MORTGAGE,6.0,PERSONAL,E,25000,16.4,0.44,0,3
22,35100,RENT,0.0,EDUCATION,C,1000,13.98,0.03,1,3
26,92700,MORTGAGE,6.0,EDUCATION,B,1500,9.63,0.02,0,2
35,80000,RENT,5.0,DEBTCONSOLIDATION,A,4800,7.49,0.06,0,9
30,30000,MORTGAGE,6.0,EDUCATION,B,10000,9.91,0.33,0,10
25,98000,OWN,0.0,HOMEIMPROVEMENT,A,2000,7.37,0.02,0,3
25,120775,OWN,9.0,EDUCATION,C,15000,13.11,0.12,0,4
41,57253,MORTGAGE,4.0,DEBTCONSOLIDATION,A,8500,5.79,0.15,0,11
36,20000,RENT,0.0,PERSONAL,B,5075,11.48,0.25,0,11
26,43000,RENT,4.0,EDUCATION,C,10000,14.65,0.23,0,4
32,90000,RENT,2.0,DEBTCONSOLIDATION,B,10000,11.12,0.11,0,8
27,85000,RENT,11.0,PERSONAL,B,20000,10.59,0.24,0,8
23,60000,RENT,2.0,DEBTCONSOLIDATION,B,8000,10.99,0.13,0,3
30,85000,RENT,5.0,PERSONAL,A,4200,5.99,0.05,0,10
22,52128,RENT,6.0,VENTURE,A,13000,8.94,0.25,0,2
33,86000,RENT,0.0,DEBTCONSOLIDATION,A,4700,9.63,0.05,0,7
30,76080,MORTGAGE,8.0,HOMEIMPROVEMENT,B,12000,11.14,0.16,0,5
24,46704,RENT,2.0,EDUCATION,B,9000,11.49,0.19,0,4
23,18000,RENT,1.0,PERSONAL,A,7000,7.88,0.39,0,4
23,78000,RENT,1.0,HOMEIMPROVEMENT,D,12000,14.96,0.15,0,4
36,24000,OWN,5.0,VENTURE,C,4000,14.72,0.17,1,15
26,19200,OWN,0.0,EDUCATION,B,9250,10.99,0.48,0,2
24,54000,RENT,7.0,PERSONAL,B,5200,10.37,0.1,0,3
22,32240,RENT,3.0,PERSONAL,C,15000,13.22,0.47,0,3
24,30000,RENT,1.0,VENTURE,A,4000,7.49,0.13,0,4
24,130000,MORTGAGE,5.0,DEBTCONSOLIDATION,B,25000,12.53,0.19,0,3
27,18000,RENT,0.0,DEBTCONSOLIDATION,A,6000,7.49,0.33,0,5
34,25200,RENT,0.0,PERSONAL,C,3750,12.99,0.15,1,6
24,100000,RENT,5.0,HOMEIMPROVEMENT,B,16000,11.12,0.16,0,3
31,30000,MORTGAGE,4.0,EDUCATION,B,1200,10.99,0.04,0,8
31,43200,RENT,4.0,MEDICAL,B,1000,10.74,0.02,0,9
25,54000,MORTGAGE,7.0,EDUCATION,B,5500,10.59,0.1,0,4
32,35100,RENT,4.0,EDUCATION,A,12000,5.99,0.34,0,10
26,34000,RENT,5.0,VENTURE,A,7500,7.9,0.22,0,4
33,132444,RENT,4.0,EDUCATION,B,2000,11.36,0.02,0,9
27,125000,RENT,8.0,EDUCATION,D,7500,15.31,0.06,0,5
22,24000,OWN,1.0,MEDICAL,C,6000,12.68,0.25,1,4
25,20000,RENT,1.0,VENTURE,A,12000,8.07,0.6,0,4
33,84000,MORTGAGE,9.0,EDUCATION,D,20000,14.61,0.24,1,5
42,64464,MORTGAGE,13.0,MEDICAL,E,30000,19.03,0.4,0,14
24,45888,RENT,5.0,EDUCATION,A,9000,5.79,0.2,0,4
29,115000,MORTGAGE,7.0,EDUCATION,D,8100,16.49,0.07,1,10
23,36000,OWN,4.0,VENTURE,A,5500,5.42,0.15,0,3
24,33000,MORTGAGE,8.0,HOMEIMPROVEMENT,C,2050,13.49,0.06,0,2
29,38000,RENT,13.0,DEBTCONSOLIDATION,A,15000,6.91,0.39,0,8
28,150000,MORTGAGE,6.0,VENTURE,A,10000,8.07,0.07,0,8
29,70000,RENT,2.0,MEDICAL,C,20000,13.85,0.29,0,5
24,42000,RENT,8.0,DEBTCONSOLIDATION,C,6000,12.68,0.14,0,4
26,30000,RENT,2.0,MEDICAL,B,7000,10.71,0.23,0,4
30,20800,RENT,0.0,MEDICAL,A,7250,8.0,0.35,0,10
30,67000,MORTGAGE,6.0,HOMEIMPROVEMENT,A,10000,6.99,0.15,0,6
25,62400,MORTGAGE,9.0,EDUCATION,D,12500,14.96,0.2,0,3
27,80000,MORTGAGE,11.0,VENTURE,A,5000,8.0,0.06,0,10
24,91800,OWN,8.0,MEDICAL,E,10000,19.29,0.09,0,2
24,62000,RENT,7.0,EDUCATION,B,3000,9.99,0.05,0,2
33,48000,MORTGAGE,7.0,MEDICAL,A,13800,8.9,0.29,0,6
33,44500,OWN,6.0,EDUCATION,B,20000,10.99,0.45,0,6
34,27600,RENT,5.0,DEBTCONSOLIDATION,B,10000,10.37,0.36,0,6
29,44000,MORTGAGE,9.0,DEBTCONSOLIDATION,D,10000,14.74,0.23,0,5
25,185000,RENT,6.0,VENTURE,C,15000,15.27,0.08,0,2
24,53000,RENT,5.0,EDUCATION,A,5100,7.9,0.1,0,2
33,54400,MORTGAGE,2.0,MEDICAL,B,5000,11.86,0.08,0,9
23,65000,MORTGAGE,7.0,EDUCATION,A,4000,7.75,0.06,0,2
23,28800,RENT,4.0,MEDICAL,B,6000,10.99,0.21,0,3
24,58033,RENT,4.0,VENTURE,B,8000,10.62,0.14,0,2
25,24000,RENT,2.0,MEDICAL,A,10625,6.03,0.44,0,2
31,31692,RENT,2.0,VENTURE,D,13150,13.24,0.41,1,5
25,66000,MORTGAGE,0.0,HOMEIMPROVEMENT,B,18500,12.21,0.28,0,2
28,64000,RENT,1.0,DEBTCONSOLIDATION,B,18000,11.58,0.28,0,6
24,115000,MORTGAGE,3.0,VENTURE,A,15000,6.03,0.13,0,2
24,39996,RENT,2.0,EDUCATION,C,3000,13.48,0.08,1,3
30,58000,MORTGAGE,14.0,DEBTCONSOLIDATION,B,5350,9.99,0.09,0,9
39,60000,MORTGAGE,20.0,MEDICAL,A,7000,7.68,0.12,0,15
23,54000,MORTGAGE,7.0,MEDICAL,B,8800,10.99,0.16,0,4
31,82000,MORTGAGE,15.0,DEBTCONSOLIDATION,A,9000,5.42,0.11,0,10
31,18000,RENT,6.0,EDUCATION,C,4000,12.84,0.22,0,5
28,44104,RENT,4.0,VENTURE,B,15000,10.99,0.34,0,10
26,24480,RENT,0.0,MEDICAL,A,4375,5.79,0.18,0,4
25,49000,RENT,10.0,EDUCATION,A,9600,7.51,0.2,0,4
23,42000,MORTGAGE,7.0,EDUCATION,A,10500,7.66,0.25,0,2
38,72000,MORTGAGE,8.0,HOMEIMPROVEMENT,D,5000,12.92,0.07,0,16
28,58000,RENT,3.0,EDUCATION,B,12500,11.71,0.22,0,7
28,66725,RENT,3.0,MEDICAL,D,9000,16.29,0.11,0,8
21,49800,RENT,6.0,EDUCATION,A,2975,7.9,0.06,0,2
25,80000,MORTGAGE,9.0,DEBTCONSOLIDATION,A,10250,5.42,0.13,0,4
48,128000,RENT,0.0,EDUCATION,D,7500,17.49,0.06,1,11
21,8004,RENT,4.0,MEDICAL,A,3000,7.88,0.37,0,2
22,130000,MORTGAGE,6.0,PERSONAL,C,3000,13.49,0.02,0,2
65,93000,MORTGAGE,27.0,PERSONAL,B,25000,9.99,0.27,0,27
35,42000,MORTGAGE,4.0,EDUCATION,C,5000,14.17,0.12,0,8
32,65280,RENT,0.0,PERSONAL,C,8400,13.61,0.13,0,9
23,14000,RENT,4.0,VENTURE,A,3000,7.74,0.21,0,3
36,90000,RENT,7.0,PERSONAL,D,30000,15.99,0.33,1,11
22,50000,RENT,6.0,EDUCATION,A,10000,7.88,0.2,0,4
22,70000,MORTGAGE,6.0,DEBTCONSOLIDATION,A,8400,6.99,0.12,0,4
23,90000,MORTGAGE,5.0,PERSONAL,A,15000,6.03,0.17,0,3
23,40000,RENT,0.0,VENTURE,A,10000,7.9,0.25,0,3
36,45000,MORTGAGE,2.0,EDUCATION,A,7000,7.14,0.16,0,14
36,30000,RENT,14.0,MEDICAL,B,3000,10.38,0.1,0,11
31,95000,RENT,2.0,MEDICAL,C,2500,13.72,0.03,0,5
27,54400,MORTGAGE,11.0,MEDICAL,D,11000,15.33,0.17,1,10
28,150000,MORTGAGE,11.0,HOMEIMPROVEMENT,A,15000,9.63,0.1,0,9
23,38000,RENT,7.0,PERSONAL,B,12000,11.71,0.32,0,2
32,41000,RENT,2.0,MEDICAL,D,6400,15.65,0.16,1,6
24,28900,MORTGAGE,2.0,DEBTCONSOLIDATION,C,5500,12.98,0.19,1,2
31,60682,RENT,3.0,VENTURE,A,8650,8.49,0.14,0,8
29,190000,MORTGAGE,5.0,PERSONAL,A,4000,6.62,0.02,0,5
27,26000,RENT,6.0,MEDICAL,B,4000,10.25,0.15,0,10
22,128000,MORTGAGE,6.0,VENTURE,A,21600,6.91,0.17,0,4
29,61000,RENT,2.0,PERSONAL,D,15000,14.96,0.25,1,8
35,60000,RENT,0.0,DEBTCONSOLIDATION,C,4000,13.98,0.07,0,7
22,45000,RENT,3.0,MEDICAL,B,5000,9.91,0.11,0,3
24,35256,RENT,2.0,DEBTCONSOLIDATION,B,3000,10.74,0.09,0,2
27,21000,RENT,5.0,MEDICAL,B,4000,11.49,0.19,0,9
23,29000,RENT,6.0,MEDICAL,D,7750,14.59,0.27,1,3
22,31404,RENT,0.0,PERSONAL,A,5000,7.51,0.16,0,3
22,50000,MORTGAGE,6.0,PERSONAL,A,8000,6.03,0.16,0,3
23,22884,RENT,8.0,EDUCATION,B,6000,11.49,0.26,0,3
28,60000,RENT,12.0,PERSONAL,B,20000,10.99,0.33,0,10
25,36000,RENT,2.0,DEBTCONSOLIDATION,B,10000,12.42,0.28,0,4
24,50004,RENT,5.0,EDUCATION,A,4000,7.88,0.08,0,2
30,54000,RENT,8.0,HOMEIMPROVEMENT,A,10000,6.17,0.19,0,10
26,64000,MORTGAGE,3.0,EDUCATION,B,12000,11.71,0.19,0,3
25,120000,MORTGAGE,5.0,DEBTCONSOLIDATION,A,9500,5.42,0.08,0,2
39,90000,MORTGAGE,0.0,MEDICAL,B,18000,10.99,0.2,0,11
25,75000,RENT,5.0,PERSONAL,D,6400,15.99,0.09,1,2
22,48609,RENT,6.0,DEBTCONSOLIDATION,A,12000,7.49,0.25,0,3
29,60000,MORTGAGE,7.0,VENTURE,A,5000,7.66,0.08,0,10
26,55500,RENT,3.0,MEDICAL,C,10000,13.48,0.18,1,4
22,47000,RENT,6.0,DEBTCONSOLIDATION,C,19200,12.29,0.41,1,4
24,100400,MORTGAGE,6.0,HOMEIMPROVEMENT,E,10000,16.4,0.1,1,4
23,24000,MORTGAGE,5.0,MEDICAL,B,1375,11.11,0.06,0,3
29,37920,RENT,2.0,MEDICAL,C,12000,13.48,0.32,0,8
26,165000,MORTGAGE,10.0,EDUCATION,C,20000,13.22,0.12,1,4
45,35004,MORTGAGE,5.0,DEBTCONSOLIDATION,C,10000,13.48,0.29,1,17
26,42000,RENT,3.0,PERSONAL,B,3500,10.74,0.08,0,4
23,50000,MORTGAGE,7.0,VENTURE,B,8600,11.26,0.17,0,3
24,50000,RENT,0.0,VENTURE,B,7200,11.71,0.14,0,2
25,55800,MORTGAGE,1.0,PERSONAL,B,4000,10.75,0.07,0,2
29,78300,MORTGAGE,1.0,VENTURE,F,10000,18.09,0.13,1,9
21,45000,RENT,0.0,EDUCATION,C,4000,13.48,0.09,0,3
26,47000,MORTGAGE,0.0,PERSONAL,A,3000,5.79,0.06,0,2
22,29244,RENT,0.0,DEBTCONSOLIDATION,D,3000,13.3,0.1,1,2
25,34000,MORTGAGE,9.0,DEBTCONSOLIDATION,A,2000,7.66,0.06,0,4
21,30000,RENT,2.0,DEBTCONSOLIDATION,D,12250,14.59,0.41,1,3
28,54000,RENT,11.0,DEBTCONSOLIDATION,D,10000,16.02,0.19,1,8
29,32000,RENT,1.0,PERSONAL,D,6525,16.07,0.2,1,9
31,34000,RENT,9.0,VENTURE,B,15000,9.88,0.44,0,6
24,87600,MORTGAGE,8.0,VENTURE,C,10000,13.49,0.11,1,3
29,90000,MORTGAGE,3.0,EDUCATION,A,15000,6.99,0.17,0,8
22,36000,MORTGAGE,6.0,VENTURE,A,7500,7.14,0.21,0,3
32,26000,OWN,4.0,VENTURE,C,13750,13.11,0.53,1,10
29,39000,MORTGAGE,12.0,EDUCATION,A,16000,5.99,0.41,0,8
27,38500,RENT,0.0,DEBTCONSOLIDATION,B,11500,12.42,0.3,0,9
22,43000,RENT,6.0,PERSONAL,B,13500,10.95,0.31,0,3
25,50000,RENT,5.0,HOMEIMPROVEMENT,C,6000,12.99,0.12,1,3
31,636000,RENT,2.0,DEBTCONSOLIDATION,B,17500,11.48,0.03,0,10
23,42870,RENT,7.0,MEDICAL,A,2000,5.42,0.05,0,3
37,74568,RENT,0.0,PERSONAL,C,6000,14.26,0.08,1,16
24,40000,RENT,3.0,VENTURE,A,11800,6.92,0.29,0,4
24,42000,MORTGAGE,9.0,PERSONAL,A,11000,5.42,0.26,0,4
23,75996,MORTGAGE,7.0,MEDICAL,B,15000,10.62,0.2,0,2
26,135000,RENT,10.0,MEDICAL,B,5000,11.36,0.04,0,4
23,56000,MORTGAGE,4.0,VENTURE,A,6000,5.99,0.11,0,2
32,65000,MORTGAGE,6.0,PERSONAL,B,5600,11.58,0.09,0,5
31,38000,MORTGAGE,2.0,MEDICAL,B,2000,11.36,0.05,0,8
24,62000,MORTGAGE,8.0,EDUCATION,C,10000,13.99,0.16,1,4
22,32244,RENT,2.0,VENTURE,B,11100,12.21,0.34,0,3
28,70000,MORTGAGE,0.0,VENTURE,B,5275,10.99,0.08,0,5
23,55000,MORTGAGE,5.0,PERSONAL,A,7750,6.17,0.14,0,4
28,140000,RENT,0.0,HOMEIMPROVEMENT,A,7400,6.03,0.05,0,6
34,39312,RENT,5.0,PERSONAL,D,10000,15.7,0.25,0,7
24,40944,RENT,0.0,MEDICAL,B,8200,11.36,0.2,0,2
42,82000,RENT,6.0,DEBTCONSOLIDATION,B,22000,10.99,0.27,0,12
22,66000,MORTGAGE,6.0,EDUCATION,C,15000,11.72,0.23,1,2
27,65000,MORTGAGE,2.0,DEBTCONSOLIDATION,B,10000,12.53,0.15,0,7
32,76254,RENT,3.0,HOMEIMPROVEMENT,B,14000,10.38,0.18,0,5
25,41508,RENT,4.0,MEDICAL,C,6400,14.79,0.15,0,3
25,120000,MORTGAGE,5.0,MEDICAL,A,10000,6.62,0.08,0,3
22,64000,RENT,5.0,DEBTCONSOLIDATION,A,6600,8.9,0.1,0,4
25,28800,OWN,3.0,VENTURE,C,6000,13.48,0.21,1,3
31,56400,RENT,1.0,VENTURE,B,7500,11.48,0.13,0,10
30,85000,RENT,3.0,HOMEIMPROVEMENT,B,25000,12.21,0.29,0,6
28,24996,MORTGAGE,6.0,PERSONAL,A,6000,5.99,0.24,0,7
22,35000,RENT,0.0,EDUCATION,B,3000,10.99,0.09,0,2
22,47580,MORTGAGE,6.0,MEDICAL,A,4000,6.62,0.08,0,2
24,49000,MORTGAGE,7.0,MEDICAL,A,3500,7.88,0.07,0,3
35,40000,RENT,0.0,MEDICAL,B,5600,9.76,0.14,0,6
22,166000,MORTGAGE,1.0,EDUCATION,B,23450,11.36,0.14,0,3
23,80000,RENT,5.0,VENTURE,B,15000,12.69,0.19,0,4
35,38760,RENT,2.0,MEDICAL,F,8000,18.09,0.21,1,7
23,80000,MORTGAGE,1.0,EDUCATION,C,12000,13.48,0.15,1,4
27,100000,RENT,9.0,MEDICAL,B,20000,12.69,0.2,0,5
28,35000,RENT,5.0,VENTURE,F,4250,16.96,0.12,0,6
27,150000,OWN,0.0,EDUCATION,A,10000,8.59,0.07,0,9
25,30000,RENT,5.0,DEBTCONSOLIDATION,C,4800,11.22,0.16,1,3
23,36000,RENT,1.0,PERSONAL,D,7500,12.61,0.21,1,2
23,93000,RENT,0.0,DEBTCONSOLIDATION,D,25000,14.59,0.27,1,2
25,42000,RENT,2.0,DEBTCONSOLIDATION,D,10000,14.91,0.24,1,3
32,46000,RENT,4.0,MEDICAL,A,9000,7.51,0.2,0,5
23,23000,RENT,5.0,EDUCATION,A,2400,5.99,0.1,0,3
21,46200,RENT,5.0,EDUCATION,A,6000,7.49,0.13,0,4
28,58000,MORTGAGE,12.0,EDUCATION,A,3000,7.49,0.05,0,8
22,56400,RENT,2.0,EDUCATION,A,9500,8.9,0.17,0,2
29,210000,MORTGAGE,2.0,MEDICAL,B,14000,12.42,0.07,0,6
36,49000,RENT,6.0,HOMEIMPROVEMENT,B,7000,10.74,0.14,0,16
22,50000,RENT,5.0,PERSONAL,B,10000,11.71,0.2,0,3
26,135000,MORTGAGE,6.0,EDUCATION,D,15000,15.33,0.11,1,2
28,72500,RENT,1.0,DEBTCONSOLIDATION,A,12000,7.49,0.17,0,6
28,120000,RENT,4.0,EDUCATION,C,20000,14.26,0.17,0,7
25,30000,RENT,0.0,EDUCATION,E,1500,16.82,0.05,1,3
26,18000,RENT,2.0,EDUCATION,D,2000,13.3,0.11,0,2
32,45000,MORTGAGE,8.0,DEBTCONSOLIDATION,A,2100,6.99,0.05,0,10
26,32000,RENT,1.0,MEDICAL,C,7500,13.79,0.23,1,3
23,65004,RENT,4.0,EDUCATION,D,3000,14.84,0.05,0,3
23,48880,RENT,2.0,EDUCATION,B,5500,10.99,0.11,0,3
25,34000,MORTGAGE,2.0,HOMEIMPROVEMENT,C,5800,13.48,0.17,1,3
22,72500,MORTGAGE,7.0,EDUCATION,A,13200,7.29,0.18,0,3
21,24000,RENT,5.0,VENTURE,B,2000,11.14,0.08,0,4
22,25440,RENT,6.0,EDUCATION,A,4000,5.42,0.16,0,4
23,58500,MORTGAGE,6.0,MEDICAL,A,4000,8.0,0.07,0,2
23,32535,RENT,6.0,DEBTCONSOLIDATION,B,4000,10.99,0.12,0,2
32,90000,MORTGAGE,6.0,PERSONAL,A,15600,7.9,0.17,0,9
23,44400,RENT,0.0,VENTURE,B,1500,11.63,0.03,0,4
24,54000,RENT,1.0,DEBTCONSOLIDATION,D,10000,14.11,0.19,0,4
23,30000,RENT,3.0,VENTURE,B,5600,10.99,0.19,0,4
22,28080,RENT,4.0,MEDICAL,B,4200,9.91,0.15,0,4
25,55000,RENT,0.0,PERSONAL,A,10000,5.42,0.18,0,4
23,57000,RENT,7.0,DEBTCONSOLIDATION,B,10000,11.48,0.18,0,4
25,72600,RENT,5.0,HOMEIMPROVEMENT,A,6500,7.74,0.09,0,2
23,52800,RENT,6.0,MEDICAL,B,3000,10.99,0.06,0,4
28,85000,MORTGAGE,12.0,MEDICAL,B,18000,12.53,0.21,0,10
21,24000,RENT,0.0,EDUCATION,B,6400,10.95,0.27,0,3
28,62400,RENT,2.0,VENTURE,B,14000,10.99,0.22,0,10
25,60000,OWN,8.0,VENTURE,B,14000,11.12,0.23,0,2
22,28150,RENT,0.0,MEDICAL,A,1600,6.39,0.06,0,4
22,21600,MORTGAGE,6.0,VENTURE,C,1400,13.48,0.06,0,2
25,72500,RENT,2.0,HOMEIMPROVEMENT,B,9000,10.59,0.12,0,2
27,40000,RENT,0.0,VENTURE,D,8000,15.65,0.2,1,6
24,86000,MORTGAGE,0.0,PERSONAL,B,20000,10.99,0.23,0,4
25,33000,MORTGAGE,6.0,EDUCATION,A,8000,6.62,0.24,0,4
23,100000,MORTGAGE,4.0,DEBTCONSOLIDATION,C,10000,13.57,0.1,0,3
35,123000,RENT,2.0,HOMEIMPROVEMENT,E,25000,17.19,0.2,0,6
22,97000,MORTGAGE,6.0,MEDICAL,C,10000,13.57,0.1,1,3
22,30000,RENT,0.0,EDUCATION,B,5000,11.49,0.17,0,2
26,40000,MORTGAGE,5.0,MEDICAL,B,6000,10.62,0.15,0,4
23,18000,RENT,1.0,HOMEIMPROVEMENT,D,3000,15.99,0.17,1,2
29,60000,RENT,7.0,MEDICAL,B,12000,9.91,0.2,0,7
24,68000,MORTGAGE,8.0,HOMEIMPROVEMENT,A,3600,7.74,0.05,0,4
23,68500,MORTGAGE,7.0,PERSONAL,D,9800,14.84,0.14,0,2
28,75000,RENT,8.0,DEBTCONSOLIDATION,B,7200,9.88,0.1,0,7
27,66000,MORTGAGE,12.0,EDUCATION,D,8400,16.49,0.13,1,7
24,24000,RENT,0.0,EDUCATION,B,6500,11.36,0.27,0,2
26,45000,RENT,1.0,MEDICAL,A,4800,5.42,0.11,0,2
28,31000,RENT,7.0,MEDICAL,D,3600,14.11,0.12,1,8
28,75000,MORTGAGE,9.0,DEBTCONSOLIDATION,B,9600,10.62,0.13,0,7
22,34000,RENT,3.0,DEBTCONSOLIDATION,A,4975,7.51,0.15,0,2
23,95000,RENT,7.0,VENTURE,D,15000,15.05,0.16,1,2
22,51012,RENT,1.0,PERSONAL,D,20000,17.49,0.39,1,4
22,48000,RENT,1.0,DEBTCONSOLIDATION,B,4100,11.99,0.09,0,3
28,100511,RENT,1.0,DEBTCONSOLIDATION,D,21000,15.31,0.21,1,5
22,18200,RENT,4.0,HOMEIMPROVEMENT,A,6000,7.66,0.33,0,3
29,135000,MORTGAGE,10.0,VENTURE,B,11000,11.83,0.08,0,7
36,62000,MORTGAGE,9.0,EDUCATION,A,4800,8.0,0.08,0,12
25,36400,RENT,2.0,PERSONAL,B,18200,9.91,0.5,0,4
23,60000,MORTGAGE,5.0,DEBTCONSOLIDATION,A,7200,7.49,0.12,0,4
21,55000,RENT,5.0,MEDICAL,B,12000,10.62,0.22,0,2
48,60000,MORTGAGE,0.0,DEBTCONSOLIDATION,A,2500,7.29,0.04,0,11
30,120000,MORTGAGE,15.0,EDUCATION,A,11000,6.03,0.09,0,5
24,51000,RENT,2.0,DEBTCONSOLIDATION,D,5000,14.74,0.1,1,2
25,73000,RENT,9.0,PERSONAL,B,13600,11.99,0.19,0,2
27,64000,RENT,2.0,DEBTCONSOLIDATION,C,5000,12.99,0.08,0,8
29,82000,OWN,5.0,PERSONAL,C,21000,14.65,0.26,1,5
24,34000,RENT,0.0,DEBTCONSOLIDATION,B,9000,11.83,0.26,0,4
24,58000,MORTGAGE,8.0,EDUCATION,C,8000,13.43,0.14,0,4
24,98450,RENT,8.0,EDUCATION,C,2700,13.49,0.03,0,4
23,113000,MORTGAGE,4.0,DEBTCONSOLIDATION,A,12000,7.66,0.11,0,4
33,26400,OWN,13.0,VENTURE,B,7000,11.36,0.27,0,9
26,108000,MORTGAGE,7.0,HOMEIMPROVEMENT,C,10000,13.57,0.09,0,4
28,114000,MORTGAGE,4.0,DEBTCONSOLIDATION,A,12000,7.49,0.11,0,5
23,61000,RENT,2.0,DEBTCONSOLIDATION,D,4000,16.0,0.07,1,4
21,50350,RENT,3.0,EDUCATION,A,3600,7.88,0.07,0,3
21,37500,OWN,5.0,VENTURE,B,6000,11.49,0.16,0,3
28,60000,MORTGAGE,4.0,PERSONAL,B,3500,10.25,0.06,0,10
26,47000,RENT,5.0,PERSONAL,B,16250,12.42,0.35,0,4
30,50000,RENT,4.0,VENTURE,C,20000,13.49,0.4,0,10
27,39600,OWN,7.0,HOMEIMPROVEMENT,A,9900,6.54,0.25,0,5
21,78000,RENT,4.0,VENTURE,A,10000,5.99,0.13,0,2
26,45000,MORTGAGE,9.0,PERSONAL,D,10000,16.89,0.22,0,3
26,48000,OWN,10.0,VENTURE,B,15000,11.12,0.31,0,3
25,75000,MORTGAGE,4.0,HOMEIMPROVEMENT,C,12000,13.49,0.16,0,4
36,82000,RENT,12.0,HOMEIMPROVEMENT,C,18000,13.22,0.22,0,17
22,26000,MORTGAGE,4.0,PERSONAL,B,4000,9.25,0.15,0,2
32,62000,MORTGAGE,6.0,PERSONAL,B,6000,11.36,0.1,0,6
23,78625,RENT,3.0,PERSONAL,B,13600,9.88,0.17,0,3
21,82000,MORTGAGE,3.0,PERSONAL,A,11000,7.49,0.13,0,3
24,32000,RENT,6.0,MEDICAL,B,4800,10.59,0.15,0,2
32,54000,RENT,8.0,VENTURE,B,20000,11.11,0.37,0,7
26,32000,RENT,6.0,PERSONAL,A,10000,6.99,0.31,0,3
21,36000,MORTGAGE,5.0,PERSONAL,A,2800,6.99,0.08,0,2
26,92652,RENT,4.0,VENTURE,C,10000,13.23,0.11,1,2
22,36000,RENT,3.0,PERSONAL,A,3600,5.99,0.1,0,2
36,55000,RENT,6.0,HOMEIMPROVEMENT,B,10900,12.42,0.2,0,13
26,78402,RENT,3.0,VENTURE,B,11200,11.71,0.14,0,3
22,30000,MORTGAGE,3.0,MEDICAL,B,1750,10.99,0.06,0,4
23,87000,MORTGAGE,5.0,DEBTCONSOLIDATION,C,15000,14.35,0.17,0,2
21,60000,RENT,0.0,PERSONAL,A,12000,7.51,0.2,0,3
25,138000,MORTGAGE,3.0,EDUCATION,C,9000,12.22,0.07,0,3
22,47940,MORTGAGE,4.0,DEBTCONSOLIDATION,B,15000,10.99,0.31,0,4
29,125004,RENT,3.0,MEDICAL,B,7200,9.99,0.06,0,6
24,77000,MORTGAGE,2.0,EDUCATION,B,3850,11.11,0.05,0,2
28,30000,RENT,13.0,PERSONAL,B,14800,11.14,0.49,0,5
27,40000,RENT,4.0,VENTURE,D,10000,15.31,0.25,1,10
37,44000,RENT,0.0,PERSONAL,A,10000,6.91,0.23,0,15
31,30000,RENT,0.0,DEBTCONSOLIDATION,B,3000,10.08,0.1,0,10
29,75840,OWN,5.0,HOMEIMPROVEMENT,G,25000,21.27,0.33,0,6
28,54000,RENT,2.0,EDUCATION,C,13000,15.23,0.24,0,9
30,50000,OWN,3.0,HOMEIMPROVEMENT,A,5000,5.99,0.1,0,10
22,40000,RENT,1.0,DEBTCONSOLIDATION,A,2800,7.49,0.07,0,4
37,65000,RENT,2.0,EDUCATION,C,13000,12.99,0.2,1,12
22,58000,OTHER,3.0,DEBTCONSOLIDATION,C,15000,13.79,0.26,1,4
23,60000,MORTGAGE,5.0,MEDICAL,C,22000,13.06,0.37,1,3
24,77350,MORTGAGE,2.0,MEDICAL,D,25000,15.7,0.27,1,3
30,36000,MORTGAGE,2.0,VENTURE,A,3000,6.39,0.08,0,10
27,27996,RENT,0.0,PERSONAL,B,12250,11.26,0.44,0,7
23,68000,RENT,1.0,EDUCATION,B,7500,11.49,0.11,0,3
23,72000,RENT,2.0,VENTURE,C,9000,13.47,0.13,0,3
22,62000,RENT,5.0,VENTURE,A,13200,7.49,0.21,0,4
22,50004,RENT,6.0,EDUCATION,D,10200,15.21,0.2,0,4
41,28800,RENT,0.0,MEDICAL,C,9600,13.49,0.33,0,16
29,54000,RENT,12.0,PERSONAL,B,10000,11.71,0.19,0,7
33,144000,MORTGAGE,1.0,MEDICAL,A,5000,8.9,0.03,0,10
22,18000,OWN,1.0,HOMEIMPROVEMENT,A,3500,7.49,0.19,0,4
22,73000,MORTGAGE,3.0,MEDICAL,B,17000,11.99,0.23,0,3
57,15000,MORTGAGE,1.0,DEBTCONSOLIDATION,C,3000,12.68,0.2,0,23
25,33800,MORTGAGE,2.0,EDUCATION,D,10000,15.31,0.3,0,4
25,82000,RENT,1.0,EDUCATION,E,22000,17.51,0.27,0,2
30,37600,RENT,2.0,MEDICAL,C,15000,13.06,0.4,1,7
25,109000,MORTGAGE,6.0,DEBTCONSOLIDATION,A,16000,6.03,0.15,0,2
22,33000,RENT,1.0,DEBTCONSOLIDATION,A,2000,7.49,0.06,0,3
27,32400,RENT,7.0,MEDICAL,C,5000,13.48,0.15,0,6
29,135000,MORTGAGE,14.0,MEDICAL,A,24000,5.99,0.18,0,10
26,70000,MORTGAGE,6.0,HOMEIMPROVEMENT,B,12000,11.26,0.17,0,4
24,81996,RENT,1.0,DEBTCONSOLIDATION,C,4000,12.53,0.05,0,4
49,77736,MORTGAGE,4.0,DEBTCONSOLIDATION,A,8000,6.03,0.1,0,17
25,86004,MORTGAGE,3.0,PERSONAL,A,15000,6.91,0.17,0,4
23,81600,MORTGAGE,7.0,VENTURE,A,9000,7.49,0.11,0,3
27,180000,RENT,2.0,MEDICAL,B,15000,12.42,0.08,0,10
23,80000,MORTGAGE,6.0,EDUCATION,A,9000,7.49,0.11,0,4
46,60000,RENT,9.0,HOMEIMPROVEMENT,D,15000,16.32,0.25,0,16
29,40000,RENT,3.0,MEDICAL,B,14150,12.69,0.35,0,5
30,49000,RENT,14.0,MEDICAL,B,1800,11.71,0.04,0,5
22,30000,RENT,0.0,EDUCATION,B,5000,10.33,0.17,0,3
35,39000,RENT,5.0,PERSONAL,B,10625,10.99,0.27,0,9
28,58000,RENT,5.0,HOMEIMPROVEMENT,D,19000,14.09,0.33,0,8
56,59200,RENT,1.0,DEBTCONSOLIDATION,C,10000,13.61,0.17,1,20
24,82632,RENT,0.0,EDUCATION,B,10000,12.21,0.12,0,4
28,74000,RENT,0.0,DEBTCONSOLIDATION,D,5000,15.21,0.07,0,8
23,50000,RENT,7.0,EDUCATION,B,4800,10.37,0.1,0,3
37,40000,RENT,1.0,VENTURE,B,3000,11.71,0.07,0,15
23,51600,RENT,6.0,PERSONAL,B,4000,9.91,0.08,0,3
26,175000,RENT,2.0,EDUCATION,B,17000,9.88,0.1,0,2
30,51600,RENT,5.0,DEBTCONSOLIDATION,C,16000,13.49,0.31,0,8
35,17640,OWN,4.0,MEDICAL,D,4000,16.29,0.23,0,7
30,48000,MORTGAGE,12.0,PERSONAL,A,15000,7.49,0.31,0,9
28,20000,RENT,0.0,MEDICAL,B,2150,10.37,0.11,0,6
22,116000,MORTGAGE,3.0,DEBTCONSOLIDATION,B,12000,10.25,0.1,0,4
45,54981,RENT,2.0,MEDICAL,A,6000,7.49,0.11,0,17
22,45996,RENT,2.0,EDUCATION,A,8000,7.51,0.17,0,3
24,35000,OWN,2.0,VENTURE,B,3600,9.99,0.1,0,4
28,89602,MORTGAGE,4.0,VENTURE,A,4800,5.42,0.05,0,8
36,95000,RENT,3.0,VENTURE,A,7375,8.94,0.08,0,15
25,47000,RENT,1.0,EDUCATION,A,8500,8.9,0.18,0,4
25,53000,MORTGAGE,4.0,EDUCATION,A,6000,6.62,0.11,0,2
25,99000,MORTGAGE,9.0,DEBTCONSOLIDATION,A,15000,6.17,0.15,0,4
24,184992,RENT,7.0,HOMEIMPROVEMENT,D,22000,14.46,0.12,1,4
48,85000,MORTGAGE,0.0,EDUCATION,A,10000,7.51,0.12,0,13
23,47496,RENT,7.0,EDUCATION,B,3500,12.69,0.07,0,2
37,78000,MORTGAGE,9.0,DEBTCONSOLIDATION,E,20000,16.35,0.26,0,14
33,51996,MORTGAGE,3.0,DEBTCONSOLIDATION,B,14000,8.88,0.27,0,9
24,60000,RENT,4.0,MEDICAL,A,10000,6.54,0.17,0,2
23,75000,MORTGAGE,7.0,EDUCATION,A,16100,7.9,0.21,0,3
22,55008,RENT,6.0,EDUCATION,C,12000,13.79,0.22,0,2
25,62467,RENT,1.0,HOMEIMPROVEMENT,B,7250,10.65,0.12,0,4
36,171870,MORTGAGE,4.0,MEDICAL,D,9400,15.62,0.05,1,11
22,63000,MORTGAGE,6.0,EDUCATION,A,4500,5.42,0.07,0,2
32,68000,MORTGAGE,1.0,MEDICAL,B,6100,10.25,0.09,0,7
26,24996,RENT,2.0,PERSONAL,B,10000,10.99,0.4,0,4
26,225000,MORTGAGE,2.0,VENTURE,B,25000,10.08,0.11,0,2
24,58800,RENT,5.0,HOMEIMPROVEMENT,A,5000,7.29,0.09,0,3
27,40000,RENT,4.0,PERSONAL,D,10000,15.31,0.25,1,6
32,81000,MORTGAGE,1.0,PERSONAL,B,10000,10.37,0.12,0,10
23,90000,RENT,0.0,MEDICAL,A,12000,8.9,0.13,0,3
25,48000,RENT,0.0,HOMEIMPROVEMENT,F,3200,18.535,0.07,1,4
42,68000,MORTGAGE,2.0,VENTURE,A,5000,7.51,0.07,0,17
25,72000,RENT,2.0,MEDICAL,B,10000,10.37,0.14,0,4
23,120000,MORTGAGE,0.0,EDUCATION,C,23000,11.03,0.19,0,2
33,66000,OWN,16.0,MEDICAL,A,3500,7.49,0.05,0,9
26,49200,RENT,7.0,MEDICAL,D,6000,16.49,0.12,1,2
37,50400,RENT,9.0,VENTURE,A,1800,8.9,0.04,0,11
42,45000,RENT,1.0,DEBTCONSOLIDATION,B,18200,10.83,0.4,0,14
28,100000,MORTGAGE,13.0,HOMEIMPROVEMENT,A,12000,7.88,0.12,0,8
31,54000,RENT,2.0,DEBTCONSOLIDATION,A,1400,7.49,0.03,0,8
28,43680,RENT,3.0,EDUCATION,C,4475,15.27,0.1,0,8
25,93000,MORTGAGE,5.0,MEDICAL,A,12000,7.88,0.13,0,4
25,39000,RENT,6.0,EDUCATION,D,16000,15.65,0.41,0,2
25,28000,RENT,6.0,DEBTCONSOLIDATION,A,1000,7.51,0.04,0,3
23,65004,OWN,5.0,VENTURE,C,7000,12.87,0.11,1,2
38,66690,RENT,12.0,EDUCATION,D,20000,14.59,0.3,0,14
23,36000,RENT,7.0,DEBTCONSOLIDATION,C,1200,13.99,0.03,1,4
32,100000,RENT,7.0,EDUCATION,C,14400,13.35,0.14,1,7
31,78000,MORTGAGE,9.0,HOMEIMPROVEMENT,A,5000,5.79,0.06,0,10
23,129996,MORTGAGE,2.0,VENTURE,B,30000,11.11,0.23,0,4
22,71000,RENT,6.0,EDUCATION,A,1500,6.99,0.02,0,3
28,35000,RENT,5.0,MEDICAL,D,10000,14.61,0.29,0,7
36,92000,RENT,5.0,DEBTCONSOLIDATION,B,10000,11.71,0.11,0,16
24,33048,RENT,6.0,EDUCATION,C,10600,11.97,0.32,1,3
26,27600,RENT,0.0,MEDICAL,A,4725,6.54,0.17,0,2
25,36228,RENT,4.0,MEDICAL,A,2500,7.66,0.07,0,2
23,31000,RENT,1.0,DEBTCONSOLIDATION,B,6000,11.71,0.19,0,2
23,27600,RENT,3.0,VENTURE,C,9000,13.98,0.33,1,3
23,47800,MORTGAGE,4.0,MEDICAL,B,18000,10.95,0.38,0,3
27,54120,MORTGAGE,2.0,VENTURE,B,6000,11.36,0.11,0,6
32,36400,RENT,3.0,EDUCATION,D,4800,14.11,0.13,1,6
26,46000,RENT,0.0,DEBTCONSOLIDATION,B,2400,9.91,0.05,0,4
27,84000,RENT,1.0,HOMEIMPROVEMENT,C,20000,13.49,0.24,0,8
22,33000,RENT,0.0,DEBTCONSOLIDATION,E,5500,16.82,0.17,1,3
24,101400,MORTGAGE,8.0,PERSONAL,A,9900,8.0,0.1,0,4
31,72250,OTHER,6.0,MEDICAL,F,25000,17.03,0.29,1,5
21,75000,RENT,5.0,MEDICAL,B,15000,10.37,0.2,0,4
24,23500,MORTGAGE,2.0,HOMEIMPROVEMENT,B,7000,10.38,0.3,0,4
23,30000,OWN,0.0,PERSONAL,B,3000,11.14,0.1,0,3
31,42500,RENT,3.0,MEDICAL,A,6500,7.29,0.15,0,10
24,200004,RENT,5.0,EDUCATION,B,15000,10.59,0.07,0,4
23,79992,MORTGAGE,7.0,DEBTCONSOLIDATION,B,6000,10.99,0.08,0,3
29,48000,MORTGAGE,13.0,MEDICAL,A,4975,5.79,0.1,0,7
21,32400,MORTGAGE,2.0,EDUCATION,A,10000,5.42,0.31,0,2
26,108000,MORTGAGE,9.0,HOMEIMPROVEMENT,B,18300,10.99,0.17,0,3
30,45000,MORTGAGE,5.0,EDUCATION,B,3250,10.62,0.07,0,6
21,15000,OWN,0.0,HOMEIMPROVEMENT,C,3175,11.54,0.21,1,3
34,37000,RENT,2.0,EDUCATION,C,6400,13.61,0.17,0,9
23,75000,MORTGAGE,5.0,EDUCATION,A,31825,7.9,0.42,0,2
23,92004,RENT,6.0,MEDICAL,C,30000,15.23,0.33,1,2
24,75000,MORTGAGE,8.0,PERSONAL,B,5500,11.86,0.07,0,4
29,54996,RENT,8.0,MEDICAL,A,9300,9.32,0.17,0,7
34,204000,MORTGAGE,0.0,EDUCATION,B,16000,11.83,0.08,0,5
28,90700,MORTGAGE,11.0,HOMEIMPROVEMENT,A,20000,6.91,0.22,0,8
22,40000,MORTGAGE,7.0,PERSONAL,A,10850,7.66,0.27,0,4
26,52000,RENT,5.0,PERSONAL,B,5000,10.59,0.1,0,3
26,96000,MORTGAGE,6.0,MEDICAL,B,20000,11.11,0.21,0,4
24,64575,RENT,2.0,PERSONAL,A,12000,7.29,0.19,0,4
28,95000,OWN,3.0,VENTURE,B,4800,11.71,0.05,0,10
34,72000,MORTGAGE,8.0,HOMEIMPROVEMENT,C,10000,13.49,0.14,1,8
26,52000,RENT,2.0,EDUCATION,B,4800,9.99,0.09,0,2
23,144000,OWN,1.0,VENTURE,A,6800,7.49,0.05,0,2
25,89796,MORTGAGE,2.0,VENTURE,B,9000,11.11,0.1,0,4
32,52000,MORTGAGE,5.0,HOMEIMPROVEMENT,C,20000,13.48,0.38,0,9
25,24000,RENT,3.0,DEBTCONSOLIDATION,C,6250,13.72,0.26,1,3
43,46000,RENT,2.0,MEDICAL,D,13000,15.7,0.28,0,13
22,37000,MORTGAGE,1.0,VENTURE,C,2000,14.27,0.05,1,2
27,105000,RENT,4.0,VENTURE,B,20000,10.62,0.19,0,9
34,48000,RENT,0.0,EDUCATION,A,4000,8.0,0.08,0,9
33,140000,MORTGAGE,14.0,DEBTCONSOLIDATION,A,9600,6.91,0.07,0,5
23,54000,RENT,4.0,EDUCATION,E,10000,17.93,0.19,1,4
25,80000,RENT,7.0,EDUCATION,B,20000,8.88,0.25,0,4
26,73000,MORTGAGE,5.0,MEDICAL,C,14400,13.61,0.2,0,4
49,58000,MORTGAGE,5.0,PERSONAL,D,16000,15.33,0.28,0,13
22,115000,MORTGAGE,6.0,VENTURE,A,12000,5.99,0.1,0,4
22,46000,RENT,0.0,DEBTCONSOLIDATION,B,9600,10.99,0.21,0,4
53,24000,RENT,0.0,EDUCATION,D,5000,14.42,0.21,1,27
50,41496,RENT,9.0,DEBTCONSOLIDATION,D,5000,15.31,0.12,1,16
24,37200,MORTGAGE,5.0,PERSONAL,A,13000,6.91,0.35,0,2
35,36000,RENT,1.0,VENTURE,C,5600,13.06,0.16,0,7
21,33000,RENT,5.0,EDUCATION,C,5000,12.84,0.15,0,2
40,41000,MORTGAGE,2.0,HOMEIMPROVEMENT,C,6000,12.53,0.15,0,11
31,100000,RENT,3.0,EDUCATION,B,8800,10.0,0.09,0,8
28,47200,RENT,3.0,PERSONAL,B,10000,9.99,0.21,0,8
29,153000,RENT,1.0,DEBTCONSOLIDATION,B,17600,8.7,0.12,0,7
22,89004,RENT,7.0,DEBTCONSOLIDATION,A,17000,9.63,0.19,0,4
24,85000,RENT,8.0,PERSONAL,E,10000,16.0,0.12,1,3
39,44000,RENT,5.0,MEDICAL,B,8000,12.53,0.18,0,14
21,56400,OWN,5.0,VENTURE,A,5000,6.54,0.09,0,2
37,60000,RENT,1.0,PERSONAL,B,6400,9.64,0.11,0,12
34,222000,MORTGAGE,0.0,MEDICAL,A,13000,8.49,0.06,0,7
26,80600,MORTGAGE,10.0,HOMEIMPROVEMENT,B,9600,10.99,0.12,0,3
22,34000,RENT,0.0,HOMEIMPROVEMENT,D,1200,14.61,0.04,1,4
34,65000,MORTGAGE,5.0,EDUCATION,B,21200,9.99,0.33,0,6
35,70000,RENT,2.0,EDUCATION,C,2000,13.72,0.03,0,7
35,92000,MORTGAGE,19.0,MEDICAL,A,14400,6.99,0.16,0,10
26,55000,RENT,0.0,EDUCATION,A,4000,6.92,0.07,0,4
28,55000,MORTGAGE,12.0,MEDICAL,A,7000,7.49,0.13,0,6
25,69000,RENT,5.0,HOMEIMPROVEMENT,A,8500,6.92,0.12,0,4
23,46000,RENT,3.0,MEDICAL,D,15000,16.0,0.33,0,4
40,55000,RENT,14.0,HOMEIMPROVEMENT,A,18000,7.88,0.33,0,14
27,110000,MORTGAGE,4.0,PERSONAL,A,2500,8.07,0.02,0,6
27,44004,MORTGAGE,2.0,MEDICAL,A,10000,6.92,0.23,0,9
29,48000,MORTGAGE,3.0,PERSONAL,C,17375,14.27,0.36,1,5
25,85000,MORTGAGE,7.0,PERSONAL,C,5500,13.49,0.06,0,3
28,66920,RENT,12.0,DEBTCONSOLIDATION,C,5000,14.26,0.07,1,8
21,55404,RENT,5.0,DEBTCONSOLIDATION,C,6500,13.98,0.12,0,4
29,89849,MORTGAGE,13.0,EDUCATION,C,6000,13.98,0.07,1,5
30,30000,RENT,0.0,VENTURE,D,7750,13.87,0.26,1,9
41,444000,MORTGAGE,4.0,EDUCATION,D,2500,15.31,0.01,0,11
23,36000,OWN,4.0,EDUCATION,A,5500,5.42,0.15,0,2
22,46000,RENT,6.0,EDUCATION,A,14000,8.49,0.3,0,4
21,48996,MORTGAGE,5.0,VENTURE,D,15000,15.58,0.31,1,3
26,60000,RENT,7.0,VENTURE,C,12800,12.84,0.21,0,2
23,25200,RENT,1.0,DEBTCONSOLIDATION,C,8000,12.73,0.32,0,4
34,40000,RENT,3.0,MEDICAL,B,25000,10.25,0.63,0,8
28,52000,RENT,0.0,HOMEIMPROVEMENT,B,4000,10.75,0.08,0,8
33,120000,RENT,9.0,DEBTCONSOLIDATION,B,25000,11.36,0.21,0,8
26,62900,OWN,4.0,MEDICAL,E,24250,16.82,0.33,1,2
23,20400,RENT,3.0,DEBTCONSOLIDATION,A,4000,8.94,0.2,0,4
28,44000,RENT,7.0,DEBTCONSOLIDATION,F,14000,19.04,0.32,0,10
39,67000,RENT,6.0,VENTURE,B,16000,10.99,0.24,0,16
28,51850,RENT,12.0,MEDICAL,F,15000,18.535,0.25,0,9
23,24000,RENT,1.0,VENTURE,B,5000,11.48,0.21,0,4
33,92000,MORTGAGE,18.0,PERSONAL,A,12000,5.79,0.13,0,5
24,12000,RENT,0.0,EDUCATION,B,4750,10.75,0.4,0,4
33,210000,MORTGAGE,17.0,DEBTCONSOLIDATION,B,20000,9.91,0.1,0,7
22,95000,MORTGAGE,6.0,MEDICAL,A,12000,7.51,0.13,0,3
33,101000,MORTGAGE,8.0,HOMEIMPROVEMENT,A,5000,7.49,0.05,0,7
33,14400,RENT,2.0,MEDICAL,B,3000,11.83,0.21,0,5
24,30000,RENT,1.0,VENTURE,A,3600,8.49,0.12,0,3
26,57500,MORTGAGE,2.0,DEBTCONSOLIDATION,A,7750,6.76,0.13,0,3
41,100000,RENT,3.0,PERSONAL,B,12000,10.74,0.12,0,14
22,57500,RENT,1.0,DEBTCONSOLIDATION,B,9100,11.49,0.16,0,4
22,12000,RENT,1.0,VENTURE,B,4000,9.76,0.33,0,3
29,85000,RENT,12.0,PERSONAL,B,8000,10.62,0.09,0,8
21,14400,RENT,2.0,EDUCATION,B,5900,12.42,0.41,0,3
27,56253,RENT,11.0,VENTURE,B,10000,11.36,0.18,0,8
31,60775,RENT,4.0,MEDICAL,D,10000,16.49,0.14,1,6
61,160000,RENT,3.0,PERSONAL,D,30000,15.31,0.19,1,27
27,112000,MORTGAGE,9.0,EDUCATION,C,13000,13.57,0.12,0,10
45,118560,MORTGAGE,1.0,VENTURE,C,20000,13.48,0.17,0,15
23,54780,RENT,4.0,PERSONAL,B,8000,10.65,0.15,0,4
23,66000,MORTGAGE,0.0,PERSONAL,A,7800,7.88,0.12,0,3
38,65000,MORTGAGE,5.0,EDUCATION,B,15000,10.36,0.23,0,17
25,45000,RENT,4.0,PERSONAL,B,8000,10.38,0.18,0,3
23,68000,MORTGAGE,4.0,EDUCATION,A,1000,8.0,0.01,0,3
24,36100,RENT,4.0,DEBTCONSOLIDATION,D,5000,12.92,0.14,1,3
29,31200,RENT,0.0,PERSONAL,C,3000,13.48,0.1,1,6
22,32000,RENT,0.0,PERSONAL,B,3200,10.2,0.1,0,3
24,50000,MORTGAGE,7.0,VENTURE,B,7500,11.71,0.15,0,4
26,65000,OWN,1.0,HOMEIMPROVEMENT,C,4800,13.49,0.07,1,2
40,74500,RENT,2.0,MEDICAL,C,3000,14.27,0.04,0,15
27,75000,OWN,11.0,PERSONAL,D,16000,16.89,0.21,1,5
25,76400,RENT,3.0,VENTURE,B,13900,10.62,0.18,0,4
23,44000,RENT,3.0,MEDICAL,D,5000,14.91,0.11,1,2
29,83004,MORTGAGE,3.0,PERSONAL,B,4500,11.49,0.05,0,10
25,89100,RENT,9.0,VENTURE,C,2000,13.49,0.02,1,3
29,33000,RENT,2.0,EDUCATION,C,1700,15.23,0.05,1,5
28,74400,MORTGAGE,3.0,HOMEIMPROVEMENT,B,20000,10.99,0.27,0,8
40,68000,MORTGAGE,1.0,PERSONAL,A,9200,8.94,0.14,0,11
29,74000,MORTGAGE,3.0,EDUCATION,D,3000,16.32,0.04,0,6
29,41004,RENT,6.0,PERSONAL,B,12000,10.0,0.29,0,7
23,45000,RENT,0.0,EDUCATION,A,1500,7.51,0.03,0,4
28,120000,MORTGAGE,12.0,VENTURE,B,20000,9.45,0.17,0,10
34,103363,MORTGAGE,4.0,VENTURE,B,15000,10.99,0.15,0,5
27,69805,RENT,3.0,VENTURE,B,12000,10.25,0.17,0,9
25,49600,RENT,9.0,MEDICAL,A,12000,7.14,0.24,0,3
29,55000,MORTGAGE,9.0,HOMEIMPROVEMENT,A,5000,7.49,0.09,0,8
30,113000,MORTGAGE,4.0,DEBTCONSOLIDATION,D,30000,15.62,0.27,1,8
23,73500,RENT,7.0,EDUCATION,A,18000,7.49,0.24,0,2
28,215662,MORTGAGE,12.0,VENTURE,B,21000,11.99,0.1,0,7
27,42996,RENT,1.0,MEDICAL,C,5000,13.61,0.12,0,6
30,165000,RENT,3.0,VENTURE,C,15000,13.92,0.09,1,9
22,65000,RENT,7.0,EDUCATION,D,7000,15.99,0.11,0,3
23,62000,RENT,7.0,VENTURE,B,4500,12.42,0.07,0,2
32,54996,MORTGAGE,1.0,MEDICAL,A,7000,6.92,0.13,0,8
29,60000,MORTGAGE,13.0,MEDICAL,A,13500,7.51,0.23,0,5
22,67000,MORTGAGE,7.0,DEBTCONSOLIDATION,A,8800,7.51,0.13,0,2
25,28675,RENT,1.0,DEBTCONSOLIDATION,A,6000,8.9,0.21,0,3
29,145000,MORTGAGE,0.0,VENTURE,D,14000,16.77,0.1,1,5
30,46000,RENT,5.0,VENTURE,A,9000,7.29,0.2,0,5
22,60612,MORTGAGE,6.0,PERSONAL,B,5300,10.99,0.09,0,4
27,44004,RENT,1.0,EDUCATION,D,11750,15.31,0.27,1,8
22,48000,RENT,1.0,EDUCATION,E,30000,18.39,0.63,0,2
24,35000,RENT,4.0,EDUCATION,A,1850,7.12,0.05,0,2
23,60000,RENT,2.0,DEBTCONSOLIDATION,B,12800,10.59,0.21,0,4
29,65000,RENT,4.0,EDUCATION,D,15000,16.0,0.23,0,8
24,44000,RENT,5.0,PERSONAL,C,2800,14.17,0.06,0,2
24,36000,RENT,5.0,EDUCATION,B,1200,11.49,0.03,0,2
26,62900,MORTGAGE,4.0,MEDICAL,A,11000,7.9,0.15,0,3
22,31200,RENT,5.0,PERSONAL,C,10000,12.73,0.32,0,4
22,61500,MORTGAGE,5.0,VENTURE,A,30000,6.62,0.49,0,3
29,74360,OWN,7.0,MEDICAL,A,8725,5.99,0.12,0,7
26,108000,MORTGAGE,5.0,PERSONAL,A,13000,8.94,0.12,0,2
21,26500,MORTGAGE,3.0,MEDICAL,D,6000,14.46,0.23,1,4
27,56000,MORTGAGE,4.0,DEBTCONSOLIDATION,B,10050,9.63,0.18,0,8
23,85000,MORTGAGE,6.0,PERSONAL,B,25000,10.75,0.29,0,4
23,30000,MORTGAGE,6.0,VENTURE,B,5000,10.38,0.17,0,4
27,58000,RENT,3.0,MEDICAL,C,1400,15.27,0.02,1,7
27,83604,RENT,2.0,MEDICAL,B,11000,9.76,0.13,0,7
25,42000,RENT,2.0,MEDICAL,B,6600,10.65,0.16,0,4
29,115000,RENT,0.0,MEDICAL,B,6500,10.65,0.06,0,10
24,70000,MORTGAGE,3.0,DEBTCONSOLIDATION,A,5000,6.03,0.07,0,3
23,80800,RENT,6.0,PERSONAL,A,12000,8.9,0.15,0,3
29,27000,RENT,2.0,EDUCATION,B,2725,9.63,0.1,0,6
29,60000,MORTGAGE,3.0,MEDICAL,A,10000,7.49,0.17,0,9
23,20400,RENT,5.0,EDUCATION,D,5500,15.31,0.27,0,2
27,40000,RENT,8.0,PERSONAL,B,12000,10.37,0.3,0,9
48,56500,MORTGAGE,9.0,DEBTCONSOLIDATION,B,15000,11.14,0.27,0,11
25,75600,MORTGAGE,7.0,MEDICAL,C,15000,12.68,0.2,1,3
46,85000,OWN,1.0,VENTURE,A,5000,7.43,0.06,0,13
25,51000,RENT,1.0,VENTURE,C,15000,13.48,0.29,1,4
27,60000,RENT,0.0,PERSONAL,D,5000,14.54,0.08,0,10
27,43000,OWN,11.0,EDUCATION,A,15000,7.51,0.35,0,5
27,39600,RENT,4.0,DEBTCONSOLIDATION,A,2000,7.9,0.05,0,6
27,100000,MORTGAGE,1.0,DEBTCONSOLIDATION,C,16000,13.43,0.16,0,5
21,34500,RENT,4.0,DEBTCONSOLIDATION,E,1000,16.45,0.03,0,2
23,124800,MORTGAGE,4.0,MEDICAL,B,28000,10.99,0.22,0,2
23,100000,RENT,0.0,PERSONAL,C,24250,12.87,0.24,1,2
23,40000,RENT,4.0,PERSONAL,C,3500,13.23,0.09,1,2
22,114000,RENT,2.0,VENTURE,D,5000,15.31,0.04,0,3
24,47000,RENT,7.0,VENTURE,A,6000,8.9,0.13,0,3
27,70800,MORTGAGE,0.0,EDUCATION,G,20000,21.21,0.28,1,8
25,90000,MORTGAGE,6.0,PERSONAL,A,6000,7.74,0.07,0,4
33,40000,MORTGAGE,1.0,PERSONAL,A,7200,9.32,0.18,0,8
31,86000,RENT,0.0,PERSONAL,A,2000,5.99,0.02,0,5
29,240000,MORTGAGE,5.0,VENTURE,A,10000,8.49,0.04,0,8
33,93000,RENT,1.0,DEBTCONSOLIDATION,A,3000,7.49,0.03,0,7
25,57500,MORTGAGE,5.0,MEDICAL,C,12275,13.48,0.21,1,3
31,70000,MORTGAGE,3.0,PERSONAL,A,8400,6.91,0.12,0,9
22,43200,RENT,2.0,EDUCATION,A,8000,5.99,0.19,0,3
30,39996,MORTGAGE,8.0,MEDICAL,C,10000,12.73,0.25,0,6
22,60000,RENT,7.0,VENTURE,A,14000,7.88,0.23,0,2
24,95000,RENT,4.0,HOMEIMPROVEMENT,D,20000,15.31,0.21,1,3
33,49548,RENT,6.0,PERSONAL,C,2800,12.84,0.06,0,8
41,110000,MORTGAGE,7.0,VENTURE,B,30000,9.91,0.27,0,17
25,54000,MORTGAGE,7.0,DEBTCONSOLIDATION,D,8400,14.59,0.16,0,2
27,84000,MORTGAGE,2.0,PERSONAL,B,7000,12.69,0.08,0,10
24,45000,RENT,0.0,EDUCATION,D,4000,15.99,0.09,1,3
28,54924,RENT,6.0,DEBTCONSOLIDATION,B,2500,11.14,0.05,0,6
23,75000,RENT,0.0,MEDICAL,B,6000,11.48,0.08,0,2
23,41000,RENT,1.0,DEBTCONSOLIDATION,C,12500,13.57,0.3,0,4
32,101000,MORTGAGE,5.0,EDUCATION,C,3375,14.79,0.03,0,8
25,60000,MORTGAGE,2.0,PERSONAL,B,10000,12.21,0.17,0,3
32,50000,OWN,16.0,MEDICAL,A,8000,7.49,0.16,0,10
22,58000,RENT,3.0,MEDICAL,B,12000,10.99,0.21,0,3
25,60000,MORTGAGE,6.0,VENTURE,D,8400,16.89,0.14,0,3
25,38496,MORTGAGE,7.0,EDUCATION,A,8000,6.03,0.21,0,4
40,27599,RENT,6.0,VENTURE,B,3000,10.25,0.11,0,17
21,38000,RENT,5.0,DEBTCONSOLIDATION,A,3000,7.05,0.08,0,4
23,55000,RENT,1.0,MEDICAL,A,3800,6.76,0.07,0,4
23,55488,RENT,4.0,MEDICAL,D,5000,15.21,0.08,0,2
24,45871,RENT,5.0,HOMEIMPROVEMENT,D,14400,15.31,0.31,1,3
24,66500,RENT,0.0,PERSONAL,A,15000,6.54,0.23,0,3
26,75000,MORTGAGE,3.0,VENTURE,C,3500,12.99,0.05,1,3
23,73000,OTHER,1.0,PERSONAL,F,25000,17.9,0.34,0,2
24,70082,RENT,5.0,VENTURE,C,2500,12.61,0.04,0,4
25,30000,RENT,8.0,PERSONAL,D,1600,16.29,0.05,0,3
35,57996,RENT,0.0,HOMEIMPROVEMENT,C,6000,13.57,0.1,1,8
28,99518,MORTGAGE,10.0,DEBTCONSOLIDATION,A,6500,5.99,0.07,0,6
23,60000,RENT,8.0,VENTURE,B,3600,9.99,0.06,0,3
28,60000,RENT,3.0,MEDICAL,C,25000,13.49,0.42,0,10
22,50000,RENT,7.0,MEDICAL,B,4250,12.69,0.09,0,4
21,29004,RENT,5.0,MEDICAL,C,11000,14.22,0.38,0,2
26,28608,RENT,2.0,MEDICAL,A,7000,6.92,0.24,0,3
25,90000,RENT,4.0,HOMEIMPROVEMENT,A,6000,7.88,0.07,0,3
41,83000,MORTGAGE,6.0,HOMEIMPROVEMENT,B,3000,11.83,0.04,0,12
22,39000,RENT,0.0,DEBTCONSOLIDATION,D,2000,14.84,0.05,1,2
22,58000,MORTGAGE,4.0,MEDICAL,A,11050,6.54,0.19,0,4
33,175000,MORTGAGE,4.0,DEBTCONSOLIDATION,B,25000,10.75,0.14,0,9
25,77004,MORTGAGE,2.0,DEBTCONSOLIDATION,C,16000,13.92,0.21,0,2
28,36000,RENT,2.0,VENTURE,A,12000,5.42,0.33,0,10
28,130000,MORTGAGE,12.0,PERSONAL,B,13000,10.75,0.1,0,10
41,62500,RENT,4.0,EDUCATION,B,14000,10.25,0.22,0,16
22,82000,MORTGAGE,5.0,EDUCATION,B,20000,9.88,0.24,0,4
27,36000,MORTGAGE,6.0,HOMEIMPROVEMENT,C,7000,12.98,0.19,1,7
35,58570,MORTGAGE,8.0,HOMEIMPROVEMENT,A,11000,7.88,0.19,0,9
24,42200,RENT,5.0,DEBTCONSOLIDATION,A,4450,9.32,0.11,0,4
24,54870,OWN,3.0,VENTURE,A,1000,8.59,0.02,0,2
23,85596,MORTGAGE,5.0,EDUCATION,B,6000,10.0,0.07,0,3
27,55000,RENT,11.0,DEBTCONSOLIDATION,B,13000,8.88,0.24,0,6
23,50000,RENT,1.0,DEBTCONSOLIDATION,A,12000,6.54,0.24,0,3
22,50000,MORTGAGE,6.0,PERSONAL,A,15000,7.9,0.3,0,3
26,79200,MORTGAGE,8.0,MEDICAL,A,6075,6.03,0.08,0,2
22,67200,MORTGAGE,2.0,PERSONAL,B,5000,9.99,0.07,0,2
31,66000,RENT,9.0,HOMEIMPROVEMENT,B,2550,11.36,0.04,0,10
30,55000,OWN,2.0,EDUCATION,B,6500,10.99,0.12,0,9
26,72000,MORTGAGE,7.0,VENTURE,B,16000,10.59,0.22,0,3
24,71000,MORTGAGE,8.0,EDUCATION,B,3500,11.49,0.05,0,2
22,54996,RENT,6.0,VENTURE,A,12000,8.32,0.22,0,4
22,26400,RENT,1.0,EDUCATION,A,10000,7.49,0.38,0,3
31,43200,MORTGAGE,0.0,VENTURE,A,3000,8.9,0.07,0,6
26,39000,MORTGAGE,10.0,VENTURE,A,9500,6.91,0.24,0,3
41,60000,RENT,7.0,HOMEIMPROVEMENT,A,23800,6.91,0.4,0,15
23,18600,RENT,2.0,DEBTCONSOLIDATION,B,1700,9.99,0.09,0,3
24,72000,MORTGAGE,5.0,MEDICAL,A,11200,7.29,0.16,0,4
22,48000,MORTGAGE,0.0,MEDICAL,A,3500,6.54,0.07,0,3
23,98000,RENT,0.0,EDUCATION,E,10000,16.4,0.1,0,2
32,240000,MORTGAGE,5.0,MEDICAL,A,8400,7.51,0.04,0,6
28,131004,MORTGAGE,5.0,EDUCATION,A,25000,7.9,0.19,0,5
28,30000,RENT,13.0,MEDICAL,B,14800,11.14,0.49,0,7
22,18700,RENT,3.0,EDUCATION,A,3600,8.9,0.19,0,4
27,100000,RENT,0.0,VENTURE,A,18000,7.88,0.18,0,5
33,58000,RENT,0.0,VENTURE,A,5000,7.51,0.09,0,7
23,113000,MORTGAGE,7.0,EDUCATION,A,8000,5.79,0.07,0,2
28,40000,RENT,2.0,MEDICAL,B,14000,11.89,0.35,0,8
23,175000,MORTGAGE,5.0,EDUCATION,D,35000,15.31,0.2,0,3
29,35000,RENT,3.0,MEDICAL,B,7000,8.88,0.2,0,5
34,36000,RENT,3.0,VENTURE,C,3600,13.49,0.1,1,7
37,33600,RENT,3.0,PERSONAL,B,8000,10.99,0.24,0,17
39,67000,MORTGAGE,4.0,HOMEIMPROVEMENT,B,15000,10.37,0.22,0,15
28,84000,OWN,8.0,VENTURE,A,25000,7.9,0.3,0,7
24,46000,MORTGAGE,2.0,PERSONAL,B,15250,12.53,0.33,0,2
33,46000,RENT,13.0,PERSONAL,C,5600,15.27,0.12,0,9
31,45504,MORTGAGE,3.0,EDUCATION,B,7000,9.88,0.15,0,8
28,95000,OWN,4.0,HOMEIMPROVEMENT,B,25000,9.62,0.26,0,8
41,70800,RENT,25.0,VENTURE,B,10000,11.36,0.14,0,12
36,900000,MORTGAGE,8.0,PERSONAL,B,6000,10.99,0.01,0,12
22,60000,RENT,2.0,MEDICAL,B,5125,11.86,0.09,0,3
33,48000,RENT,2.0,MEDICAL,B,1500,11.71,0.03,0,8
39,55600,RENT,0.0,HOMEIMPROVEMENT,C,11500,13.22,0.21,0,11
23,64500,MORTGAGE,0.0,MEDICAL,A,10000,7.49,0.16,0,4
26,96000,MORTGAGE,10.0,VENTURE,A,8000,7.29,0.08,0,4
27,52000,MORTGAGE,5.0,PERSONAL,A,10000,7.29,0.19,0,7
32,52256,RENT,13.0,PERSONAL,B,4400,10.99,0.08,0,5
30,40000,RENT,5.0,MEDICAL,A,3000,7.14,0.07,0,5
26,80000,MORTGAGE,10.0,HOMEIMPROVEMENT,D,15000,16.07,0.19,1,2
24,45000,RENT,8.0,PERSONAL,C,8000,12.73,0.18,0,2
44,57000,RENT,1.0,MEDICAL,B,4200,10.99,0.07,0,13
24,72000,RENT,8.0,MEDICAL,A,12000,7.88,0.17,0,4
32,34000,RENT,0.0,EDUCATION,B,7500,10.01,0.22,0,5
22,27000,RENT,6.0,DEBTCONSOLIDATION,A,5000,9.32,0.19,0,2
23,39292,MORTGAGE,3.0,MEDICAL,A,3250,7.49,0.08,0,3
26,59000,RENT,3.0,VENTURE,C,14500,11.97,0.25,0,2
23,70550,MORTGAGE,7.0,MEDICAL,A,15000,8.9,0.18,0,4
23,69360,MORTGAGE,4.0,MEDICAL,B,9600,10.99,0.12,0,4
25,35004,RENT,3.0,PERSONAL,A,5000,8.94,0.14,0,2
24,55000,MORTGAGE,8.0,HOMEIMPROVEMENT,A,6000,5.42,0.11,0,3
25,74800,RENT,2.0,MEDICAL,B,25000,10.99,0.28,0,2
22,38000,RENT,2.0,EDUCATION,A,18500,7.66,0.49,0,2
23,78000,RENT,7.0,DEBTCONSOLIDATION,A,10000,5.79,0.13,0,3
24,36000,RENT,7.0,DEBTCONSOLIDATION,A,13000,7.29,0.36,0,3
23,38400,RENT,5.0,EDUCATION,B,13000,11.71,0.34,0,3
21,36800,MORTGAGE,5.0,EDUCATION,A,12400,7.51,0.34,0,4
23,50000,RENT,6.0,EDUCATION,E,6400,20.2,0.13,0,2
25,75000,MORTGAGE,9.0,HOMEIMPROVEMENT,A,7200,7.49,0.1,0,4
22,60000,MORTGAGE,5.0,VENTURE,A,5600,7.49,0.09,0,3
25,45000,RENT,2.0,DEBTCONSOLIDATION,C,11100,13.11,0.25,0,2
46,60000,MORTGAGE,1.0,EDUCATION,C,5000,11.72,0.08,0,16
23,40000,RENT,3.0,EDUCATION,B,8000,11.49,0.2,0,2
29,54996,RENT,6.0,PERSONAL,E,4200,15.95,0.08,1,10
25,43000,RENT,6.0,PERSONAL,A,5000,7.51,0.12,0,3
41,54000,MORTGAGE,6.0,VENTURE,C,5000,13.23,0.09,0,12
36,48000,RENT,8.0,PERSONAL,A,12150,5.79,0.25,0,14
21,44000,MORTGAGE,2.0,DEBTCONSOLIDATION,E,15000,16.0,0.34,0,2
41,54000,MORTGAGE,6.0,HOMEIMPROVEMENT,C,5000,13.23,0.09,0,12
21,18996,RENT,0.0,DEBTCONSOLIDATION,A,6000,7.49,0.32,0,4
26,30000,RENT,1.0,MEDICAL,B,8000,10.0,0.27,0,3
25,19404,RENT,0.0,DEBTCONSOLIDATION,A,4000,8.63,0.21,0,3
58,72000,RENT,5.0,HOMEIMPROVEMENT,B,4500,10.99,0.06,0,23
27,24840,OWN,0.0,MEDICAL,A,11500,8.49,0.46,0,6
24,50866,RENT,6.0,MEDICAL,B,20000,10.99,0.39,0,3
32,51648,RENT,7.0,VENTURE,E,16000,14.18,0.31,0,8
26,85500,RENT,0.0,EDUCATION,A,10000,7.49,0.12,0,2
22,56950,RENT,6.0,MEDICAL,A,28000,7.49,0.49,0,2
27,48000,MORTGAGE,11.0,DEBTCONSOLIDATION,A,5650,5.42,0.12,0,8
25,130000,MORTGAGE,0.0,HOMEIMPROVEMENT,A,6325,6.54,0.05,0,3
32,64000,RENT,1.0,HOMEIMPROVEMENT,B,10000,12.69,0.16,0,8
29,82600,MORTGAGE,6.0,VENTURE,B,19450,9.91,0.24,0,10
29,80000,OWN,0.0,VENTURE,C,24000,12.87,0.3,0,9
23,55000,MORTGAGE,7.0,MEDICAL,C,10000,13.99,0.18,1,3
26,27200,RENT,4.0,DEBTCONSOLIDATION,C,2500,13.49,0.09,0,4
35,65412,RENT,12.0,HOMEIMPROVEMENT,B,19000,11.14,0.29,0,7
25,174000,MORTGAGE,2.0,EDUCATION,C,8800,14.27,0.05,0,4
36,38208,MORTGAGE,2.0,VENTURE,D,1500,15.31,0.04,1,15
27,102000,MORTGAGE,2.0,DEBTCONSOLIDATION,B,7200,11.26,0.07,0,8
26,21600,RENT,3.0,MEDICAL,B,6000,10.59,0.28,0,4
28,25000,RENT,1.0,EDUCATION,A,5000,7.51,0.2,0,7
37,117300,MORTGAGE,12.0,MEDICAL,A,10000,7.49,0.07,0,11
44,80000,MORTGAGE,3.0,DEBTCONSOLIDATION,C,15000,13.11,0.19,0,16
28,54000,MORTGAGE,3.0,VENTURE,B,10000,9.99,0.19,0,9
23,46394,MORTGAGE,7.0,MEDICAL,C,15000,13.47,0.32,0,2
29,50000,RENT,9.0,MEDICAL,C,3600,15.27,0.07,1,10
23,36000,MORTGAGE,3.0,VENTURE,B,4800,10.38,0.13,0,4
28,44000,RENT,9.0,VENTURE,C,1000,14.17,0.02,0,9
23,90000,RENT,0.0,DEBTCONSOLIDATION,A,10000,7.49,0.11,0,3
28,175000,RENT,4.0,VENTURE,B,24500,10.99,0.14,0,8
24,49000,RENT,8.0,DEBTCONSOLIDATION,D,4400,16.77,0.09,1,3
35,93000,RENT,0.0,EDUCATION,B,12000,9.99,0.13,0,5
29,44875,RENT,0.0,MEDICAL,A,7500,8.32,0.17,0,8
25,28800,RENT,2.0,MEDICAL,A,1600,6.62,0.06,0,2
31,31600,MORTGAGE,4.0,MEDICAL,B,7500,11.36,0.24,0,10
28,47000,RENT,9.0,MEDICAL,B,7875,10.99,0.17,0,10
31,123000,MORTGAGE,15.0,VENTURE,C,19000,13.47,0.15,1,9
29,110000,MORTGAGE,11.0,VENTURE,B,12000,10.37,0.11,0,10
25,45996,RENT,3.0,DEBTCONSOLIDATION,C,11500,12.53,0.25,1,3
23,84000,MORTGAGE,4.0,DEBTCONSOLIDATION,A,7000,6.92,0.08,0,2
24,39996,RENT,0.0,VENTURE,D,5000,14.11,0.13,1,3
23,111000,RENT,7.0,EDUCATION,A,7000,8.0,0.06,0,3
22,67000,OWN,3.0,EDUCATION,A,12000,8.59,0.18,0,2
27,40000,OWN,11.0,PERSONAL,A,6400,9.32,0.16,0,9
35,54000,OWN,4.0,MEDICAL,A,6000,6.62,0.11,0,5
42,2039784,RENT,0.0,VENTURE,C,8450,12.29,0.0,1,15
26,66000,OWN,0.0,HOMEIMPROVEMENT,C,18000,13.49,0.27,1,3
43,80000,MORTGAGE,20.0,DEBTCONSOLIDATION,A,10000,6.99,0.13,0,15
53,138000,RENT,4.0,PERSONAL,B,15000,12.69,0.11,0,21
21,24996,RENT,3.0,EDUCATION,B,6000,11.83,0.24,0,3
22,62000,RENT,6.0,PERSONAL,C,9200,12.98,0.15,0,3
25,30000,RENT,0.0,MEDICAL,C,4200,12.23,0.14,1,4
30,57996,RENT,2.0,DEBTCONSOLIDATION,C,8400,12.98,0.14,1,8
28,58000,MORTGAGE,11.0,DEBTCONSOLIDATION,B,6700,9.99,0.12,0,5
30,156000,RENT,5.0,MEDICAL,B,25000,9.88,0.16,0,7
28,158367,MORTGAGE,5.0,MEDICAL,A,12000,6.62,0.08,0,8
26,68399,MORTGAGE,7.0,PERSONAL,A,10500,6.91,0.15,0,3
22,50000,MORTGAGE,1.0,PERSONAL,E,9800,16.32,0.2,1,3
29,14400,RENT,4.0,DEBTCONSOLIDATION,A,2200,5.99,0.15,0,10
21,59000,RENT,1.0,EDUCATION,A,5500,5.42,0.09,0,2
30,110400,RENT,1.0,VENTURE,D,14000,16.89,0.13,0,6
26,33000,RENT,3.0,PERSONAL,B,10000,11.71,0.3,0,3
31,68000,RENT,1.0,PERSONAL,A,6000,7.49,0.09,0,6
22,30000,OWN,5.0,VENTURE,B,3000,10.36,0.1,0,2
26,51600,RENT,10.0,EDUCATION,B,14000,10.37,0.27,0,2
21,18000,RENT,1.0,HOMEIMPROVEMENT,F,5600,18.09,0.31,0,4
23,52102,MORTGAGE,1.0,MEDICAL,B,3500,10.75,0.06,0,3
24,25000,MORTGAGE,1.0,MEDICAL,B,4000,11.11,0.16,0,2
24,7000,RENT,2.0,MEDICAL,C,1000,13.48,0.14,0,2
32,51250,RENT,2.0,MEDICAL,A,11000,7.29,0.21,0,5
24,90000,MORTGAGE,8.0,PERSONAL,C,5000,11.34,0.06,1,4
29,39996,RENT,3.0,PERSONAL,A,7000,9.32,0.18,0,6
32,38000,RENT,2.0,DEBTCONSOLIDATION,B,12000,12.42,0.32,0,9
22,60000,MORTGAGE,4.0,EDUCATION,A,8000,7.14,0.13,0,2
26,36996,RENT,8.0,MEDICAL,C,9600,11.97,0.26,1,2
23,36000,RENT,5.0,EDUCATION,E,5500,17.14,0.15,1,3
32,84000,MORTGAGE,15.0,MEDICAL,A,15000,6.91,0.18,0,7
22,57000,MORTGAGE,2.0,MEDICAL,C,5950,13.49,0.1,1,3
32,204000,OWN,16.0,EDUCATION,B,25000,11.12,0.12,0,5
41,43439,RENT,4.0,VENTURE,C,15000,12.73,0.35,1,15
28,100000,MORTGAGE,12.0,DEBTCONSOLIDATION,B,12000,10.99,0.12,0,8
27,72000,MORTGAGE,3.0,DEBTCONSOLIDATION,A,15000,5.42,0.21,0,5
23,45000,RENT,7.0,EDUCATION,B,9000,10.65,0.2,0,2
21,27000,RENT,3.0,PERSONAL,C,2600,13.22,0.1,1,2
24,50000,RENT,3.0,PERSONAL,C,17000,13.79,0.34,0,3
22,81000,OWN,2.0,EDUCATION,D,10000,15.31,0.12,0,3
21,36000,RENT,4.0,PERSONAL,B,18000,9.88,0.5,0,3
29,72396,MORTGAGE,9.0,PERSONAL,B,9000,10.59,0.12,0,9
31,72500,MORTGAGE,12.0,VENTURE,B,8875,11.99,0.12,0,8
24,60000,OWN,9.0,MEDICAL,B,15000,11.83,0.25,0,4
30,100000,RENT,1.0,PERSONAL,B,1000,11.71,0.01,0,6
26,75000,MORTGAGE,9.0,EDUCATION,C,4000,12.99,0.05,0,2
28,65000,MORTGAGE,5.0,MEDICAL,C,4500,15.96,0.07,1,9
39,60000,MORTGAGE,19.0,VENTURE,A,15000,6.91,0.25,0,14
25,55000,MORTGAGE,9.0,HOMEIMPROVEMENT,B,8500,10.99,0.15,0,2
29,55000,MORTGAGE,1.0,VENTURE,A,12625,7.9,0.23,0,6
29,123000,RENT,0.0,EDUCATION,A,6500,7.49,0.05,0,10
28,200000,RENT,1.0,MEDICAL,B,24250,12.53,0.12,0,5
23,130000,OWN,7.0,VENTURE,D,22600,14.96,0.17,1,2
37,25000,OWN,8.0,VENTURE,C,10625,13.06,0.42,1,12
36,200000,MORTGAGE,8.0,MEDICAL,A,14000,7.49,0.07,0,15
24,52000,RENT,2.0,DEBTCONSOLIDATION,B,10000,9.91,0.19,0,2
38,40000,MORTGAGE,5.0,PERSONAL,A,10000,5.99,0.25,0,17
36,65028,MORTGAGE,4.0,EDUCATION,D,10000,15.95,0.15,0,14
27,90000,MORTGAGE,8.0,DEBTCONSOLIDATION,A,12000,7.29,0.13,0,5
37,74784,RENT,8.0,HOMEIMPROVEMENT,E,15000,14.5,0.2,0,15
24,60000,RENT,8.0,EDUCATION,A,16800,6.54,0.28,0,2
23,36000,RENT,2.0,MEDICAL,D,16750,15.28,0.47,1,4
25,118189,MORTGAGE,9.0,VENTURE,B,25000,11.49,0.21,0,3
33,43337,RENT,17.0,PERSONAL,A,10000,6.92,0.23,0,6
22,62364,RENT,2.0,EDUCATION,B,10000,10.99,0.16,0,2
27,95500,RENT,1.0,EDUCATION,B,12000,11.11,0.13,0,6
30,94104,OWN,15.0,VENTURE,C,14400,14.27,0.15,1,7
24,60000,RENT,1.0,DEBTCONSOLIDATION,B,12000,10.36,0.2,0,3
25,31200,MORTGAGE,3.0,MEDICAL,A,11200,5.42,0.36,0,2
23,65000,MORTGAGE,2.0,DEBTCONSOLIDATION,A,7000,8.49,0.11,0,3
25,45000,MORTGAGE,9.0,DEBTCONSOLIDATION,B,4000,9.25,0.09,0,3
24,57000,MORTGAGE,0.0,DEBTCONSOLIDATION,B,2400,12.69,0.04,0,4
31,65200,MORTGAGE,7.0,DEBTCONSOLIDATION,A,7000,8.0,0.11,0,7
25,130000,MORTGAGE,3.0,HOMEIMPROVEMENT,B,25000,11.36,0.19,0,3
28,60000,MORTGAGE,8.0,MEDICAL,B,20000,11.71,0.33,0,5
28,78000,RENT,5.0,HOMEIMPROVEMENT,B,20000,11.48,0.26,0,5
24,51996,RENT,2.0,MEDICAL,C,15000,13.22,0.29,0,3
26,145992,MORTGAGE,0.0,PERSONAL,D,20000,15.31,0.14,1,2
23,24000,RENT,1.0,VENTURE,B,14075,10.99,0.59,0,4
31,99000,RENT,15.0,DEBTCONSOLIDATION,C,12000,14.26,0.12,1,10
22,210000,MORTGAGE,6.0,VENTURE,B,16000,10.62,0.08,0,4
27,100000,MORTGAGE,2.0,MEDICAL,A,2000,8.0,0.02,0,5
21,86000,RENT,5.0,EDUCATION,B,6000,10.0,0.07,0,4
32,59000,MORTGAGE,0.0,MEDICAL,C,3500,13.72,0.06,0,6
24,80000,RENT,3.0,VENTURE,C,20000,13.06,0.25,1,3
30,38000,MORTGAGE,5.0,EDUCATION,E,10000,17.99,0.26,0,6
23,43200,MORTGAGE,5.0,VENTURE,B,10000,12.69,0.23,0,3
26,300000,OWN,9.0,HOMEIMPROVEMENT,B,10000,10.38,0.03,0,4
21,29000,RENT,5.0,DEBTCONSOLIDATION,B,10000,10.0,0.34,0,4
23,65000,MORTGAGE,7.0,EDUCATION,A,9000,7.88,0.14,0,3
28,108000,MORTGAGE,4.0,DEBTCONSOLIDATION,B,10000,10.74,0.09,0,6
38,57000,OWN,4.0,HOMEIMPROVEMENT,D,15000,17.27,0.26,0,16
24,52800,RENT,1.0,DEBTCONSOLIDATION,C,8000,12.87,0.15,0,4
25,84000,MORTGAGE,8.0,MEDICAL,B,8500,11.83,0.1,0,4
22,32760,OWN,2.0,VENTURE,C,7000,11.78,0.21,1,4
23,30000,RENT,0.0,EDUCATION,C,6000,13.49,0.2,1,3
27,170000,RENT,0.0,HOMEIMPROVEMENT,A,16000,5.79,0.09,0,8
40,60000,MORTGAGE,1.0,HOMEIMPROVEMENT,C,3500,12.99,0.06,1,14
24,95000,MORTGAGE,7.0,HOMEIMPROVEMENT,B,10000,10.65,0.11,0,4
36,62400,MORTGAGE,0.0,PERSONAL,A,2400,7.49,0.04,0,14
34,44000,RENT,2.0,VENTURE,B,4000,10.36,0.09,0,9
25,45000,MORTGAGE,9.0,DEBTCONSOLIDATION,A,3200,7.74,0.07,0,3
22,102240,RENT,6.0,PERSONAL,E,5000,19.03,0.05,0,3
27,27840,MORTGAGE,2.0,MEDICAL,A,2400,5.42,0.09,0,7
27,56400,RENT,1.0,VENTURE,B,9700,8.88,0.17,0,10
25,84000,MORTGAGE,7.0,MEDICAL,B,6500,10.99,0.08,0,3
22,37000,RENT,4.0,DEBTCONSOLIDATION,B,10000,10.99,0.27,0,2
24,36000,MORTGAGE,8.0,VENTURE,A,3250,6.39,0.09,0,2
25,34200,RENT,1.0,EDUCATION,B,4000,10.99,0.12,0,2
25,35000,RENT,2.0,DEBTCONSOLIDATION,B,7500,10.99,0.21,0,2
27,42000,RENT,6.0,VENTURE,C,3000,13.48,0.07,0,8
33,40000,MORTGAGE,4.0,EDUCATION,A,5000,7.51,0.13,0,8
22,46000,RENT,7.0,PERSONAL,C,14100,14.26,0.31,0,2
34,20400,MORTGAGE,6.0,MEDICAL,C,3300,13.06,0.16,1,10
24,51000,OWN,6.0,VENTURE,B,6000,10.75,0.12,0,2
22,48000,RENT,6.0,EDUCATION,B,4000,9.91,0.08,0,3
44,119000,RENT,0.0,DEBTCONSOLIDATION,A,5900,6.17,0.05,0,14
28,158000,MORTGAGE,6.0,MEDICAL,A,15000,7.9,0.09,0,5
23,39000,RENT,7.0,MEDICAL,A,12300,7.49,0.32,0,2
24,85000,MORTGAGE,4.0,MEDICAL,B,7750,11.12,0.09,0,4
23,60000,RENT,4.0,PERSONAL,C,11400,15.23,0.19,1,4
25,90000,MORTGAGE,0.0,EDUCATION,B,9000,12.69,0.1,0,3
23,75000,MORTGAGE,7.0,EDUCATION,B,7100,9.25,0.09,0,2
23,75000,RENT,2.0,PERSONAL,C,12000,12.98,0.16,1,2
26,84996,RENT,4.0,EDUCATION,B,3600,11.99,0.04,0,2
25,50000,RENT,3.0,PERSONAL,D,12000,16.77,0.24,0,3
29,49000,RENT,3.0,EDUCATION,A,9500,7.49,0.19,0,5
25,54084,RENT,5.0,HOMEIMPROVEMENT,B,3500,9.25,0.06,0,2
41,210000,RENT,1.0,PERSONAL,A,7500,6.03,0.04,0,14
22,125004,MORTGAGE,6.0,EDUCATION,A,30000,7.9,0.24,0,2
24,57000,MORTGAGE,5.0,EDUCATION,A,8000,5.42,0.14,0,3
31,80000,MORTGAGE,4.0,HOMEIMPROVEMENT,B,12400,9.99,0.15,0,6
21,29000,RENT,2.0,VENTURE,C,12250,13.61,0.42,0,4
21,33000,RENT,4.0,PERSONAL,B,8250,10.99,0.25,0,2
28,87504,MORTGAGE,2.0,PERSONAL,D,12000,15.21,0.14,1,10
31,113000,RENT,1.0,HOMEIMPROVEMENT,D,9600,14.91,0.08,1,7
28,93600,MORTGAGE,4.0,PERSONAL,A,35000,8.49,0.37,0,6
26,74000,MORTGAGE,0.0,DEBTCONSOLIDATION,E,16800,16.4,0.23,1,4
33,68000,MORTGAGE,8.0,PERSONAL,B,3500,11.99,0.05,0,10
27,72000,RENT,11.0,VENTURE,C,2500,14.35,0.03,0,6
48,66000,MORTGAGE,5.0,HOMEIMPROVEMENT,A,12475,6.62,0.19,0,11
34,84000,MORTGAGE,6.0,EDUCATION,A,2400,7.49,0.03,0,6
36,155000,MORTGAGE,12.0,VENTURE,B,25000,10.74,0.16,0,11
25,32004,MORTGAGE,4.0,MEDICAL,A,7200,5.42,0.22,0,4
22,61104,RENT,6.0,EDUCATION,B,6000,10.99,0.1,0,4
34,46000,RENT,1.0,PERSONAL,B,5850,11.12,0.13,0,8
31,165000,MORTGAGE,3.0,HOMEIMPROVEMENT,C,15000,12.61,0.09,0,7
24,37000,MORTGAGE,8.0,HOMEIMPROVEMENT,B,10000,10.99,0.27,0,2
32,52000,RENT,3.0,EDUCATION,C,4200,13.23,0.08,1,10
24,100000,MORTGAGE,2.0,DEBTCONSOLIDATION,B,5000,9.62,0.05,0,4
22,12996,RENT,2.0,MEDICAL,A,3500,8.59,0.27,0,4
21,50500,RENT,0.0,MEDICAL,B,5000,10.37,0.1,0,3
32,27600,RENT,5.0,MEDICAL,B,3000,11.12,0.11,0,8
23,81000,MORTGAGE,8.0,PERSONAL,B,10000,8.88,0.12,0,4
30,50000,MORTGAGE,11.0,DEBTCONSOLIDATION,B,10000,10.99,0.2,0,8
26,75000,MORTGAGE,4.0,HOMEIMPROVEMENT,A,12000,6.92,0.16,0,3
25,103000,MORTGAGE,4.0,PERSONAL,A,29175,7.49,0.28,0,2
35,200000,RENT,7.0,VENTURE,B,5000,10.99,0.03,0,10
30,41000,RENT,7.0,VENTURE,A,9600,7.49,0.23,0,9
29,85500,MORTGAGE,3.0,EDUCATION,A,9500,7.49,0.11,0,9
30,24000,RENT,14.0,EDUCATION,B,5000,11.11,0.21,0,9
25,49000,MORTGAGE,8.0,MEDICAL,B,18200,11.99,0.37,0,4
45,19200,RENT,1.0,VENTURE,B,4000,10.0,0.21,0,15
26,75000,RENT,0.0,DEBTCONSOLIDATION,A,7000,8.9,0.09,0,4
24,142800,MORTGAGE,8.0,MEDICAL,D,25000,14.84,0.15,1,2
24,27168,OWN,5.0,VENTURE,B,7500,9.99,0.28,0,2
33,120000,MORTGAGE,6.0,MEDICAL,A,4500,5.99,0.04,0,5
35,30000,RENT,0.0,EDUCATION,A,6475,5.42,0.22,0,7
25,45996,OWN,0.0,HOMEIMPROVEMENT,A,3850,7.49,0.08,0,2
34,70000,RENT,19.0,MEDICAL,B,2400,11.99,0.03,0,7
22,35500,RENT,6.0,HOMEIMPROVEMENT,C,10875,12.84,0.31,0,4
26,41000,OWN,7.0,HOMEIMPROVEMENT,D,9000,15.31,0.22,0,4
28,44900,RENT,12.0,MEDICAL,C,17500,14.35,0.39,1,10
23,68000,MORTGAGE,2.0,DEBTCONSOLIDATION,C,21000,12.84,0.31,0,2
26,60000,MORTGAGE,7.0,EDUCATION,A,16000,7.9,0.27,0,2
24,30000,RENT,6.0,EDUCATION,B,5000,12.69,0.17,0,2
30,79200,MORTGAGE,10.0,EDUCATION,A,9000,8.49,0.11,0,8
24,51500,RENT,6.0,VENTURE,B,20000,12.21,0.39,0,4
23,100000,MORTGAGE,5.0,DEBTCONSOLIDATION,B,20000,11.36,0.2,0,3
42,32004,RENT,1.0,DEBTCONSOLIDATION,A,2500,7.49,0.08,0,17
23,76500,MORTGAGE,2.0,EDUCATION,A,4800,7.51,0.06,0,4
23,43600,OWN,7.0,EDUCATION,C,15000,13.48,0.34,0,3
28,126000,MORTGAGE,12.0,VENTURE,B,2000,9.99,0.02,0,10
29,54380,RENT,4.0,VENTURE,B,6300,10.75,0.12,0,10
34,70596,MORTGAGE,18.0,DEBTCONSOLIDATION,B,10000,11.26,0.14,0,9
48,19200,OWN,1.0,EDUCATION,C,7000,13.48,0.36,1,12
34,29152,RENT,4.0,VENTURE,B,5000,10.36,0.17,0,7
31,33600,MORTGAGE,15.0,PERSONAL,A,6500,7.14,0.19,0,8
21,40000,OWN,1.0,EDUCATION,C,15000,13.16,0.38,0,2
29,50000,RENT,5.0,DEBTCONSOLIDATION,C,6000,13.49,0.12,1,7
29,65000,RENT,3.0,VENTURE,A,4000,7.74,0.06,0,6
44,175000,MORTGAGE,9.0,HOMEIMPROVEMENT,A,15000,7.66,0.09,0,17
22,60000,RENT,4.0,PERSONAL,A,10000,5.99,0.17,0,2
30,54000,RENT,1.0,EDUCATION,A,12000,6.62,0.22,0,6
22,65496,RENT,6.0,VENTURE,B,10000,11.11,0.15,0,4
33,30000,RENT,14.0,EDUCATION,B,7500,11.86,0.25,0,5
22,103000,MORTGAGE,4.0,MEDICAL,A,2500,7.49,0.02,0,3
25,42000,OWN,6.0,EDUCATION,A,18000,7.49,0.43,0,2
27,83000,MORTGAGE,4.0,VENTURE,A,8800,8.49,0.11,0,9
30,74000,OWN,13.0,MEDICAL,B,10500,10.74,0.14,0,8
24,73500,RENT,7.0,MEDICAL,C,15000,13.16,0.2,1,3
39,82000,MORTGAGE,7.0,HOMEIMPROVEMENT,E,8000,19.42,0.1,1,17
24,24000,RENT,3.0,DEBTCONSOLIDATION,B,10000,10.38,0.42,0,4
23,76000,OWN,3.0,EDUCATION,B,18000,10.99,0.24,0,2
27,60000,RENT,0.0,PERSONAL,A,3500,9.32,0.06,0,7
24,59000,MORTGAGE,5.0,PERSONAL,A,8000,6.54,0.14,0,4
27,120000,MORTGAGE,0.0,PERSONAL,A,7000,7.49,0.06,0,9
41,57000,RENT,3.0,PERSONAL,D,1200,15.99,0.02,1,12
23,32000,OWN,7.0,EDUCATION,C,3500,15.27,0.11,0,3
30,72000,MORTGAGE,3.0,MEDICAL,A,14000,6.99,0.19,0,9
21,26000,OWN,5.0,EDUCATION,A,6000,5.79,0.23,0,2
22,64000,RENT,2.0,DEBTCONSOLIDATION,B,10000,12.69,0.16,0,4
22,21600,RENT,3.0,MEDICAL,B,8000,11.49,0.37,0,3
30,64000,MORTGAGE,3.0,EDUCATION,A,10200,6.62,0.16,0,5
30,66000,MORTGAGE,15.0,VENTURE,B,15000,11.14,0.23,0,8
42,50426,RENT,0.0,MEDICAL,A,4200,7.49,0.08,0,14
24,70000,RENT,2.0,DEBTCONSOLIDATION,B,13000,10.0,0.19,0,2
26,50000,MORTGAGE,4.0,VENTURE,A,17200,7.51,0.34,0,4
30,40525,MORTGAGE,8.0,HOMEIMPROVEMENT,C,4800,14.65,0.12,0,10
25,100000,MORTGAGE,9.0,EDUCATION,A,15000,7.88,0.15,0,2
26,77000,RENT,2.0,DEBTCONSOLIDATION,B,12000,11.71,0.16,0,2
35,83004,MORTGAGE,6.0,HOMEIMPROVEMENT,A,15000,7.49,0.18,0,7
22,48996,RENT,4.0,EDUCATION,C,10000,12.87,0.2,0,2
27,24000,MORTGAGE,2.0,DEBTCONSOLIDATION,B,9200,10.99,0.38,0,9
27,60000,MORTGAGE,8.0,PERSONAL,B,5000,9.63,0.08,0,6
22,19000,OWN,6.0,MEDICAL,A,3625,8.49,0.19,0,3
24,96216,MORTGAGE,5.0,VENTURE,A,14400,7.88,0.15,0,4
34,122400,MORTGAGE,5.0,MEDICAL,B,6800,10.65,0.06,0,10
24,55000,MORTGAGE,8.0,VENTURE,A,5500,8.59,0.1,0,3
26,66000,MORTGAGE,7.0,PERSONAL,B,4000,11.99,0.06,0,2
26,69600,MORTGAGE,3.0,VENTURE,C,5000,11.66,0.07,0,4
29,175000,RENT,1.0,PERSONAL,B,25000,10.74,0.14,0,5
29,280000,MORTGAGE,6.0,VENTURE,C,15000,12.99,0.05,0,7
44,63000,RENT,4.0,MEDICAL,A,5500,7.51,0.09,0,13
24,77000,RENT,2.0,DEBTCONSOLIDATION,A,8000,7.51,0.1,0,3
22,105600,MORTGAGE,4.0,PERSONAL,B,8000,11.49,0.08,0,2
41,24000,RENT,2.0,MEDICAL,D,4000,16.07,0.17,0,16
25,80000,MORTGAGE,5.0,PERSONAL,A,18000,5.79,0.23,0,3
22,120000,MORTGAGE,6.0,EDUCATION,B,8000,12.69,0.07,0,2
36,32000,RENT,2.0,MEDICAL,E,2400,18.79,0.07,0,14
27,42000,RENT,4.0,DEBTCONSOLIDATION,B,8500,9.99,0.2,0,8
35,36000,RENT,9.0,MEDICAL,D,12000,16.29,0.33,0,9
24,75000,MORTGAGE,3.0,HOMEIMPROVEMENT,B,3000,11.11,0.04,0,3
27,223000,RENT,2.0,EDUCATION,F,25000,18.3,0.11,0,9
34,70000,OWN,0.0,HOMEIMPROVEMENT,B,10000,10.99,0.14,0,9
37,100000,MORTGAGE,13.0,VENTURE,A,18400,5.99,0.18,0,15
27,35000,RENT,3.0,PERSONAL,A,4200,7.49,0.12,0,5
37,43000,RENT,0.0,MEDICAL,B,8000,11.49,0.19,0,13
24,23000,RENT,2.0,EDUCATION,A,1600,7.68,0.07,0,2
40,56448,RENT,4.0,HOMEIMPROVEMENT,F,28000,18.62,0.5,0,14
23,70000,MORTGAGE,4.0,PERSONAL,C,6000,13.16,0.09,1,4
23,48000,RENT,0.0,PERSONAL,A,6800,6.54,0.14,0,4
21,34368,RENT,0.0,DEBTCONSOLIDATION,C,2500,12.87,0.07,1,2
43,46000,RENT,3.0,EDUCATION,B,5000,10.38,0.11,0,15
33,74000,MORTGAGE,2.0,MEDICAL,A,20500,6.54,0.28,0,10
28,39600,RENT,11.0,EDUCATION,B,1500,12.69,0.04,0,5
26,35000,RENT,2.0,DEBTCONSOLIDATION,A,2500,8.9,0.07,0,2
23,73000,RENT,0.0,EDUCATION,D,10000,14.11,0.14,0,3
24,62000,MORTGAGE,2.0,HOMEIMPROVEMENT,B,8000,10.08,0.13,0,3
33,24000,RENT,3.0,EDUCATION,B,1600,8.88,0.07,0,6
23,74000,RENT,3.0,MEDICAL,B,25000,10.36,0.34,0,2
23,45000,RENT,6.0,VENTURE,B,1600,10.08,0.04,0,4
21,42000,RENT,5.0,EDUCATION,A,1500,5.79,0.04,0,3
28,86400,MORTGAGE,4.0,DEBTCONSOLIDATION,A,5000,7.9,0.06,0,8
25,58650,RENT,5.0,MEDICAL,D,7500,15.37,0.11,0,4
24,53184,MORTGAGE,8.0,PERSONAL,B,13500,10.99,0.25,0,4
25,60000,RENT,9.0,DEBTCONSOLIDATION,A,9600,7.9,0.16,0,2
44,45000,RENT,0.0,VENTURE,B,15775,10.99,0.35,0,12
23,35000,RENT,0.0,DEBTCONSOLIDATION,C,5200,13.92,0.15,0,2
33,51888,MORTGAGE,13.0,PERSONAL,C,7000,13.98,0.13,0,10
41,43439,RENT,4.0,MEDICAL,C,15000,12.73,0.35,0,15
31,68400,MORTGAGE,3.0,EDUCATION,B,15000,11.71,0.22,0,5
27,72000,OWN,2.0,EDUCATION,B,12000,9.99,0.17,0,9
23,92000,RENT,5.0,MEDICAL,B,4800,10.0,0.05,0,3
21,35000,OWN,5.0,VENTURE,C,6500,13.43,0.19,0,4
24,76000,MORTGAGE,3.0,VENTURE,C,12000,13.48,0.16,1,4
36,15000,OWN,2.0,HOMEIMPROVEMENT,C,5000,13.92,0.33,0,11
31,76000,MORTGAGE,5.0,PERSONAL,C,5000,12.41,0.07,1,9
21,80000,RENT,6.0,VENTURE,A,18000,7.9,0.23,0,2
26,37850,RENT,1.0,PERSONAL,B,6400,9.88,0.17,0,2
37,97000,MORTGAGE,7.0,PERSONAL,A,10000,7.49,0.1,0,15
26,42000,RENT,10.0,MEDICAL,B,3000,11.83,0.07,0,2
32,83196,RENT,1.0,MEDICAL,B,9350,10.99,0.11,0,8
25,60000,RENT,7.0,DEBTCONSOLIDATION,B,15000,10.99,0.25,0,3
31,84000,MORTGAGE,3.0,HOMEIMPROVEMENT,G,25000,17.34,0.3,1,5
27,45000,RENT,4.0,MEDICAL,C,7500,15.27,0.17,0,8
30,105000,MORTGAGE,8.0,DEBTCONSOLIDATION,A,26000,7.51,0.25,0,10
22,33000,RENT,1.0,EDUCATION,A,1800,5.42,0.05,0,2
37,53532,MORTGAGE,12.0,DEBTCONSOLIDATION,A,4000,5.42,0.07,0,11
22,32644,MORTGAGE,6.0,VENTURE,E,13750,16.45,0.42,1,4
25,38000,MORTGAGE,4.0,PERSONAL,A,6000,5.42,0.16,0,2
30,60000,MORTGAGE,3.0,DEBTCONSOLIDATION,A,4125,5.99,0.07,0,5
37,47004,RENT,5.0,EDUCATION,B,8000,10.99,0.17,0,12
21,72000,MORTGAGE,5.0,DEBTCONSOLIDATION,A,24000,7.49,0.33,0,3
33,64000,RENT,14.0,VENTURE,E,11000,15.68,0.17,1,5
41,26400,MORTGAGE,1.0,PERSONAL,D,10300,16.29,0.39,1,14
27,90000,MORTGAGE,5.0,VENTURE,C,12000,12.73,0.13,0,9
37,45000,RENT,1.0,DEBTCONSOLIDATION,A,7000,7.49,0.16,0,15
29,23850,RENT,0.0,PERSONAL,B,6075,10.99,0.25,0,5
42,37000,RENT,0.0,EDUCATION,C,15200,14.26,0.41,1,16
40,75000,RENT,3.0,EDUCATION,A,6500,7.9,0.09,0,15
27,62400,RENT,5.0,MEDICAL,B,12000,12.42,0.19,0,6
26,85200,MORTGAGE,5.0,HOMEIMPROVEMENT,E,14000,16.82,0.16,1,2
31,95004,RENT,1.0,DEBTCONSOLIDATION,B,12000,10.75,0.13,0,5
23,14400,OWN,7.0,DEBTCONSOLIDATION,C,3000,14.72,0.21,1,2
23,87550,RENT,7.0,MEDICAL,A,18000,7.51,0.17,0,3
29,28000,RENT,0.0,MEDICAL,C,10000,12.84,0.36,0,9
32,75000,MORTGAGE,16.0,EDUCATION,C,5000,12.61,0.07,1,10
24,73000,RENT,1.0,DEBTCONSOLIDATION,B,5000,9.01,0.07,0,2
32,20000,RENT,3.0,DEBTCONSOLIDATION,B,4750,10.37,0.24,0,8
23,115000,MORTGAGE,1.0,VENTURE,A,8000,8.49,0.07,0,4
24,54000,RENT,0.0,PERSONAL,G,16750,20.11,0.31,1,2
24,73000,RENT,8.0,HOMEIMPROVEMENT,B,19000,10.62,0.26,0,3
31,24600,RENT,5.0,EDUCATION,C,2000,13.61,0.08,1,5
29,42000,MORTGAGE,5.0,MEDICAL,C,2500,13.98,0.06,0,8
31,80000,RENT,2.0,MEDICAL,A,6000,6.03,0.07,0,10
29,25000,RENT,0.0,PERSONAL,B,4125,11.71,0.17,0,6
25,85000,MORTGAGE,9.0,DEBTCONSOLIDATION,A,7350,5.79,0.09,0,4
23,26000,MORTGAGE,2.0,VENTURE,E,7000,14.93,0.27,1,4
28,71000,RENT,0.0,HOMEIMPROVEMENT,D,3200,14.61,0.05,1,5
41,24000,MORTGAGE,5.0,DEBTCONSOLIDATION,A,1500,7.49,0.06,0,14
25,57300,RENT,2.0,HOMEIMPROVEMENT,C,10400,11.66,0.18,1,4
23,35375,MORTGAGE,7.0,DEBTCONSOLIDATION,A,5600,6.76,0.16,0,3
24,44000,MORTGAGE,5.0,DEBTCONSOLIDATION,D,22800,17.27,0.52,0,3
33,117000,MORTGAGE,2.0,HOMEIMPROVEMENT,A,18000,7.49,0.15,0,8
26,43000,RENT,0.0,PERSONAL,C,9000,13.85,0.21,1,4
25,180000,MORTGAGE,3.0,VENTURE,B,9950,11.26,0.06,0,2
57,26400,RENT,2.0,PERSONAL,C,2500,13.48,0.09,0,18
31,72000,MORTGAGE,6.0,HOMEIMPROVEMENT,A,9800,6.62,0.14,0,8
28,30144,RENT,4.0,EDUCATION,D,15000,15.95,0.5,1,7
22,75000,MORTGAGE,0.0,DEBTCONSOLIDATION,B,24000,11.83,0.32,0,4
33,54000,MORTGAGE,7.0,VENTURE,C,7500,13.22,0.14,0,10
24,60000,RENT,0.0,VENTURE,A,7000,7.88,0.12,0,3
23,38000,RENT,0.0,MEDICAL,A,7500,7.88,0.2,0,4
33,44136,MORTGAGE,2.0,EDUCATION,A,5000,7.49,0.11,0,8
32,75000,RENT,2.0,PERSONAL,C,7000,12.61,0.09,0,6
45,36000,RENT,0.0,MEDICAL,B,10000,11.11,0.28,0,11
25,57000,RENT,5.0,MEDICAL,D,9600,14.46,0.17,0,3
26,90000,RENT,8.0,PERSONAL,C,7000,13.49,0.08,1,3
34,89000,RENT,3.0,HOMEIMPROVEMENT,D,35000,18.25,0.39,0,8
23,66000,MORTGAGE,7.0,DEBTCONSOLIDATION,D,4000,15.62,0.06,1,4
24,40000,MORTGAGE,3.0,VENTURE,A,5000,8.59,0.13,0,3
23,65000,RENT,6.0,DEBTCONSOLIDATION,C,8500,13.35,0.13,1,2
21,37200,RENT,1.0,DEBTCONSOLIDATION,B,7000,10.99,0.19,0,3
22,54996,RENT,6.0,EDUCATION,B,25000,10.99,0.45,0,4
23,63816,RENT,4.0,EDUCATION,B,3500,9.63,0.05,0,3
24,80400,MORTGAGE,5.0,VENTURE,A,12000,5.79,0.15,0,3
23,53616,RENT,6.0,EDUCATION,B,1600,12.42,0.03,0,4
30,33000,RENT,4.0,MEDICAL,C,1000,14.79,0.03,0,10
32,29962,RENT,4.0,MEDICAL,B,8000,12.53,0.27,0,7
23,60500,MORTGAGE,4.0,EDUCATION,C,5000,14.27,0.08,1,3
40,59484,MORTGAGE,13.0,VENTURE,A,5500,7.14,0.09,0,11
31,55000,RENT,3.0,PERSONAL,B,6000,10.38,0.11,0,6
22,39868,MORTGAGE,2.0,DEBTCONSOLIDATION,D,2400,16.02,0.06,1,4
23,19136,RENT,4.0,EDUCATION,E,5500,17.93,0.29,1,3
21,61000,RENT,3.0,EDUCATION,B,7500,10.39,0.12,0,2
33,140000,MORTGAGE,2.0,HOMEIMPROVEMENT,A,6000,6.76,0.04,0,6
24,38400,RENT,2.0,DEBTCONSOLIDATION,A,5500,6.92,0.14,0,3
27,78000,RENT,6.0,DEBTCONSOLIDATION,D,17200,17.49,0.22,1,7
70,30000,RENT,0.0,DEBTCONSOLIDATION,D,1000,17.49,0.03,1,21
46,39000,RENT,2.0,DEBTCONSOLIDATION,B,15000,10.99,0.38,0,12
25,25000,RENT,5.0,HOMEIMPROVEMENT,B,3450,11.99,0.14,0,4
25,70000,MORTGAGE,9.0,EDUCATION,B,16000,12.18,0.23,0,4
25,24000,RENT,9.0,MEDICAL,B,4750,10.38,0.2,0,4
46,33099,MORTGAGE,2.0,MEDICAL,E,12000,16.82,0.36,0,14
26,120000,MORTGAGE,10.0,HOMEIMPROVEMENT,C,20000,13.79,0.17,1,4
25,103500,MORTGAGE,0.0,PERSONAL,A,7500,6.54,0.07,0,3
30,42000,RENT,2.0,EDUCATION,B,11000,12.53,0.26,0,9
24,60500,MORTGAGE,8.0,EDUCATION,A,6000,7.68,0.1,0,4
31,95000,MORTGAGE,1.0,DEBTCONSOLIDATION,B,25000,10.08,0.26,0,6
27,21112,RENT,0.0,PERSONAL,D,3600,15.99,0.17,1,10
39,42000,RENT,4.0,MEDICAL,C,6500,13.99,0.15,1,14
23,50000,MORTGAGE,2.0,VENTURE,A,6400,8.49,0.13,0,4
23,40000,MORTGAGE,1.0,PERSONAL,A,4000,7.14,0.1,0,3
28,121008,MORTGAGE,0.0,PERSONAL,A,5400,5.99,0.04,0,6
28,52000,RENT,0.0,DEBTCONSOLIDATION,B,7000,10.99,0.13,0,9
26,50000,RENT,10.0,PERSONAL,B,18950,10.99,0.38,0,3
29,70553,RENT,8.0,MEDICAL,C,15000,13.47,0.18,1,10
27,75000,RENT,1.0,HOMEIMPROVEMENT,B,20000,10.99,0.27,0,6
22,53774,MORTGAGE,6.0,DEBTCONSOLIDATION,E,8600,19.42,0.16,0,2
26,105000,MORTGAGE,2.0,DEBTCONSOLIDATION,B,6000,10.99,0.06,0,4
27,51000,OWN,3.0,HOMEIMPROVEMENT,A,3500,7.88,0.07,0,5
23,60000,RENT,5.0,VENTURE,D,5000,16.49,0.08,1,2
28,80000,MORTGAGE,11.0,PERSONAL,A,16000,5.99,0.2,0,7
33,80000,RENT,4.0,EDUCATION,A,7500,5.42,0.09,0,10
32,39500,RENT,12.0,DEBTCONSOLIDATION,C,20000,13.11,0.51,0,5
21,60000,MORTGAGE,5.0,EDUCATION,A,6000,6.91,0.1,0,2
21,200000,MORTGAGE,5.0,EDUCATION,C,16000,14.65,0.08,0,2
30,50000,RENT,6.0,VENTURE,B,4600,11.49,0.09,0,7
38,48000,MORTGAGE,6.0,PERSONAL,A,6200,7.29,0.13,0,14
27,93600,MORTGAGE,0.0,HOMEIMPROVEMENT,B,16000,11.58,0.17,0,5
22,33600,RENT,2.0,MEDICAL,B,10000,10.99,0.3,0,4
27,140000,OWN,8.0,PERSONAL,D,28000,15.65,0.2,0,5
45,90000,MORTGAGE,3.0,VENTURE,B,2500,11.99,0.03,0,13
21,50000,RENT,1.0,EDUCATION,A,10000,6.03,0.2,0,4
26,108000,MORTGAGE,2.0,MEDICAL,B,18500,12.18,0.17,0,2
23,60000,RENT,5.0,DEBTCONSOLIDATION,A,10000,7.14,0.17,0,2
58,39996,RENT,2.0,VENTURE,B,2500,10.37,0.06,0,27
28,34000,RENT,1.0,VENTURE,B,4800,11.49,0.14,0,7
26,127500,MORTGAGE,7.0,HOMEIMPROVEMENT,A,10000,7.51,0.08,0,3
32,130000,RENT,0.0,PERSONAL,A,16000,7.49,0.12,0,10
32,30000,MORTGAGE,2.0,EDUCATION,D,6000,15.31,0.2,1,8
23,46000,RENT,2.0,PERSONAL,F,12800,19.41,0.28,1,2
31,31000,OWN,0.0,PERSONAL,A,12500,8.94,0.4,0,8
25,55000,RENT,0.0,MEDICAL,A,3000,6.39,0.05,0,4
28,115000,MORTGAGE,2.0,PERSONAL,B,18000,10.59,0.16,0,10
29,29000,RENT,0.0,MEDICAL,A,6000,8.49,0.21,0,8
38,85000,MORTGAGE,4.0,PERSONAL,B,6000,10.99,0.07,0,14
37,63000,RENT,6.0,HOMEIMPROVEMENT,B,5000,10.2,0.08,0,16
22,100580,RENT,6.0,DEBTCONSOLIDATION,D,25000,14.96,0.25,1,2
27,20000,RENT,0.0,PERSONAL,D,6500,15.65,0.33,0,8
30,12000,RENT,4.0,MEDICAL,C,1800,14.35,0.15,1,5
23,60000,RENT,4.0,MEDICAL,C,2000,13.06,0.03,1,3
24,54000,MORTGAGE,8.0,PERSONAL,B,4000,9.99,0.07,0,2
35,94000,MORTGAGE,2.0,HOMEIMPROVEMENT,A,10000,7.49,0.11,0,9
25,63600,MORTGAGE,9.0,DEBTCONSOLIDATION,B,7000,11.49,0.11,0,4
21,70000,MORTGAGE,6.0,DEBTCONSOLIDATION,A,6000,5.42,0.09,0,3
32,58000,RENT,3.0,MEDICAL,B,10000,10.96,0.17,0,10
25,30000,RENT,9.0,EDUCATION,D,6000,14.74,0.2,1,4
23,76500,RENT,0.0,DEBTCONSOLIDATION,C,8000,14.26,0.1,0,4
23,40574,RENT,2.0,HOMEIMPROVEMENT,D,9500,14.74,0.23,1,4
25,74000,OWN,1.0,VENTURE,A,16000,8.49,0.22,0,3
28,57600,MORTGAGE,9.0,EDUCATION,D,12000,15.58,0.21,1,7
29,175000,MORTGAGE,2.0,MEDICAL,A,10000,7.49,0.06,0,7
39,60000,RENT,4.0,DEBTCONSOLIDATION,A,4300,7.49,0.07,0,17
40,142000,MORTGAGE,2.0,PERSONAL,D,25000,15.31,0.18,0,14
26,80000,RENT,0.0,MEDICAL,C,8000,12.73,0.1,1,3
28,73000,RENT,3.0,HOMEIMPROVEMENT,C,1000,13.48,0.01,0,7
23,120000,RENT,4.0,EDUCATION,D,8000,14.61,0.07,1,4
43,780000,MORTGAGE,2.0,HOMEIMPROVEMENT,A,1000,8.94,0.0,0,11
30,65000,RENT,2.0,MEDICAL,A,8000,7.51,0.12,0,5
21,34000,RENT,5.0,HOMEIMPROVEMENT,B,2400,10.83,0.07,0,4
23,80000,MORTGAGE,7.0,EDUCATION,B,17000,12.21,0.21,0,2
26,55000,RENT,1.0,DEBTCONSOLIDATION,C,3000,13.48,0.05,0,2
43,25000,RENT,6.0,MEDICAL,B,8000,11.99,0.32,0,17
22,27600,RENT,2.0,DEBTCONSOLIDATION,B,6000,10.38,0.22,0,4
32,130000,MORTGAGE,7.0,MEDICAL,B,13000,12.69,0.1,0,8
24,21120,RENT,3.0,PERSONAL,B,5000,11.71,0.24,0,2
30,46000,MORTGAGE,1.0,EDUCATION,C,12000,13.48,0.26,1,9
24,92000,RENT,1.0,HOMEIMPROVEMENT,E,25000,16.77,0.27,1,4
36,45600,RENT,8.0,PERSONAL,D,8775,12.36,0.19,1,17
34,120602,MORTGAGE,4.0,MEDICAL,C,20000,14.79,0.17,0,8
42,41000,MORTGAGE,17.0,EDUCATION,B,10000,10.99,0.24,0,12
25,44196,MORTGAGE,8.0,HOMEIMPROVEMENT,A,4000,7.51,0.09,0,3
26,68000,OWN,6.0,PERSONAL,C,21000,13.92,0.31,0,4
38,30000,MORTGAGE,8.0,PERSONAL,C,10000,11.22,0.33,1,17
27,30000,RENT,4.0,MEDICAL,D,2400,17.49,0.08,1,10
30,172000,MORTGAGE,13.0,VENTURE,B,20000,10.99,0.12,0,8
28,28000,RENT,3.0,VENTURE,A,3000,6.91,0.11,0,10
22,31500,RENT,5.0,EDUCATION,B,13200,11.71,0.42,0,4
24,60000,MORTGAGE,9.0,VENTURE,A,3000,7.51,0.05,0,4
30,40000,RENT,11.0,DEBTCONSOLIDATION,B,10000,10.65,0.25,0,5
26,86000,RENT,4.0,EDUCATION,C,10000,13.49,0.12,0,3
24,96000,MORTGAGE,8.0,VENTURE,A,4200,5.99,0.04,0,3
29,92052,MORTGAGE,6.0,HOMEIMPROVEMENT,A,6500,7.49,0.07,0,9
23,10500,RENT,4.0,MEDICAL,B,1000,10.25,0.1,0,2
26,60000,MORTGAGE,7.0,EDUCATION,D,15000,14.59,0.25,1,4
22,39996,OWN,5.0,EDUCATION,C,3500,13.48,0.09,0,2
27,54000,MORTGAGE,11.0,MEDICAL,A,4000,7.49,0.07,0,8
25,96000,RENT,1.0,HOMEIMPROVEMENT,B,12000,9.99,0.13,0,4
27,29120,RENT,6.0,MEDICAL,C,7200,13.11,0.25,0,6
32,121500,MORTGAGE,11.0,VENTURE,A,6000,7.51,0.05,0,6
23,74800,RENT,1.0,MEDICAL,E,20000,17.04,0.23,1,2
31,34000,RENT,3.0,DEBTCONSOLIDATION,A,5000,5.42,0.15,0,7
33,102996,MORTGAGE,4.0,EDUCATION,A,6000,7.49,0.06,0,8
23,70000,MORTGAGE,2.0,EDUCATION,A,24000,8.9,0.34,0,4
31,72000,RENT,15.0,HOMEIMPROVEMENT,C,6000,13.23,0.08,0,5
32,120000,MORTGAGE,13.0,EDUCATION,B,2000,10.99,0.02,0,5
24,21640,RENT,4.0,VENTURE,A,6000,6.62,0.28,0,4
28,38100,RENT,6.0,DEBTCONSOLIDATION,B,4800,9.63,0.13,0,10
34,35000,RENT,2.0,PERSONAL,B,15000,10.99,0.43,0,10
37,103000,RENT,3.0,DEBTCONSOLIDATION,A,18550,7.88,0.18,0,12
25,25000,RENT,3.0,MEDICAL,A,6325,8.9,0.25,0,4
22,39996,RENT,3.0,PERSONAL,B,7000,9.63,0.18,0,4
23,24960,RENT,0.0,PERSONAL,B,10000,9.64,0.4,0,4
23,33000,MORTGAGE,2.0,DEBTCONSOLIDATION,C,3000,14.35,0.09,1,3
23,100000,MORTGAGE,7.0,PERSONAL,D,35000,16.77,0.35,0,3
31,201000,MORTGAGE,3.0,PERSONAL,B,15000,11.12,0.07,0,5
38,47000,RENT,4.0,DEBTCONSOLIDATION,A,16500,7.9,0.35,0,16
29,67222,MORTGAGE,4.0,DEBTCONSOLIDATION,B,10000,11.14,0.15,0,9
38,74000,RENT,21.0,DEBTCONSOLIDATION,B,4000,11.26,0.05,0,14
23,52700,MORTGAGE,7.0,MEDICAL,D,8000,16.29,0.13,1,2
25,54000,MORTGAGE,4.0,EDUCATION,D,12000,17.49,0.22,0,4
22,81000,MORTGAGE,5.0,EDUCATION,A,6600,7.88,0.08,0,4
25,28800,MORTGAGE,9.0,HOMEIMPROVEMENT,B,6250,10.25,0.22,0,2
25,80000,MORTGAGE,4.0,MEDICAL,A,6000,7.74,0.07,0,4
32,63800,RENT,6.0,HOMEIMPROVEMENT,D,11200,14.74,0.18,0,8
31,42000,OWN,0.0,HOMEIMPROVEMENT,B,7200,9.99,0.17,0,8
24,65000,OWN,6.0,PERSONAL,D,4400,16.89,0.07,0,2
31,70550,MORTGAGE,9.0,MEDICAL,F,18000,19.74,0.22,1,10
23,40000,RENT,2.0,EDUCATION,A,1000,6.03,0.03,0,2
24,112000,MORTGAGE,5.0,PERSONAL,D,15000,15.31,0.13,0,4
28,60000,MORTGAGE,12.0,EDUCATION,A,13000,8.9,0.22,0,10
28,53100,RENT,4.0,MEDICAL,D,3000,15.31,0.06,0,9
22,32000,MORTGAGE,3.0,EDUCATION,A,6000,8.49,0.19,0,2
22,70000,MORTGAGE,3.0,EDUCATION,D,18000,14.42,0.26,0,3
24,57996,RENT,4.0,HOMEIMPROVEMENT,D,5000,13.24,0.09,0,4
23,53000,RENT,8.0,PERSONAL,B,17000,10.25,0.32,0,4
43,65000,OWN,4.0,MEDICAL,B,15000,11.71,0.23,0,13
28,59000,MORTGAGE,2.0,VENTURE,B,14000,10.36,0.24,0,7
39,35000,RENT,8.0,MEDICAL,C,8000,13.22,0.23,0,16
21,37000,RENT,0.0,EDUCATION,A,3000,6.39,0.08,0,3
26,30720,RENT,5.0,DEBTCONSOLIDATION,A,10000,7.88,0.33,0,2
22,24000,OWN,4.0,MEDICAL,C,4750,13.48,0.2,1,4
41,88712,RENT,2.0,VENTURE,B,16000,10.95,0.18,0,15
42,70000,MORTGAGE,19.0,VENTURE,A,10500,6.99,0.15,0,12
37,138000,MORTGAGE,19.0,EDUCATION,D,4000,15.62,0.03,0,12
22,31200,MORTGAGE,6.0,VENTURE,A,3500,7.74,0.11,0,2
22,50364,MORTGAGE,6.0,EDUCATION,A,6000,6.03,0.12,0,3
26,73000,MORTGAGE,3.0,HOMEIMPROVEMENT,C,14400,13.8,0.2,1,3
27,75000,MORTGAGE,0.0,PERSONAL,A,7500,8.9,0.1,0,10
24,64000,MORTGAGE,5.0,VENTURE,D,12000,16.77,0.19,0,2
26,120000,MORTGAGE,10.0,HOMEIMPROVEMENT,D,10000,14.59,0.08,1,2
22,50004,MORTGAGE,6.0,EDUCATION,C,2500,12.53,0.05,0,2
30,36400,RENT,2.0,MEDICAL,B,12000,10.65,0.33,0,9
25,76000,MORTGAGE,4.0,HOMEIMPROVEMENT,A,14000,7.66,0.18,0,3
26,86004,RENT,0.0,EDUCATION,C,12000,12.99,0.14,0,2
25,149000,RENT,9.0,MEDICAL,A,7200,7.49,0.05,0,2
29,39996,RENT,0.0,PERSONAL,C,4000,13.48,0.1,0,9
33,45000,RENT,4.0,EDUCATION,A,12000,7.88,0.27,0,5
23,16000,OWN,7.0,PERSONAL,A,2000,6.39,0.13,0,3
28,48000,OWN,1.0,EDUCATION,D,12000,14.54,0.25,0,7
25,34600,RENT,0.0,EDUCATION,A,8950,6.17,0.26,0,4
41,70800,MORTGAGE,25.0,PERSONAL,A,12000,6.62,0.17,0,11
22,18000,RENT,2.0,VENTURE,B,3000,10.99,0.17,0,2
26,31303,MORTGAGE,7.0,MEDICAL,A,12000,7.49,0.38,0,2
28,170000,MORTGAGE,8.0,PERSONAL,F,20000,18.99,0.12,1,7
24,47000,MORTGAGE,8.0,PERSONAL,B,3000,12.69,0.06,0,3
23,130000,RENT,3.0,MEDICAL,B,8000,11.99,0.06,0,3
37,60000,RENT,0.0,EDUCATION,C,3000,12.53,0.05,0,15
38,124499,RENT,3.0,EDUCATION,C,25000,13.06,0.2,0,13
27,127000,MORTGAGE,6.0,VENTURE,B,21000,10.99,0.17,0,5
23,100000,MORTGAGE,4.0,EDUCATION,D,14000,17.58,0.14,1,3
24,27600,OWN,8.0,PERSONAL,A,7000,7.9,0.25,0,2
30,33736,RENT,5.0,MEDICAL,C,13600,13.57,0.4,1,9
26,50000,MORTGAGE,5.0,HOMEIMPROVEMENT,B,12375,10.99,0.25,0,3
33,38604,RENT,0.0,VENTURE,D,7500,15.31,0.19,0,5
32,47004,RENT,7.0,HOMEIMPROVEMENT,C,12000,12.53,0.26,0,5
29,99780,MORTGAGE,14.0,HOMEIMPROVEMENT,B,6000,11.14,0.06,0,8
23,60000,RENT,3.0,PERSONAL,C,25000,12.73,0.42,0,3
28,54600,MORTGAGE,13.0,EDUCATION,B,20000,11.89,0.37,0,5
42,27000,RENT,4.0,MEDICAL,B,9000,11.11,0.33,0,16
26,48000,MORTGAGE,10.0,PERSONAL,B,2000,10.99,0.04,0,2
27,76860,RENT,4.0,DEBTCONSOLIDATION,A,8000,5.79,0.1,0,6
44,72136,RENT,7.0,HOMEIMPROVEMENT,F,25000,19.41,0.35,0,17
28,32000,RENT,0.0,PERSONAL,B,6000,10.99,0.19,0,5
25,28176,OWN,3.0,MEDICAL,B,1000,9.63,0.04,0,4
58,20000,RENT,0.0,EDUCATION,B,4000,9.99,0.2,0,30
23,112995,RENT,7.0,VENTURE,A,2500,7.37,0.02,0,3
33,34000,RENT,7.0,DEBTCONSOLIDATION,C,10000,14.22,0.29,0,9
25,63000,MORTGAGE,3.0,PERSONAL,C,3000,13.47,0.05,1,2
25,48000,RENT,0.0,MEDICAL,C,12000,13.49,0.25,1,2
27,51000,RENT,1.0,HOMEIMPROVEMENT,B,8400,10.71,0.16,0,5
24,48000,RENT,4.0,MEDICAL,A,3700,6.99,0.08,0,4
30,65004,MORTGAGE,3.0,PERSONAL,A,1500,5.99,0.02,0,9
27,40800,MORTGAGE,3.0,DEBTCONSOLIDATION,A,2000,7.29,0.05,0,5
25,39000,RENT,9.0,MEDICAL,D,7500,15.62,0.19,1,2
26,53000,MORTGAGE,10.0,MEDICAL,C,11500,14.65,0.22,0,4
25,36276,RENT,0.0,EDUCATION,B,5600,9.99,0.15,0,4
23,55000,MORTGAGE,7.0,VENTURE,A,5200,8.9,0.09,0,4
25,49000,RENT,1.0,DEBTCONSOLIDATION,D,12000,13.49,0.24,0,2
39,24000,RENT,4.0,VENTURE,C,8000,13.8,0.33,0,12
22,70000,MORTGAGE,1.0,MEDICAL,A,8400,7.88,0.12,0,2
24,57600,MORTGAGE,4.0,HOMEIMPROVEMENT,A,3300,5.42,0.06,0,4
24,75000,MORTGAGE,4.0,HOMEIMPROVEMENT,A,15000,6.03,0.2,0,2
25,30600,RENT,4.0,MEDICAL,C,10500,13.35,0.34,0,3
22,84500,RENT,6.0,PERSONAL,F,25000,18.3,0.3,0,4
31,72000,RENT,6.0,PERSONAL,B,21000,11.99,0.29,0,6
31,27000,RENT,7.0,HOMEIMPROVEMENT,A,6000,8.94,0.22,0,6
29,130000,RENT,1.0,EDUCATION,C,10000,14.26,0.08,0,5
25,59000,RENT,9.0,VENTURE,C,6000,15.23,0.1,0,3
31,12252,RENT,15.0,PERSONAL,C,2400,13.48,0.2,1,10
24,130000,RENT,7.0,DEBTCONSOLIDATION,B,24000,11.49,0.18,0,3
24,73000,RENT,0.0,VENTURE,E,22400,16.7,0.31,1,4
32,66000,RENT,4.0,MEDICAL,B,10000,11.71,0.15,0,9
26,50400,RENT,10.0,HOMEIMPROVEMENT,B,15000,10.75,0.3,0,2
40,136000,MORTGAGE,5.0,HOMEIMPROVEMENT,B,21000,9.99,0.15,0,16
34,110000,RENT,6.0,PERSONAL,C,15000,12.68,0.14,1,10
26,15000,RENT,2.0,MEDICAL,B,7100,9.99,0.47,0,4
26,64000,RENT,4.0,DEBTCONSOLIDATION,B,1000,10.75,0.02,0,2
25,80208,MORTGAGE,1.0,MEDICAL,A,4000,5.42,0.05,0,3
28,200000,MORTGAGE,7.0,PERSONAL,A,10000,6.99,0.05,0,7
24,56004,RENT,2.0,MEDICAL,C,14000,12.61,0.25,0,2
24,60000,MORTGAGE,3.0,VENTURE,B,4000,12.18,0.07,0,2
25,100000,MORTGAGE,0.0,EDUCATION,A,7000,5.79,0.07,0,3
22,30000,RENT,0.0,DEBTCONSOLIDATION,E,6000,19.39,0.2,1,4
44,51850,RENT,7.0,MEDICAL,D,10000,14.11,0.16,0,12
27,46000,RENT,5.0,EDUCATION,D,13000,14.59,0.28,1,10
22,56000,RENT,4.0,VENTURE,D,2800,15.31,0.05,1,2
26,27983,MORTGAGE,7.0,VENTURE,A,6000,7.88,0.21,0,3
28,82000,RENT,12.0,PERSONAL,A,8000,7.49,0.1,0,10
25,135000,RENT,9.0,VENTURE,B,8000,10.99,0.06,0,3
22,24000,OWN,6.0,MEDICAL,B,5000,12.21,0.21,0,3
21,33280,RENT,0.0,VENTURE,C,6000,13.23,0.18,1,2
24,60000,MORTGAGE,4.0,EDUCATION,A,4000,7.9,0.07,0,3
31,115000,MORTGAGE,4.0,VENTURE,C,6500,13.98,0.06,0,9
37,49000,RENT,0.0,MEDICAL,B,4000,9.25,0.08,0,13
26,22480,RENT,0.0,HOMEIMPROVEMENT,A,7000,8.0,0.31,0,4
23,38800,RENT,2.0,MEDICAL,A,14575,7.49,0.38,0,4
34,67392,MORTGAGE,0.0,PERSONAL,C,15000,13.85,0.22,1,5
22,40000,RENT,1.0,DEBTCONSOLIDATION,B,17000,10.65,0.42,0,4
27,26400,RENT,2.0,MEDICAL,A,2000,6.54,0.08,0,10
41,250000,MORTGAGE,18.0,EDUCATION,B,5000,9.99,0.02,0,12
21,159800,MORTGAGE,5.0,MEDICAL,D,30000,15.62,0.16,0,2
29,24960,RENT,13.0,VENTURE,A,4000,5.42,0.16,0,6
22,50000,RENT,0.0,EDUCATION,A,9200,6.92,0.18,0,4
27,65000,MORTGAGE,3.0,DEBTCONSOLIDATION,B,15000,10.75,0.23,0,5
22,38000,RENT,2.0,DEBTCONSOLIDATION,F,6400,20.62,0.17,0,3
22,120000,MORTGAGE,4.0,EDUCATION,A,6000,8.9,0.05,0,3
24,41745,RENT,2.0,PERSONAL,A,3200,9.63,0.08,0,3
22,48000,RENT,1.0,EDUCATION,B,7200,9.62,0.15,0,3
25,52500,MORTGAGE,4.0,DEBTCONSOLIDATION,A,9000,7.88,0.17,0,4
23,50000,RENT,3.0,EDUCATION,B,10000,9.91,0.2,0,3
23,28800,RENT,5.0,PERSONAL,B,2800,10.38,0.1,0,2
22,60000,MORTGAGE,4.0,DEBTCONSOLIDATION,A,5000,6.54,0.08,0,3
25,41004,OWN,1.0,PERSONAL,B,12000,10.99,0.29,0,2
21,65000,RENT,0.0,DEBTCONSOLIDATION,B,12000,11.71,0.18,0,4
43,36000,MORTGAGE,5.0,VENTURE,B,5000,9.91,0.14,0,17
22,51500,MORTGAGE,6.0,EDUCATION,B,7500,9.88,0.15,0,3
23,46300,RENT,0.0,PERSONAL,A,1675,6.54,0.04,0,3
31,121000,MORTGAGE,2.0,VENTURE,D,12000,16.29,0.1,1,6
27,110000,MORTGAGE,8.0,VENTURE,B,30000,11.11,0.27,0,6
22,92000,RENT,6.0,VENTURE,F,20000,15.65,0.22,1,2
21,28000,RENT,1.0,HOMEIMPROVEMENT,C,9700,11.34,0.35,0,2
36,80000,MORTGAGE,0.0,EDUCATION,B,15000,10.71,0.19,0,14
25,50000,MORTGAGE,6.0,PERSONAL,A,12800,7.49,0.26,0,4
30,140000,MORTGAGE,2.0,HOMEIMPROVEMENT,E,15000,16.35,0.11,0,5
50,56100,RENT,3.0,MEDICAL,D,6000,16.49,0.09,1,14
35,45000,MORTGAGE,16.0,MEDICAL,C,6500,13.98,0.14,0,10
55,34000,RENT,0.0,DEBTCONSOLIDATION,A,12000,6.92,0.35,0,30
34,60000,RENT,14.0,MEDICAL,C,10000,13.57,0.17,0,6
23,24000,RENT,4.0,EDUCATION,C,12250,13.16,0.51,0,3
28,100000,MORTGAGE,3.0,MEDICAL,C,8000,13.98,0.08,1,6
31,25000,MORTGAGE,4.0,DEBTCONSOLIDATION,A,3000,8.9,0.12,0,8
28,27500,MORTGAGE,13.0,VENTURE,A,15000,6.54,0.55,0,10
36,40800,MORTGAGE,7.0,HOMEIMPROVEMENT,D,7200,16.32,0.18,1,11
35,68324,RENT,3.0,MEDICAL,C,15600,12.84,0.23,1,8
33,160000,MORTGAGE,3.0,DEBTCONSOLIDATION,B,22000,10.75,0.14,0,9
28,40200,MORTGAGE,5.0,EDUCATION,A,1900,5.99,0.05,0,10
22,58200,MORTGAGE,1.0,EDUCATION,C,10000,12.53,0.17,0,2
27,51996,OWN,8.0,DEBTCONSOLIDATION,D,9600,14.09,0.18,0,9
28,35500,MORTGAGE,12.0,VENTURE,A,9600,5.42,0.27,0,8
35,125000,RENT,6.0,DEBTCONSOLIDATION,C,7000,13.06,0.06,1,5
28,38000,OWN,13.0,VENTURE,A,6425,5.42,0.17,0,8
31,55000,RENT,2.0,EDUCATION,A,3600,7.51,0.07,0,7
25,75000,MORTGAGE,5.0,EDUCATION,A,5800,7.49,0.08,0,2
31,130000,RENT,6.0,VENTURE,D,12000,16.49,0.09,0,10
23,48000,RENT,7.0,DEBTCONSOLIDATION,C,3500,13.98,0.07,0,4
23,34900,MORTGAGE,2.0,MEDICAL,F,4000,18.535,0.11,1,4
28,138996,MORTGAGE,3.0,PERSONAL,C,20000,13.79,0.14,1,9
22,18204,RENT,2.0,DEBTCONSOLIDATION,B,2500,11.89,0.14,0,4
34,948000,MORTGAGE,18.0,PERSONAL,B,2000,9.99,0.0,0,7
32,31000,RENT,0.0,EDUCATION,B,5000,11.49,0.16,0,8
22,30000,OWN,3.0,MEDICAL,B,7200,10.99,0.24,0,2
25,75000,MORTGAGE,1.0,MEDICAL,A,8000,7.51,0.11,0,3
22,57400,MORTGAGE,0.0,EDUCATION,A,10500,7.75,0.18,0,3
41,113000,RENT,1.0,VENTURE,D,12000,16.0,0.11,1,15
28,60000,MORTGAGE,13.0,VENTURE,A,8650,8.9,0.14,0,10
39,95000,MORTGAGE,3.0,HOMEIMPROVEMENT,D,20000,14.84,0.21,1,11
33,50000,RENT,5.0,EDUCATION,C,3600,13.8,0.07,0,5
21,120000,RENT,4.0,DEBTCONSOLIDATION,B,10000,9.99,0.08,0,3
34,42000,MORTGAGE,7.0,MEDICAL,B,7500,11.11,0.18,0,7
29,165000,MORTGAGE,13.0,VENTURE,A,10000,6.03,0.06,0,10
27,75288,MORTGAGE,12.0,MEDICAL,B,18050,10.0,0.24,0,10
24,26400,MORTGAGE,0.0,DEBTCONSOLIDATION,A,6000,8.9,0.23,0,4
25,31200,RENT,8.0,DEBTCONSOLIDATION,C,14700,12.29,0.47,0,4
33,65000,RENT,4.0,VENTURE,A,1000,7.49,0.02,0,9
22,44000,MORTGAGE,4.0,MEDICAL,D,16000,14.74,0.36,1,3
22,58000,RENT,0.0,EDUCATION,A,17475,7.51,0.3,0,3
28,56000,MORTGAGE,4.0,DEBTCONSOLIDATION,A,15000,7.49,0.27,0,9
26,30000,RENT,3.0,EDUCATION,C,8000,12.61,0.27,1,4
25,62500,RENT,9.0,EDUCATION,A,4000,8.9,0.06,0,3
23,70000,RENT,3.0,PERSONAL,B,19425,11.11,0.28,0,3
28,36000,RENT,0.0,MEDICAL,C,8000,12.84,0.22,0,6
41,36000,RENT,5.0,DEBTCONSOLIDATION,A,10000,6.03,0.28,0,15
26,46000,MORTGAGE,8.0,HOMEIMPROVEMENT,B,7000,9.99,0.15,0,3
35,60000,RENT,0.0,HOMEIMPROVEMENT,C,4000,13.98,0.07,1,7
26,75000,RENT,5.0,MEDICAL,A,20000,6.91,0.27,0,4
27,49000,RENT,11.0,DEBTCONSOLIDATION,B,25000,11.36,0.51,0,5
39,84000,OWN,12.0,EDUCATION,A,9875,7.51,0.12,0,15
23,29100,RENT,3.0,EDUCATION,D,5000,14.84,0.17,0,2
22,81000,MORTGAGE,6.0,EDUCATION,B,24000,9.88,0.3,0,2
27,46800,MORTGAGE,5.0,HOMEIMPROVEMENT,B,6000,9.99,0.13,0,7
30,69000,MORTGAGE,3.0,HOMEIMPROVEMENT,C,8500,13.48,0.12,0,5
24,30000,RENT,2.0,VENTURE,A,3000,7.49,0.1,0,3
25,50000,MORTGAGE,4.0,DEBTCONSOLIDATION,A,6000,6.76,0.12,0,2
24,120000,RENT,3.0,MEDICAL,A,10000,7.88,0.08,0,2
23,129600,OWN,7.0,PERSONAL,A,13500,5.42,0.1,0,2
22,56004,MORTGAGE,6.0,MEDICAL,B,6000,11.86,0.11,0,3
27,75000,MORTGAGE,11.0,HOMEIMPROVEMENT,A,10000,7.49,0.13,0,7
23,65000,MORTGAGE,3.0,VENTURE,A,7000,7.9,0.11,0,4
21,24396,MORTGAGE,2.0,VENTURE,D,4000,15.05,0.16,0,4
24,48000,OWN,5.0,VENTURE,A,4400,5.99,0.09,0,4
25,53004,OWN,9.0,EDUCATION,B,2000,10.75,0.04,0,4
23,72000,MORTGAGE,7.0,VENTURE,B,2400,12.69,0.03,0,2
30,96000,MORTGAGE,11.0,MEDICAL,B,12000,9.99,0.13,0,7
37,55000,RENT,19.0,DEBTCONSOLIDATION,B,30000,9.91,0.55,0,15
31,26400,RENT,2.0,VENTURE,C,3250,13.48,0.12,0,8
33,14076,RENT,4.0,EDUCATION,A,4800,6.76,0.34,0,8
35,27996,RENT,14.0,MEDICAL,B,8500,11.58,0.3,0,6
29,42000,RENT,1.0,PERSONAL,A,5000,7.49,0.12,0,6
22,60000,MORTGAGE,6.0,EDUCATION,C,2000,12.61,0.03,1,2
23,33500,RENT,2.0,EDUCATION,E,2500,15.68,0.07,1,4
29,40500,MORTGAGE,0.0,EDUCATION,A,6000,8.38,0.15,0,8
26,108000,MORTGAGE,4.0,HOMEIMPROVEMENT,B,7200,9.62,0.07,0,2
28,40500,MORTGAGE,0.0,VENTURE,C,12000,12.23,0.3,1,5
24,35000,RENT,1.0,MEDICAL,B,10000,10.99,0.29,0,2
23,96000,MORTGAGE,2.0,MEDICAL,A,12000,7.49,0.13,0,4
23,62000,MORTGAGE,2.0,VENTURE,A,5000,5.42,0.08,0,3
27,78500,RENT,6.0,EDUCATION,A,8000,8.59,0.1,0,8
29,100000,MORTGAGE,0.0,EDUCATION,C,12025,13.49,0.12,0,9
37,84000,MORTGAGE,11.0,HOMEIMPROVEMENT,C,8225,12.99,0.1,1,11
30,30000,RENT,11.0,MEDICAL,B,1000,10.99,0.03,0,10
34,225000,MORTGAGE,4.0,MEDICAL,C,3000,13.35,0.01,0,10
28,42000,OWN,1.0,VENTURE,C,15000,13.47,0.36,0,9
23,115000,OWN,7.0,EDUCATION,C,5000,14.27,0.04,0,4
23,56000,RENT,2.0,MEDICAL,A,2400,8.9,0.04,0,3
31,86000,RENT,1.0,DEBTCONSOLIDATION,D,25000,16.0,0.29,1,5
24,31200,RENT,2.0,VENTURE,C,8400,13.23,0.27,0,3
25,135000,MORTGAGE,9.0,PERSONAL,D,25000,16.07,0.19,1,4
26,145000,RENT,1.0,DEBTCONSOLIDATION,B,10000,10.99,0.07,0,3
22,120000,MORTGAGE,2.0,EDUCATION,A,17400,7.66,0.14,0,2
28,65000,MORTGAGE,2.0,VENTURE,A,2500,5.99,0.04,0,7
31,40000,MORTGAGE,5.0,HOMEIMPROVEMENT,A,14000,6.03,0.35,0,7
22,51000,RENT,6.0,DEBTCONSOLIDATION,B,15000,11.11,0.29,0,4
31,39000,RENT,0.0,HOMEIMPROVEMENT,D,16450,16.02,0.42,0,10
31,98000,OWN,7.0,MEDICAL,C,5000,15.96,0.05,1,7
22,72000,RENT,3.0,EDUCATION,A,1000,7.88,0.01,0,3
26,74999,RENT,4.0,HOMEIMPROVEMENT,D,16000,17.27,0.21,1,4
36,117000,MORTGAGE,3.0,HOMEIMPROVEMENT,C,20400,13.06,0.17,0,11
27,60000,MORTGAGE,2.0,DEBTCONSOLIDATION,B,15000,11.86,0.25,0,8
22,64000,OWN,6.0,EDUCATION,D,15000,17.49,0.23,1,4
38,95000,MORTGAGE,5.0,EDUCATION,A,4000,9.63,0.04,0,12
22,56000,RENT,7.0,EDUCATION,A,5500,9.38,0.1,0,3
26,38000,MORTGAGE,1.0,HOMEIMPROVEMENT,A,8875,7.51,0.23,0,2
41,381450,MORTGAGE,10.0,MEDICAL,C,35000,13.49,0.09,1,14
31,26900,RENT,1.0,VENTURE,A,8325,7.51,0.31,0,7
23,120000,MORTGAGE,2.0,PERSONAL,D,24250,16.02,0.2,1,4
24,30000,RENT,1.0,MEDICAL,B,4300,9.63,0.14,0,4
22,69000,RENT,5.0,MEDICAL,B,8650,11.49,0.13,0,3
23,24000,RENT,4.0,DEBTCONSOLIDATION,B,5000,10.62,0.21,0,4
21,27700,RENT,5.0,PERSONAL,A,4800,6.62,0.17,0,4
32,65000,RENT,16.0,DEBTCONSOLIDATION,C,12400,13.49,0.19,1,6
21,27200,RENT,0.0,MEDICAL,C,5000,13.48,0.18,0,3
22,19200,RENT,6.0,PERSONAL,B,4400,11.49,0.23,0,2
24,92000,MORTGAGE,9.0,PERSONAL,E,25000,17.93,0.27,1,2
26,87000,MORTGAGE,0.0,PERSONAL,B,15000,10.62,0.17,0,4
21,39327,RENT,5.0,MEDICAL,D,3000,13.67,0.08,0,2
24,65000,RENT,1.0,MEDICAL,A,4000,5.42,0.06,0,2
27,51996,RENT,7.0,HOMEIMPROVEMENT,C,7600,14.17,0.15,0,8
46,105000,RENT,4.0,EDUCATION,A,6000,7.14,0.06,0,16
23,54000,RENT,4.0,MEDICAL,B,5200,11.71,0.1,0,2
31,70000,RENT,0.0,VENTURE,B,9000,10.0,0.13,0,5
33,36000,MORTGAGE,17.0,PERSONAL,B,6250,12.69,0.17,0,6
40,84000,MORTGAGE,4.0,HOMEIMPROVEMENT,C,17925,14.26,0.21,0,16
47,65000,RENT,2.0,EDUCATION,B,9500,11.89,0.15,0,14
35,24996,RENT,0.0,VENTURE,A,5000,8.49,0.2,0,6
25,78000,RENT,5.0,HOMEIMPROVEMENT,C,3200,12.99,0.04,1,4
22,42000,RENT,1.0,PERSONAL,D,20000,12.99,0.48,0,3
22,60000,MORTGAGE,6.0,PERSONAL,A,2000,6.54,0.03,0,3
33,60000,RENT,2.0,PERSONAL,B,8000,12.53,0.13,0,6
41,50000,RENT,0.0,PERSONAL,B,6000,8.88,0.12,0,17
32,115000,RENT,2.0,PERSONAL,B,4000,12.69,0.03,0,8
24,48000,RENT,4.0,DEBTCONSOLIDATION,A,8000,7.51,0.17,0,4
26,100800,MORTGAGE,7.0,EDUCATION,B,8000,11.99,0.08,0,3
39,44500,RENT,5.0,MEDICAL,A,6000,7.88,0.13,0,17
30,265000,MORTGAGE,3.0,HOMEIMPROVEMENT,D,24000,14.96,0.09,1,7
32,132000,MORTGAGE,16.0,HOMEIMPROVEMENT,B,25000,10.99,0.19,0,7
22,60000,RENT,6.0,EDUCATION,B,2000,9.63,0.03,0,2
25,60000,RENT,3.0,PERSONAL,B,24000,10.99,0.4,0,4
24,60000,MORTGAGE,0.0,PERSONAL,B,15000,11.89,0.25,0,2
31,24000,OWN,0.0,VENTURE,B,6200,11.14,0.26,0,10
22,38423,MORTGAGE,6.0,EDUCATION,A,2000,8.49,0.05,0,3
24,41280,RENT,3.0,VENTURE,D,11000,15.28,0.27,0,3
22,36000,RENT,3.0,VENTURE,C,15000,13.85,0.42,0,3
25,55000,RENT,9.0,EDUCATION,B,9000,10.99,0.16,0,4
25,40000,MORTGAGE,9.0,DEBTCONSOLIDATION,C,3500,13.49,0.09,0,3
33,34500,OWN,0.0,PERSONAL,B,10000,9.63,0.29,0,7
22,52000,MORTGAGE,0.0,DEBTCONSOLIDATION,A,3000,7.05,0.06,0,2
33,58800,RENT,10.0,VENTURE,B,3000,11.49,0.05,0,5
35,82008,MORTGAGE,7.0,HOMEIMPROVEMENT,A,7200,6.62,0.09,0,7
38,35000,RENT,0.0,DEBTCONSOLIDATION,B,5600,11.11,0.16,0,17
22,55000,MORTGAGE,7.0,MEDICAL,B,13500,9.67,0.25,0,2
24,40000,RENT,3.0,MEDICAL,A,10000,7.49,0.25,0,2
28,57600,RENT,1.0,PERSONAL,B,3300,10.99,0.06,0,8
24,35000,RENT,0.0,VENTURE,C,6000,13.98,0.17,1,4
23,65748,MORTGAGE,6.0,EDUCATION,A,8800,9.63,0.13,0,3
23,29124,RENT,3.0,EDUCATION,B,1600,10.83,0.05,0,4
31,78000,MORTGAGE,1.0,HOMEIMPROVEMENT,C,20000,14.26,0.26,1,10
23,75000,RENT,0.0,VENTURE,B,10000,11.49,0.13,0,4
23,79416,RENT,7.0,VENTURE,D,25000,15.21,0.31,1,2
27,30000,RENT,8.0,DEBTCONSOLIDATION,B,11000,9.91,0.37,0,10
24,82000,RENT,7.0,PERSONAL,B,17400,11.99,0.21,0,4
24,32000,RENT,4.0,MEDICAL,A,12000,7.51,0.38,0,2
34,58000,MORTGAGE,18.0,HOMEIMPROVEMENT,A,4000,5.42,0.07,0,8
24,95000,RENT,3.0,HOMEIMPROVEMENT,B,6000,10.99,0.06,0,4
21,40116,RENT,2.0,VENTURE,A,6500,5.79,0.16,0,3
30,95000,MORTGAGE,6.0,DEBTCONSOLIDATION,A,12000,8.94,0.13,0,6
24,70000,RENT,0.0,MEDICAL,A,10000,7.29,0.14,0,3
22,30000,RENT,1.0,DEBTCONSOLIDATION,E,6400,16.0,0.21,0,3
25,80000,MORTGAGE,2.0,EDUCATION,B,22000,11.48,0.28,0,3
29,92000,MORTGAGE,6.0,EDUCATION,B,24000,10.99,0.26,0,6
24,89908,RENT,1.0,VENTURE,B,24250,12.53,0.27,0,3
27,51456,OWN,3.0,PERSONAL,B,8000,10.62,0.16,0,7
23,32000,RENT,0.0,HOMEIMPROVEMENT,C,7000,14.26,0.22,0,4
21,20245,OWN,5.0,VENTURE,A,3550,7.49,0.18,0,4
36,53800,MORTGAGE,20.0,DEBTCONSOLIDATION,D,18200,18.25,0.34,1,12
37,35028,RENT,3.0,MEDICAL,C,5000,13.47,0.14,1,17
22,130000,MORTGAGE,1.0,VENTURE,A,13000,8.94,0.1,0,4
32,84456,RENT,5.0,HOMEIMPROVEMENT,B,10000,9.88,0.12,0,7
44,200000,MORTGAGE,4.0,VENTURE,A,20000,7.51,0.1,0,11
25,26004,RENT,8.0,DEBTCONSOLIDATION,A,7000,6.92,0.27,0,3
22,29996,MORTGAGE,3.0,EDUCATION,C,5400,12.84,0.18,0,4
46,140000,RENT,12.0,VENTURE,B,3725,10.99,0.03,0,17
27,36400,RENT,5.0,MEDICAL,A,9000,7.49,0.25,0,8
23,57738,MORTGAGE,7.0,EDUCATION,A,7000,7.14,0.12,0,4
24,72000,MORTGAGE,2.0,HOMEIMPROVEMENT,A,6000,7.49,0.08,0,2
27,59004,RENT,3.0,EDUCATION,D,10000,16.32,0.17,1,6
31,36000,RENT,4.0,MEDICAL,B,8000,10.65,0.22,0,6
23,63300,RENT,3.0,DEBTCONSOLIDATION,A,2400,7.9,0.04,0,4
25,120000,MORTGAGE,9.0,MEDICAL,A,5000,8.49,0.04,0,3
30,60000,MORTGAGE,14.0,VENTURE,A,8000,7.51,0.13,0,10
28,74000,OWN,12.0,VENTURE,D,5450,12.67,0.07,1,6
24,70000,RENT,4.0,VENTURE,C,14400,12.68,0.21,0,4
25,50000,RENT,9.0,EDUCATION,C,20000,13.43,0.4,0,2
28,57360,MORTGAGE,3.0,EDUCATION,B,23000,10.99,0.4,0,7
31,80000,MORTGAGE,5.0,VENTURE,A,6000,7.4,0.07,0,9
23,21000,OWN,2.0,EDUCATION,C,6000,15.27,0.29,0,2
25,37560,OWN,4.0,HOMEIMPROVEMENT,B,5000,10.99,0.13,0,3
22,50000,OWN,6.0,MEDICAL,A,15000,8.63,0.3,0,2
34,16800,OWN,0.0,PERSONAL,C,1600,13.72,0.1,1,5
22,100000,RENT,2.0,EDUCATION,C,8450,12.99,0.08,1,2
24,31944,RENT,8.0,MEDICAL,C,7200,13.79,0.23,0,2
27,118000,MORTGAGE,3.0,PERSONAL,A,10000,6.17,0.08,0,6
22,28080,RENT,5.0,VENTURE,E,15250,16.7,0.54,0,4
41,32496,RENT,4.0,EDUCATION,B,2000,10.99,0.06,0,12
29,30000,RENT,0.0,PERSONAL,B,12000,10.36,0.4,0,7
28,66300,MORTGAGE,11.0,MEDICAL,D,12000,14.11,0.15,0,6
28,33000,RENT,12.0,MEDICAL,C,8500,13.99,0.26,0,9
35,55000,MORTGAGE,7.0,EDUCATION,B,1450,10.59,0.03,0,5
25,78000,MORTGAGE,9.0,EDUCATION,A,8000,7.9,0.1,0,4
21,62000,MORTGAGE,2.0,DEBTCONSOLIDATION,A,6000,7.51,0.1,0,2
29,174996,MORTGAGE,8.0,EDUCATION,D,25000,15.28,0.14,1,10
27,72000,MORTGAGE,4.0,DEBTCONSOLIDATION,B,24000,10.99,0.33,0,9
25,22800,RENT,4.0,MEDICAL,B,6000,10.99,0.26,0,3
27,60000,RENT,1.0,VENTURE,C,10000,13.22,0.17,0,7
26,108000,MORTGAGE,8.0,HOMEIMPROVEMENT,B,15000,11.49,0.14,0,3
26,125000,RENT,1.0,MEDICAL,C,11000,12.98,0.09,1,4
23,45000,MORTGAGE,3.0,EDUCATION,C,16750,12.53,0.37,1,3
25,31008,RENT,2.0,DEBTCONSOLIDATION,C,12000,13.79,0.39,0,4
31,57000,MORTGAGE,10.0,EDUCATION,B,8000,9.88,0.14,0,9
21,45000,MORTGAGE,4.0,EDUCATION,A,5000,7.14,0.11,0,4
29,34000,RENT,13.0,MEDICAL,C,2000,14.72,0.06,1,7
25,25000,RENT,1.0,HOMEIMPROVEMENT,B,8000,12.42,0.32,0,3
30,120000,RENT,3.0,PERSONAL,E,10000,17.04,0.08,0,10
26,54396,RENT,10.0,MEDICAL,C,4500,13.48,0.08,0,3
36,61000,MORTGAGE,2.0,VENTURE,B,10000,10.25,0.16,0,14
26,96000,MORTGAGE,3.0,EDUCATION,C,12000,13.11,0.13,0,4
36,53126,RENT,1.0,MEDICAL,D,8000,15.31,0.15,0,14
22,65000,RENT,0.0,EDUCATION,A,3000,6.99,0.05,0,4
25,114000,MORTGAGE,4.0,EDUCATION,A,10000,9.32,0.09,0,4
